supplier;supplier_sku;product_code;name;description;category;brand;purchase_price_without_vat;vat_rate;unit;source_url;availability_note;metadata_json
Krannich Solar;1752658;1752658;AXIstorage Li SV2 10.1kWh;Kompletní baterie 10,65 kWh;Baterie;AXITEC;55618.83;21;ks;https://shop.krannich-solar.com/cs-cz/AXIstorage-Li-SV2-10.1kWh/1752658;0 ks na skladě, možné naskladnění: 22.07.2026;"{""categories"":[""Baterie""],""price_raw"":""55 618,83 Kč*"",""price_per_wp_raw"":"""",""price_per_wp_czk_without_vat"":null,""properties"":{""Využitelná kapacita (kWh)"":""10.10""},""image_url"":""https://cdn.shop.krannich-solar.com/media/48/99/90/1773849185/1752658_0_c_a_0_0ca0bae7f21b412c8dcb5bbd15cf1e745c057797_det_sb_ac_axistorage_li_sv2_10.1.jpg.jpg?width=3000"",""has_quantity_discount"":false,""scraped_at"":""2026-07-04T09:59:07.949Z""}"
Krannich Solar;1752659;1752659;AXIstorage Li SV2 13.5kWh;Kompletní baterie 14,20 kWh;Baterie;AXITEC;70554.9;21;ks;https://shop.krannich-solar.com/cs-cz/AXIstorage-Li-SV2-13.5kWh/1752659;0 ks na skladě, možné naskladnění: 22.07.2026;"{""categories"":[""Baterie""],""price_raw"":""70 554,90 Kč*"",""price_per_wp_raw"":"""",""price_per_wp_czk_without_vat"":null,""properties"":{""Využitelná kapacita (kWh)"":""13.50""},""image_url"":""https://cdn.shop.krannich-solar.com/media/52/eb/be/1773849186/1752659_e_a_f_0_eaf038e165cf0882816074c4ebd5006154a85a5c_det_sb_ac_axistorage_li_sv2_13.5.jpg.jpg?width=3000"",""has_quantity_discount"":false,""scraped_at"":""2026-07-04T09:59:07.949Z""}"
Krannich Solar;1756581;1756581;AXIstorage Li SV2 16.9 kWh;Kompletní baterie 17,76 kWh;Baterie;AXITEC;85490.96;21;ks;https://shop.krannich-solar.com/cs-cz/AXIstorage-Li-SV2-16.9-kWh/1756581;0 ks na skladě, možné naskladnění: 22.07.2026;"{""categories"":[""Baterie""],""price_raw"":""85 490,96 Kč*"",""price_per_wp_raw"":"""",""price_per_wp_czk_without_vat"":null,""properties"":{""Využitelná kapacita (kWh)"":""16.90""},""image_url"":""https://cdn.shop.krannich-solar.com/media/f8/22/91/1773849182/1756581_e_a_f_0_eaf038e165cf0882816074c4ebd5006154a85a5c_det_sb_ac_axistorage_li_sv2_13.5.jpg.jpg?width=3000"",""has_quantity_discount"":false,""scraped_at"":""2026-07-04T09:59:07.949Z""}"
Krannich Solar;1752657;1752657;AXIstorage Li SV2 6.7kWh;Kompletní baterie 7,10 kWh;Baterie;AXITEC;40682.77;21;ks;https://shop.krannich-solar.com/cs-cz/AXIstorage-Li-SV2-6.7kWh/1752657;0 ks na skladě, možné naskladnění: 22.07.2026;"{""categories"":[""Baterie""],""price_raw"":""40 682,77 Kč*"",""price_per_wp_raw"":"""",""price_per_wp_czk_without_vat"":null,""properties"":{""Využitelná kapacita (kWh)"":""6.70""},""image_url"":""https://cdn.shop.krannich-solar.com/media/bb/79/1c/1773847538/1752657_4_8_d_5_48d50def9af9ce5e86b1ac4dcfb2a3df597ce041_det_sb_ac_axistorage_li_sv2_6.7.jpg.jpg?width=3000"",""has_quantity_discount"":false,""scraped_at"":""2026-07-04T09:59:07.949Z""}"
Krannich Solar;1752359;1752359;AXIstorage Li SV2 BMS;BMS jednotka pro baterie AXIstorage Li SV2;Baterie;AXITEC;10920.02;21;ks;https://shop.krannich-solar.com/cs-cz/AXIstorage-Li-SV2-BMS/1752359;0 ks na skladě, možné naskladnění: 22.07.2026;"{""categories"":[""Baterie""],""price_raw"":""10 920,02 Kč*"",""price_per_wp_raw"":"""",""price_per_wp_czk_without_vat"":null,""properties"":{},""image_url"":""https://cdn.shop.krannich-solar.com/media/5c/af/ec/1773847538/1752359_9_1_3_0_91300e54ebd971465defc2bd3b205f39b093b1e4_det_sba_ac_li_sv2_battery_management_system.jpg.jpg?width=3000"",""has_quantity_discount"":false,""scraped_at"":""2026-07-04T09:59:07.949Z""}"
Krannich Solar;1750761;1750761;AXIstorage Li SV2 Modul;Bateriový modul pro baterie AXIstorage Li SV2;Baterie;AXITEC;15086.9;21;ks;https://shop.krannich-solar.com/cs-cz/AXIstorage-Li-SV2-Modul/1750761;0 ks na skladě, možné naskladnění: 22.07.2026;"{""categories"":[""Baterie""],""price_raw"":""15 086,90 Kč*"",""price_per_wp_raw"":"""",""price_per_wp_czk_without_vat"":null,""properties"":{""Využitelná kapacita (kWh)"":""3.37""},""image_url"":""https://cdn.shop.krannich-solar.com/media/99/c9/c9/1773847538/1750761_2_e_d_9_2ed93c2feb5feb1fab062836991d1befcd347719_det_sb_ac_li_sv2__3.37_kwh_.jpg.jpg?width=3000"",""has_quantity_discount"":false,""scraped_at"":""2026-07-04T09:59:07.949Z""}"
Krannich Solar;1762036;1762036;AXIstorage Li SV3 14.6;Kompletní baterie 15,36 kWh;Baterie;AXITEC;71550.12;21;ks;https://shop.krannich-solar.com/cs-cz/AXIstorage-Li-SV3-14.6/1762036;0 ks na skladě, možné naskladnění: 22.07.2026;"{""categories"":[""Baterie""],""price_raw"":""71 550,12 Kč*"",""price_per_wp_raw"":"""",""price_per_wp_czk_without_vat"":null,""properties"":{""Využitelná kapacita (kWh)"":""14.60""},""image_url"":""https://cdn.shop.krannich-solar.com/media/7b/ac/41/1773847536/1762036_5_e_0_6_5e0625d2e64c4aa4bef62df5a9311594509eef3f_det_sb_ac_axistorage_li_sv3_14.6.png.png?width=3000"",""has_quantity_discount"":false,""scraped_at"":""2026-07-04T09:59:07.948Z""}"
Krannich Solar;1762037;1762037;AXIstorage Li SV3 19.4;Kompletní baterie 20,48 kWh;Baterie;AXITEC;91606.81;21;ks;https://shop.krannich-solar.com/cs-cz/AXIstorage-Li-SV3-19.4/1762037;0 ks na skladě, možné naskladnění: 22.07.2026;"{""categories"":[""Baterie""],""price_raw"":""91 606,81 Kč*"",""price_per_wp_raw"":"""",""price_per_wp_czk_without_vat"":null,""properties"":{""Využitelná kapacita (kWh)"":""19.40""},""image_url"":""https://cdn.shop.krannich-solar.com/media/c9/7e/97/1773847536/1762037_5_8_d_f_58dfce0f934d2391f18e37e0e9d08db84bad4aee_det_sb_ac_axistorage_li_sv3_19.4.png.png?width=3000"",""has_quantity_discount"":false,""scraped_at"":""2026-07-04T09:59:07.948Z""}"
Krannich Solar;1762038;1762038;AXIstorage Li SV3 24.3;Kompletní baterie 25,60 kWh;Baterie;AXITEC;111663.74;21;ks;https://shop.krannich-solar.com/cs-cz/AXIstorage-Li-SV3-24.3/1762038;0 ks na skladě, možné naskladnění: 22.07.2026;"{""categories"":[""Baterie""],""price_raw"":""111 663,74 Kč*"",""price_per_wp_raw"":"""",""price_per_wp_czk_without_vat"":null,""properties"":{""Využitelná kapacita (kWh)"":""24.30""},""image_url"":""https://cdn.shop.krannich-solar.com/media/8d/e7/49/1773847537/1762038_b_a_c_1_bac1888c6900c8dc30cd7d0613b68a02f046db15_det_sb_ac_axistorage_li_sv3_24.3.png.png?width=3000"",""has_quantity_discount"":false,""scraped_at"":""2026-07-04T09:59:07.948Z""}"
Krannich Solar;1762039;1762039;AXIstorage Li SV3 29.1;Kompletní baterie 30,72 kWh;Baterie;AXITEC;131720.43;21;ks;https://shop.krannich-solar.com/cs-cz/AXIstorage-Li-SV3-29.1/1762039;0 ks na skladě, možné naskladnění: 22.07.2026;"{""categories"":[""Baterie""],""price_raw"":""131 720,43 Kč*"",""price_per_wp_raw"":"""",""price_per_wp_czk_without_vat"":null,""properties"":{""Využitelná kapacita (kWh)"":""29.10""},""image_url"":""https://cdn.shop.krannich-solar.com/media/32/59/91/1773847537/1762039_a_4_e_a_a4ea097c8c25073de80ac9c76f1f2d8cc3f87bb4_det_sb_ac_axistorage_li_sv3_29.1.png.png?width=3000"",""has_quantity_discount"":false,""scraped_at"":""2026-07-04T09:59:07.948Z""}"
Krannich Solar;1762040;1762040;AXIstorage Li SV3 34.0;Kompletní baterie 35,84 kWh;Baterie;AXITEC;151777.37;21;ks;https://shop.krannich-solar.com/cs-cz/AXIstorage-Li-SV3-34.0/1762040;0 ks na skladě, možné naskladnění: 22.07.2026;"{""categories"":[""Baterie""],""price_raw"":""151 777,37 Kč*"",""price_per_wp_raw"":"""",""price_per_wp_czk_without_vat"":null,""properties"":{""Využitelná kapacita (kWh)"":""34.00""},""image_url"":""https://cdn.shop.krannich-solar.com/media/1c/14/e6/1773847537/1762040_0_8_f_8_08f8d77d94c4b61c42aa36b61187bc14db9a5084_det_sb_ac_axistorage_li_sv3_34.0.png.png?width=3000"",""has_quantity_discount"":false,""scraped_at"":""2026-07-04T09:59:05.553Z""}"
Krannich Solar;1762035;1762035;AXIstorage Li SV3 9.7;Kompletní baterie 10,24 kWh;Baterie;AXITEC;51493.18;21;ks;https://shop.krannich-solar.com/cs-cz/AXIstorage-Li-SV3-9.7/1762035;0 ks na skladě, možné naskladnění: 22.07.2026;"{""categories"":[""Baterie""],""price_raw"":""51 493,18 Kč*"",""price_per_wp_raw"":"""",""price_per_wp_czk_without_vat"":null,""properties"":{""Využitelná kapacita (kWh)"":""9.70""},""image_url"":""https://cdn.shop.krannich-solar.com/media/da/52/37/1773849182/1762035_e_0_d_f_e0df757a90d28a5bf761fda64e12684f140eab5d_det_sb_ac_axistorage_li_sv3_9.7.png.png?width=3000"",""has_quantity_discount"":false,""scraped_at"":""2026-07-04T09:59:07.948Z""}"
Krannich Solar;1761828;1761828;AXIstorage Li SV3 BMS;BMS jednotka pro baterie AXIstorage Li SV3;Baterie;AXITEC;11494.5;21;ks;https://shop.krannich-solar.com/cs-cz/AXIstorage-Li-SV3-BMS/1761828;0 ks na skladě, možné naskladnění: 22.07.2026;"{""categories"":[""Baterie""],""price_raw"":""11 494,50 Kč*"",""price_per_wp_raw"":"""",""price_per_wp_czk_without_vat"":null,""properties"":{},""image_url"":""https://cdn.shop.krannich-solar.com/media/c0/a4/bc/1773847535/1761828_6_9_4_5_6945347a78935aa095bd52404e16e05fd5026837_det_sba_ac_li_sv3_bms.png.png?width=3000"",""has_quantity_discount"":false,""scraped_at"":""2026-07-04T09:59:07.948Z""}"
Krannich Solar;1761826;1761826;AXIstorage Li SV3 Modul;Bateriový modul pro baterie AXIstorage Li SV3;Baterie;AXITEC;20259.42;21;ks;https://shop.krannich-solar.com/cs-cz/AXIstorage-Li-SV3-Modul/1761826;0 ks na skladě, možné naskladnění: 22.07.2026;"{""categories"":[""Baterie""],""price_raw"":""20 259,42 Kč*"",""price_per_wp_raw"":"""",""price_per_wp_czk_without_vat"":null,""properties"":{""Využitelná kapacita (kWh)"":""4.86""},""image_url"":""https://cdn.shop.krannich-solar.com/media/72/af/35/1773847536/1761826_8_0_b_8_80b8d7e063b13d8e49b707ab5e882582c4c8a9b8_det_sb_ac_li_sv3_4.86kwh.png.png?width=3000"",""has_quantity_discount"":false,""scraped_at"":""2026-07-04T09:59:07.948Z""}"
Krannich Solar;1763470;1763470;B-BOX HV COMBINER BOX PLUS;;Baterie;BYD;6893.06;21;ks;https://shop.krannich-solar.com/cs-cz/B-BOX-HV-COMBINER-BOX-PLUS/1763470;0 ks na skladě, možné naskladnění: 21.07.2026;"{""categories"":[""Baterie""],""price_raw"":""6 893,06 Kč*"",""price_per_wp_raw"":"""",""price_per_wp_czk_without_vat"":null,""properties"":{},""image_url"":""https://cdn.shop.krannich-solar.com/media/c8/a4/ab/1778676730/1763470_8_3_0_d_830d0049b0733e309f01aa5c8247bf1ab3dfcde3_det_sba_byd_combiner_box_plus.png.png?width=3000"",""has_quantity_discount"":false,""scraped_at"":""2026-07-04T09:59:05.552Z""}"
Krannich Solar;1759471;1759471;B-BOX PREMIUM HV BCU + BASE 2.0;BMS pro baterie HVM a HVS;Baterie;BYD;9809.37;21;ks;https://shop.krannich-solar.com/cs-cz/B-BOX-PREMIUM-HV-BCU-BASE-2.0/1759471;5 ks na skladě, možné naskladnění: 26.08.2026;"{""categories"":[""Baterie""],""price_raw"":""9 809,37 Kč*"",""price_per_wp_raw"":"""",""price_per_wp_czk_without_vat"":null,""properties"":{},""image_url"":""https://cdn.shop.krannich-solar.com/media/c3/19/50/1756393581/1759471_e_7_7_a_e77a470e87c2ca7aeea6a6f7a3cde51afdc17c31_det_sba_byd_b_box_premium_hv_bcu2.0_base.png.png?width=3000"",""has_quantity_discount"":false,""scraped_at"":""2026-07-04T09:58:58.272Z""}"
Krannich Solar;1759920;1759920;B-BOX PREMIUM HVM 11.0 kWh;Vysokonapěťový bateriový systém;Baterie;BYD;80861.87;21;ks;https://shop.krannich-solar.com/cs-cz/B-BOX-PREMIUM-HVM-11.0-kWh/1759920;0 ks na skladě, možné naskladnění: 22.09.2026;"{""categories"":[""Baterie""],""price_raw"":""80 861,87 Kč*"",""price_per_wp_raw"":"""",""price_per_wp_czk_without_vat"":null,""properties"":{""Využitelná kapacita (kWh)"":""11.04""},""image_url"":""https://cdn.shop.krannich-solar.com/media/c8/8d/97/1756397187/1759920_0_6_6_a_066a59e65402c568af9ec4d52489a1031ece89bc_det_sb_byd_b_box_hvm_11.0_hvs_10.2.jpg.jpg?width=3000"",""has_quantity_discount"":false,""scraped_at"":""2026-07-04T09:59:17.581Z""}"
Krannich Solar;1759921;1759921;B-BOX PREMIUM HVM 13.8 kWh;Vysokonapěťový bateriový systém;Baterie;BYD;98625;21;ks;https://shop.krannich-solar.com/cs-cz/B-BOX-PREMIUM-HVM-13.8-kWh/1759921;0 ks na skladě, možné naskladnění: 22.09.2026;"{""categories"":[""Baterie""],""price_raw"":""98 625,00 Kč*"",""price_per_wp_raw"":"""",""price_per_wp_czk_without_vat"":null,""properties"":{""Využitelná kapacita (kWh)"":""13.80""},""image_url"":""https://cdn.shop.krannich-solar.com/media/c0/90/74/1756397187/1759921_3_4_2_f_342fe20c3c0926e0cae952af9822b893622c12a9_det_sb_byd_b_box_hvm_13.8_hvs_12.8.jpg.jpg?width=3000"",""has_quantity_discount"":false,""scraped_at"":""2026-07-04T09:59:17.581Z""}"
Krannich Solar;1759922;1759922;B-BOX PREMIUM HVM 16.6 kWh;Vysokonapěťový bateriový systém;Baterie;BYD;116388.13;21;ks;https://shop.krannich-solar.com/cs-cz/B-BOX-PREMIUM-HVM-16.6-kWh/1759922;0 ks na skladě, možné naskladnění: 22.09.2026;"{""categories"":[""Baterie""],""price_raw"":""116 388,13 Kč*"",""price_per_wp_raw"":"""",""price_per_wp_czk_without_vat"":null,""properties"":{""Využitelná kapacita (kWh)"":""16.56""},""image_url"":""https://cdn.shop.krannich-solar.com/media/0f/36/33/1756397185/1759922_f_c_7_8_fc788dc36b62ab728c83ea313d192036c77aaaf6_det_sb_byd_b_box_hvm_16.6.jpg.jpg?width=3000"",""has_quantity_discount"":false,""scraped_at"":""2026-07-04T09:59:17.581Z""}"
Krannich Solar;1759923;1759923;B-BOX PREMIUM HVM 19.3 kWh;Vysokonapěťový bateriový systém;Baterie;BYD;134151.25;21;ks;https://shop.krannich-solar.com/cs-cz/B-BOX-PREMIUM-HVM-19.3-kWh/1759923;0 ks na skladě, možné naskladnění: 22.09.2026;"{""categories"":[""Baterie""],""price_raw"":""134 151,25 Kč*"",""price_per_wp_raw"":"""",""price_per_wp_czk_without_vat"":null,""properties"":{""Využitelná kapacita (kWh)"":""19.32""},""image_url"":""https://cdn.shop.krannich-solar.com/media/b2/32/29/1756397187/1759923_7_3_c_c_73cc2b0dc94083ea5cbf76b5e893ab025a4cc2c5_det_sb_byd_b_box_hvm_19.3.jpg.jpg?width=3000"",""has_quantity_discount"":false,""scraped_at"":""2026-07-04T09:59:17.581Z""}"
Krannich Solar;1731400;1731400;B-BOX PREMIUM HVM 2,76 kWh;Vysokonapěťový bateriový modul;Baterie;BYD;17763.13;21;ks;https://shop.krannich-solar.com/cs-cz/B-BOX-PREMIUM-HVM-2-76-kWh/1731400;2 ks na skladě, možné naskladnění: 22.09.2026;"{""categories"":[""Baterie""],""price_raw"":""17 763,13 Kč*"",""price_per_wp_raw"":"""",""price_per_wp_czk_without_vat"":null,""properties"":{""Využitelná kapacita (kWh)"":""2.76""},""image_url"":""https://cdn.shop.krannich-solar.com/media/aa/60/5b/1750077857/1731400_b_0_7_9_b07996596c2f5c9f6ded7d0e21fa6dcd9e384ffb_det_sb_byd_b_box_hvs_hvm_lvs_module.jpg.jpg?width=3000"",""has_quantity_discount"":false,""scraped_at"":""2026-07-04T09:59:03.070Z""}"
Krannich Solar;1759924;1759924;B-BOX PREMIUM HVM 22.1 kWh;Vysokonapěťový bateriový systém;Baterie;BYD;151914.38;21;ks;https://shop.krannich-solar.com/cs-cz/B-BOX-PREMIUM-HVM-22.1-kWh/1759924;0 ks na skladě, možné naskladnění: 22.09.2026;"{""categories"":[""Baterie""],""price_raw"":""151 914,38 Kč*"",""price_per_wp_raw"":"""",""price_per_wp_czk_without_vat"":null,""properties"":{""Využitelná kapacita (kWh)"":""22.08""},""image_url"":""https://cdn.shop.krannich-solar.com/media/8b/f6/e5/1756397188/1759924_9_d_3_6_9d36c3511592ec27df84600b531ab38e292aad22_det_sb_byd_b_box_hvm_22.1.jpg.jpg?width=3000"",""has_quantity_discount"":false,""scraped_at"":""2026-07-04T09:59:17.581Z""}"
Krannich Solar;1759919;1759919;B-BOX PREMIUM HVM 8.3 kWh;Vysokonapěťový bateriový systém;Baterie;BYD;63098.75;21;ks;https://shop.krannich-solar.com/cs-cz/B-BOX-PREMIUM-HVM-8.3-kWh/1759919;0 ks na skladě, možné naskladnění: 22.09.2026;"{""categories"":[""Baterie""],""price_raw"":""63 098,75 Kč*"",""price_per_wp_raw"":"""",""price_per_wp_czk_without_vat"":null,""properties"":{""Využitelná kapacita (kWh)"":""8.28""},""image_url"":""https://cdn.shop.krannich-solar.com/media/18/2c/8c/1756397186/1759919_c_2_f_3_c2f310dfd66c6a855a5dd5683bed80c527aee572_det_sb_byd_b_box_hvm_8.3_hvs_7.7.jpg.jpg?width=3000"",""has_quantity_discount"":false,""scraped_at"":""2026-07-04T09:59:17.581Z""}"
Krannich Solar;1759927;1759927;B-BOX PREMIUM HVS 10.2 kWh;Vysokonapěťový bateriový systém;Baterie;BYD;75029.26;21;ks;https://shop.krannich-solar.com/cs-cz/B-BOX-PREMIUM-HVS-10.2-kWh/1759927;0 ks na skladě, možné naskladnění: 02.10.2026;"{""categories"":[""Baterie""],""price_raw"":""75 029,26 Kč*"",""price_per_wp_raw"":"""",""price_per_wp_czk_without_vat"":null,""properties"":{""Využitelná kapacita (kWh)"":""10.24""},""image_url"":""https://cdn.shop.krannich-solar.com/media/ef/d8/fe/1756397185/1759927_e_8_d_7_e8d7920c536f83642e18b3809e5a084166a5b39e_det_sb_byd_b_box_hvm_11.0_hvs_10.2.jpg.jpg?width=3000"",""has_quantity_discount"":false,""scraped_at"":""2026-07-04T09:59:17.581Z""}"
Krannich Solar;1759928;1759928;B-BOX PREMIUM HVS 12.8 kWh;Vysokonapěťový bateriový systém;Baterie;BYD;91334.24;21;ks;https://shop.krannich-solar.com/cs-cz/B-BOX-PREMIUM-HVS-12.8-kWh/1759928;0 ks na skladě, možné naskladnění: 02.10.2026;"{""categories"":[""Baterie""],""price_raw"":""91 334,24 Kč*"",""price_per_wp_raw"":"""",""price_per_wp_czk_without_vat"":null,""properties"":{""Využitelná kapacita (kWh)"":""12.80""},""image_url"":""https://cdn.shop.krannich-solar.com/media/63/32/f9/1756397186/1759928_e_8_2_4_e8240e8f59df16c19fa2842b8bfaa612ddee6b3f_det_sb_byd_b_box_hvm_13.8_hvs_12.8.jpg.jpg?width=3000"",""has_quantity_discount"":false,""scraped_at"":""2026-07-04T09:59:17.581Z""}"
Krannich Solar;1731385;1731385;B-BOX PREMIUM HVS 2,56 kWh;Vysokonapěťový bateriový modul;Baterie;BYD;16304.97;21;ks;https://shop.krannich-solar.com/cs-cz/B-BOX-PREMIUM-HVS-2-56-kWh/1731385;0 ks na skladě, možné naskladnění: 02.10.2026;"{""categories"":[""Baterie""],""price_raw"":""16 304,97 Kč*"",""price_per_wp_raw"":"""",""price_per_wp_czk_without_vat"":null,""properties"":{""Využitelná kapacita (kWh)"":""2.56""},""image_url"":""https://cdn.shop.krannich-solar.com/media/5b/fb/3a/1750077854/1731385_d_e_0_e_de0e93b3aa9e884cd8df6e66ed9fa57777eed3ed_sb_byd_b_box_batteriespeichermodul.jpg.jpg?width=3000"",""has_quantity_discount"":false,""scraped_at"":""2026-07-04T09:59:19.968Z""}"
Krannich Solar;1759925;1759925;B-BOX PREMIUM HVS 5.1 kWh;Vysokonapěťový bateriový systém;Baterie;BYD;42419.32;21;ks;https://shop.krannich-solar.com/cs-cz/B-BOX-PREMIUM-HVS-5.1-kWh/1759925;0 ks na skladě, možné naskladnění: 02.10.2026;"{""categories"":[""Baterie""],""price_raw"":""42 419,32 Kč*"",""price_per_wp_raw"":"""",""price_per_wp_czk_without_vat"":null,""properties"":{""Využitelná kapacita (kWh)"":""5.12""},""image_url"":""https://cdn.shop.krannich-solar.com/media/af/2a/34/1756397188/1759925_5_1_4_1_5141024c9ef6cc7acca0b1c9a7a1530cb85b2635_det_sb_byd_b_box_hvs_5.1.jpg.jpg?width=3000"",""has_quantity_discount"":false,""scraped_at"":""2026-07-04T09:59:17.582Z""}"
Krannich Solar;1759926;1759926;B-BOX PREMIUM HVS 7.7 kWh;Vysokonapěťový bateriový systém;Baterie;BYD;58724.29;21;ks;https://shop.krannich-solar.com/cs-cz/B-BOX-PREMIUM-HVS-7.7-kWh/1759926;0 ks na skladě, možné naskladnění: 02.10.2026;"{""categories"":[""Baterie""],""price_raw"":""58 724,29 Kč*"",""price_per_wp_raw"":"""",""price_per_wp_czk_without_vat"":null,""properties"":{""Využitelná kapacita (kWh)"":""7.68""},""image_url"":""https://cdn.shop.krannich-solar.com/media/b2/39/23/1756397189/1759926_d_9_a_f_d9af034b6ca5478ca84d6becd0a555eb70e51b90_det_sb_byd_b_box_hvm_8.3_hvs_7.7.jpg.jpg?width=3000"",""has_quantity_discount"":false,""scraped_at"":""2026-07-04T09:59:17.582Z""}"
Krannich Solar;1750825;1750825;B-BOX PREMIUM LV BATTERY MANAGEMENT UNIT;;Baterie;BYD;2306.42;21;ks;https://shop.krannich-solar.com/cs-cz/B-BOX-PREMIUM-LV-BATTERY-MANAGEMENT-UNIT/1750825;2 ks na skladě, možné naskladnění: 30.09.2026;"{""categories"":[""Baterie""],""price_raw"":""2 306,42 Kč*"",""price_per_wp_raw"":"""",""price_per_wp_czk_without_vat"":null,""properties"":{},""image_url"":""https://cdn.shop.krannich-solar.com/media/0b/de/06/1750077143/1750825_6_3_0_2_630240ed21b11a6ce10a75f3e03a26bff2c05f7a_det_sba_byd_b_box_premium_lvs_bmu_2022.jpg.jpg?width=3000"",""has_quantity_discount"":false,""scraped_at"":""2026-07-04T09:59:03.071Z""}"
Krannich Solar;1750000;1750000;B-BOX PREMIUM LVL 2021 15,36 kWh;Nízkonapěťový bateriový systém;Baterie;BYD;95723;21;ks;https://shop.krannich-solar.com/cs-cz/B-BOX-PREMIUM-LVL-2021-15-36-kWh/1750000;0 ks na skladě, možné naskladnění: 28.10.2026;"{""categories"":[""Baterie""],""price_raw"":""95 723,00 Kč*"",""price_per_wp_raw"":"""",""price_per_wp_czk_without_vat"":null,""properties"":{""Využitelná kapacita (kWh)"":""15.36""},""image_url"":""https://cdn.shop.krannich-solar.com/media/37/94/51/1750077598/1750000_f_2_3_d_f23d39b979287d936b745d9c1f06a84bf91ba43e_det_sb_byd_b_box_lvl.jpg.jpg?width=3000"",""has_quantity_discount"":false,""scraped_at"":""2026-07-04T09:59:22.430Z""}"
Krannich Solar;1731407;1731407;B-BOX PREMIUM LVL BATTERY MANAGEMENT UNIT;;Baterie;BYD;2174.01;21;ks;https://shop.krannich-solar.com/cs-cz/B-BOX-PREMIUM-LVL-BATTERY-MANAGEMENT-UNIT/1731407;0 ks na skladě, možné naskladnění: 05.08.2026;"{""categories"":[""Baterie""],""price_raw"":""2 174,01 Kč*"",""price_per_wp_raw"":"""",""price_per_wp_czk_without_vat"":null,""properties"":{},""image_url"":""https://cdn.shop.krannich-solar.com/media/f2/8e/4a/1750077851/1731407_8_9_a_7_89a7404e5e408a5c2c8ce75b07ebd427cde8d3d8_sba_byd_b_box_premium_lvl_bmu.jpg.jpg?width=3000"",""has_quantity_discount"":false,""scraped_at"":""2026-07-04T09:59:15.139Z""}"
Krannich Solar;1748205;1748205;B-BOX PREMIUM LVL MODULE 2021 15,36 kWh;Nízkonapěťový bateriový modul;Baterie;BYD;94515.84;21;ks;https://shop.krannich-solar.com/cs-cz/B-BOX-PREMIUM-LVL-MODULE-2021-15-36-kWh/1748205;0 ks na skladě, možné naskladnění: 28.10.2026;"{""categories"":[""Baterie""],""price_raw"":""94 515,84 Kč*"",""price_per_wp_raw"":"""",""price_per_wp_czk_without_vat"":null,""properties"":{""Využitelná kapacita (kWh)"":""15.36""},""image_url"":""https://cdn.shop.krannich-solar.com/media/6e/ed/a4/1750077541/1748205_9_c_2_0_9c203c32a5db5258c2e9a7e91bfe714c8bcb8207_det_sb_byd_b_box_lvl.jpg.jpg?width=3000"",""has_quantity_discount"":false,""scraped_at"":""2026-07-04T09:59:22.430Z""}"
Krannich Solar;1750899;1750899;B-BOX PREMIUM LVS 12.0 kWh;Nízkonapěťový bateriový systém;Baterie;BYD;70787.21;21;ks;https://shop.krannich-solar.com/cs-cz/B-BOX-PREMIUM-LVS-12.0-kWh/1750899;2 ks na skladě, možné naskladnění: 30.09.2026;"{""categories"":[""Baterie""],""price_raw"":""70 787,21 Kč*"",""price_per_wp_raw"":"""",""price_per_wp_czk_without_vat"":null,""properties"":{""Využitelná kapacita (kWh)"":""12.00""},""image_url"":""https://cdn.shop.krannich-solar.com/media/61/fb/7f/1773849186/1750899_6_2_e_0_62e093b4901fabec057d9d2155727bf373de6550_det_sb_byd_b_box_lvs_12.0.jpg.jpg?width=3000"",""has_quantity_discount"":false,""scraped_at"":""2026-07-04T09:59:00.665Z""}"
Krannich Solar;1750900;1750900;B-BOX PREMIUM LVS 16,00 kWh;Nízkonapěťový bateriový systém;Baterie;BYD;91864.34;21;ks;https://shop.krannich-solar.com/cs-cz/B-BOX-PREMIUM-LVS-16-00-kWh/1750900;2 ks na skladě, možné naskladnění: 30.09.2026;"{""categories"":[""Baterie""],""price_raw"":""91 864,34 Kč*"",""price_per_wp_raw"":"""",""price_per_wp_czk_without_vat"":null,""properties"":{""Využitelná kapacita (kWh)"":""16.00""},""image_url"":""https://cdn.shop.krannich-solar.com/media/74/8b/0b/1750077145/1750900_5_f_b_0_5fb095af8806fae85bc99f0c5f665888d53d76af_det_sb_byd_b_box_lvs_16.0.jpg.jpg?width=3000"",""has_quantity_discount"":false,""scraped_at"":""2026-07-04T09:59:03.071Z""}"
Krannich Solar;1732855;1732855;B-BOX PREMIUM LVS 4,00 kWh;Nízkonapěťový bateriový modul;Baterie;BYD;21077.13;21;ks;https://shop.krannich-solar.com/cs-cz/B-BOX-PREMIUM-LVS-4-00-kWh/1732855;30 ks na skladě, možné naskladnění: 28.10.2026;"{""categories"":[""Baterie""],""price_raw"":""21 077,13 Kč*"",""price_per_wp_raw"":"""",""price_per_wp_czk_without_vat"":null,""properties"":{""Využitelná kapacita (kWh)"":""4.00""},""image_url"":""https://cdn.shop.krannich-solar.com/media/8a/fe/15/1750077904/1732855_3_e_3_f_3e3f668a3cf79e2609307b2c3ac850f81b0640d8_det_sb_byd_b_box_hvs_hvm_lvs_module.jpg.jpg?width=3000"",""has_quantity_discount"":false,""scraped_at"":""2026-07-04T09:58:53.381Z""}"
Krannich Solar;1750897;1750897;B-BOX PREMIUM LVS 4,00 kWh;Nízkonapěťový bateriový systém;Baterie;BYD;28632.95;21;ks;https://shop.krannich-solar.com/cs-cz/B-BOX-PREMIUM-LVS-4-00-kWh/1750897;2 ks na skladě, možné naskladnění: 30.09.2026;"{""categories"":[""Baterie""],""price_raw"":""28 632,95 Kč*"",""price_per_wp_raw"":"""",""price_per_wp_czk_without_vat"":null,""properties"":{""Využitelná kapacita (kWh)"":""4.00""},""image_url"":""https://cdn.shop.krannich-solar.com/media/17/98/96/1750077150/1750897_e_b_8_6_eb86ead2797e066c0412db7296196f199394b37d_det_sb_byd_b_box_lvs_4.0.jpg.jpg?width=3000"",""has_quantity_discount"":false,""scraped_at"":""2026-07-04T09:59:03.070Z""}"
Krannich Solar;1750898;1750898;B-BOX PREMIUM LVS 8,00 kWh;Nízkonapěťový bateriový systém;Baterie;BYD;49710.08;21;ks;https://shop.krannich-solar.com/cs-cz/B-BOX-PREMIUM-LVS-8-00-kWh/1750898;2 ks na skladě, možné naskladnění: 30.09.2026;"{""categories"":[""Baterie""],""price_raw"":""49 710,08 Kč*"",""price_per_wp_raw"":"""",""price_per_wp_czk_without_vat"":null,""properties"":{""Využitelná kapacita (kWh)"":""8.00""},""image_url"":""https://cdn.shop.krannich-solar.com/media/31/5a/e6/1750077144/1750898_c_5_6_e_c56e658a81cc0b440f8fe33cc4f1ab6a9dd62f03_det_sb_byd_b_box_lvs_8.0.jpg.jpg?width=3000"",""has_quantity_discount"":false,""scraped_at"":""2026-07-04T09:59:03.071Z""}"
Krannich Solar;1732856;1732856;B-BOX PREMIUM LVS POWER DISTRIBUTION UNIT + BASE;;Baterie;BYD;5249.4;21;ks;https://shop.krannich-solar.com/cs-cz/B-BOX-PREMIUM-LVS-POWER-DISTRIBUTION-UNIT-BASE/1732856;7 ks na skladě, možné naskladnění: 30.09.2026;"{""categories"":[""Baterie""],""price_raw"":""5 249,40 Kč*"",""price_per_wp_raw"":"""",""price_per_wp_czk_without_vat"":null,""properties"":{},""image_url"":""https://cdn.shop.krannich-solar.com/media/01/cd/4d/1750077909/1732856_d_9_4_a_d94acf6e272f8fde35bedcc6fb9a78eacd03d36b_Premium_LVS_PDU_und_Base_left.jpg.jpg?width=3000"",""has_quantity_discount"":false,""scraped_at"":""2026-07-04T09:58:58.271Z""}"
Krannich Solar;1761119;1761119;BATTERY-BOX HVB (2,97 kWh);Bateriový modul pro baterie HVB;Baterie;BYD;20758.97;21;ks;https://shop.krannich-solar.com/cs-cz/BATTERY-BOX-HVB-2-97-kWh/1761119;0 ks na skladě, možné naskladnění: 26.08.2026;"{""categories"":[""Baterie""],""price_raw"":""20 758,97 Kč*"",""price_per_wp_raw"":"""",""price_per_wp_czk_without_vat"":null,""properties"":{""Využitelná kapacita (kWh)"":""2.97""},""image_url"":""https://cdn.shop.krannich-solar.com/media/fd/e3/3f/1776265370/1761119_1_d_5_e_1d5ef785fedd8dab2f3542be1abb7d93f5c3b21a_det_sb_byd_b_box_hvb_module.png.png?width=3000"",""has_quantity_discount"":false,""scraped_at"":""2026-07-04T09:59:15.139Z""}"
Krannich Solar;1761505;1761505;BATTERY-BOX HVM+ (2,76 kWh);Bateriový modul pro baterie HVM+;Baterie;BYD;17763.13;21;ks;https://shop.krannich-solar.com/cs-cz/BATTERY-BOX-HVM-2-76-kWh/1761505;0 ks na skladě, možné naskladnění: 28.10.2026;"{""categories"":[""Baterie""],""price_raw"":""17 763,13 Kč*"",""price_per_wp_raw"":"""",""price_per_wp_czk_without_vat"":null,""properties"":{""Využitelná kapacita (kWh)"":""2.76""},""image_url"":""https://cdn.shop.krannich-solar.com/media/c4/92/43/1776265371/1761505_a_d_9_1_ad91de3ad0e50d5e342a90813f5378a9bb98f661_det_sb_byd_b_box_hvm__2.76kwh.png.png?width=3000"",""has_quantity_discount"":false,""scraped_at"":""2026-07-04T09:59:22.430Z""}"
Krannich Solar;1761506;1761506;BATTERY-BOX HVS+ (2,76 kWh);Bateriový modul pro baterie HVS+;Baterie;BYD;16304.97;21;ks;https://shop.krannich-solar.com/cs-cz/BATTERY-BOX-HVS-2-76-kWh/1761506;0 ks na skladě, možné naskladnění: 28.10.2026;"{""categories"":[""Baterie""],""price_raw"":""16 304,97 Kč*"",""price_per_wp_raw"":"""",""price_per_wp_czk_without_vat"":null,""properties"":{""Využitelná kapacita (kWh)"":""2.56""},""image_url"":""https://cdn.shop.krannich-solar.com/media/e6/93/66/1776265372/1761506_9_5_4_8_9548345cc8599d41d8dffe267a2f5a6b42b8db72_det_sb_byd_b_box_hvm__2.76kwh.png.png?width=3000"",""has_quantity_discount"":false,""scraped_at"":""2026-07-04T09:59:22.430Z""}"
Krannich Solar;1761507;1761507;BCU HVB/HVM+/HVS+;BMS jednotka pro baterie HVB/HVM+/HVS+;Baterie;BYD;9544.32;21;ks;https://shop.krannich-solar.com/cs-cz/BCU-HVB-HVM-HVS/1761507;0 ks na skladě, možné naskladnění: 28.10.2026;"{""categories"":[""Baterie""],""price_raw"":""9 544,32 Kč*"",""price_per_wp_raw"":"""",""price_per_wp_czk_without_vat"":null,""properties"":{},""image_url"":""https://cdn.shop.krannich-solar.com/media/30/8e/b6/1776265372/1761507_a_8_f_6_a8f6e37b1cc82153426db80924050cd33231bb2d_det_sba_byd_b_box_bcu_hvb_hvm__hvs_.png.png?width=3000"",""has_quantity_discount"":false,""scraped_at"":""2026-07-04T09:59:22.430Z""}"
Krannich Solar;1761689;1761689;HVB 11.8;Kompletní baterie HVB;Baterie;BYD;92580.2;21;ks;https://shop.krannich-solar.com/cs-cz/HVB-11.8/1761689;0 ks na skladě, možné naskladnění: 28.10.2026;"{""categories"":[""Baterie""],""price_raw"":""92 580,20 Kč*"",""price_per_wp_raw"":"""",""price_per_wp_czk_without_vat"":null,""properties"":{""Využitelná kapacita (kWh)"":""11.88""},""image_url"":""https://cdn.shop.krannich-solar.com/media/41/44/f2/1776265373/1761689_f_e_c_4_fec4f5146d2906784b13dfa934a8b5e2905797cf_det_sb_byd_b_box_hvb_11.8.png.png?width=3000"",""has_quantity_discount"":false,""scraped_at"":""2026-07-04T09:59:22.430Z""}"
Krannich Solar;1761690;1761690;HVB 14.8;Kompletní baterie HVB;Baterie;BYD;113339.17;21;ks;https://shop.krannich-solar.com/cs-cz/HVB-14.8/1761690;0 ks na skladě, možné naskladnění: 28.10.2026;"{""categories"":[""Baterie""],""price_raw"":""113 339,17 Kč*"",""price_per_wp_raw"":"""",""price_per_wp_czk_without_vat"":null,""properties"":{""Využitelná kapacita (kWh)"":""14.85""},""image_url"":""https://cdn.shop.krannich-solar.com/media/f6/b0/bf/1776265373/1761690_f_5_4_5_f54546307c0e7fa2f4efd2ae740f8caf5e205317_det_sb_byd_b_box_hvb_14.8.png.png?width=3000"",""has_quantity_discount"":false,""scraped_at"":""2026-07-04T09:59:19.969Z""}"
Krannich Solar;1761691;1761691;HVB 17.8;Kompletní baterie HVB;Baterie;BYD;134098.15;21;ks;https://shop.krannich-solar.com/cs-cz/HVB-17.8/1761691;0 ks na skladě, možné naskladnění: 28.10.2026;"{""categories"":[""Baterie""],""price_raw"":""134 098,15 Kč*"",""price_per_wp_raw"":"""",""price_per_wp_czk_without_vat"":null,""properties"":{""Využitelná kapacita (kWh)"":""17.82""},""image_url"":""https://cdn.shop.krannich-solar.com/media/65/3b/19/1776265374/1761691_0_2_4_e_024e1ae00d0d12d1c75f451e04034557d9e90a17_det_sb_byd_b_box_hvb_17.8.png.png?width=3000"",""has_quantity_discount"":false,""scraped_at"":""2026-07-04T09:59:19.969Z""}"
Krannich Solar;1761693;1761693;HVB 20.7;Kompletní baterie HVB;Baterie;BYD;154857.12;21;ks;https://shop.krannich-solar.com/cs-cz/HVB-20.7/1761693;0 ks na skladě, možné naskladnění: 28.10.2026;"{""categories"":[""Baterie""],""price_raw"":""154 857,12 Kč*"",""price_per_wp_raw"":"""",""price_per_wp_czk_without_vat"":null,""properties"":{""Využitelná kapacita (kWh)"":""20.79""},""image_url"":""https://cdn.shop.krannich-solar.com/media/7c/4d/31/1776265374/1761693_8_6_7_5_86750edddd0bfab88e2e70e44621d7f42651fedf_det_sb_byd_b_box_hvb_20.7.png.png?width=3000"",""has_quantity_discount"":false,""scraped_at"":""2026-07-04T09:59:19.969Z""}"
Krannich Solar;1761694;1761694;HVB 23.7;Kompletní baterie HVB;Baterie;BYD;175616.09;21;ks;https://shop.krannich-solar.com/cs-cz/HVB-23.7/1761694;0 ks na skladě, možné naskladnění: 28.10.2026;"{""categories"":[""Baterie""],""price_raw"":""175 616,09 Kč*"",""price_per_wp_raw"":"""",""price_per_wp_czk_without_vat"":null,""properties"":{""Využitelná kapacita (kWh)"":""23.76""},""image_url"":""https://cdn.shop.krannich-solar.com/media/49/29/cc/1776265374/1761694_b_3_4_f_b34f78d23d9a6683a06221d09b99c9944549aa54_det_sb_byd_b_box_hvb_23.7.png.png?width=3000"",""has_quantity_discount"":false,""scraped_at"":""2026-07-04T09:59:19.969Z""}"
Krannich Solar;1761695;1761695;HVB 26.7;Kompletní baterie HVB;Baterie;BYD;196375.06;21;ks;https://shop.krannich-solar.com/cs-cz/HVB-26.7/1761695;0 ks na skladě, možné naskladnění: 28.10.2026;"{""categories"":[""Baterie""],""price_raw"":""196 375,06 Kč*"",""price_per_wp_raw"":"""",""price_per_wp_czk_without_vat"":null,""properties"":{""Využitelná kapacita (kWh)"":""26.72""},""image_url"":""https://cdn.shop.krannich-solar.com/media/52/d3/23/1776265375/1761695_6_5_f_6_65f65ab9fd29b8f502091307bc745396c2fcb25e_det_sb_byd_b_box_hvb_26.7.png.png?width=3000"",""has_quantity_discount"":false,""scraped_at"":""2026-07-04T09:59:19.969Z""}"
Krannich Solar;1761696;1761696;HVB 29.6;Kompletní baterie HVB;Baterie;BYD;217134.03;21;ks;https://shop.krannich-solar.com/cs-cz/HVB-29.6/1761696;0 ks na skladě, možné naskladnění: 28.10.2026;"{""categories"":[""Baterie""],""price_raw"":""217 134,03 Kč*"",""price_per_wp_raw"":"""",""price_per_wp_czk_without_vat"":null,""properties"":{""Využitelná kapacita (kWh)"":""29.69""},""image_url"":""https://cdn.shop.krannich-solar.com/media/cd/59/ca/1776265375/1761696_9_c_9_e_9c9edeb9e461f15c87b82048df45fb433e14d508_det_sb_byd_b_box_hvb_29.6.png.png?width=3000"",""has_quantity_discount"":false,""scraped_at"":""2026-07-04T09:59:19.969Z""}"
Krannich Solar;1761688;1761688;HVB 8.9;Kompletní baterie HVB;Baterie;BYD;71821.23;21;ks;https://shop.krannich-solar.com/cs-cz/HVB-8.9/1761688;0 ks na skladě, možné naskladnění: 28.10.2026;"{""categories"":[""Baterie""],""price_raw"":""71 821,23 Kč*"",""price_per_wp_raw"":"""",""price_per_wp_czk_without_vat"":null,""properties"":{""Využitelná kapacita (kWh)"":""8.91""},""image_url"":""https://cdn.shop.krannich-solar.com/media/1d/18/13/1776265372/1761688_1_0_a_c_10acdb0cb79024a72bcbaa8d1e041bc9621bb1c3_det_sb_byd_b_box_hvb_8.9.png.png?width=3000"",""has_quantity_discount"":false,""scraped_at"":""2026-07-04T09:59:22.430Z""}"
Krannich Solar;1761994;1761994;HVM+ 11.0;Kompletní baterie HVM+;Baterie;BYD;80596.82;21;ks;https://shop.krannich-solar.com/cs-cz/HVM-11.0/1761994;0 ks na skladě, možné naskladnění: 28.10.2026;"{""categories"":[""Baterie""],""price_raw"":""80 596,82 Kč*"",""price_per_wp_raw"":"""",""price_per_wp_czk_without_vat"":null,""properties"":{""Využitelná kapacita (kWh)"":""11.04""},""image_url"":""https://cdn.shop.krannich-solar.com/media/52/85/e1/1776265377/1761994_2_c_e_d_2ced296917d6aa514d05d406f45f0dc68bd02bf3_det_sb_byd_battery_box_hvm__11.0kwh.jpg.jpg?width=3000"",""has_quantity_discount"":false,""scraped_at"":""2026-07-04T09:59:19.968Z""}"
Krannich Solar;1761995;1761995;HVM+ 13.8;Kompletní baterie HVM+;Baterie;BYD;98359.95;21;ks;https://shop.krannich-solar.com/cs-cz/HVM-13.8/1761995;0 ks na skladě, možné naskladnění: 28.10.2026;"{""categories"":[""Baterie""],""price_raw"":""98 359,95 Kč*"",""price_per_wp_raw"":"""",""price_per_wp_czk_without_vat"":null,""properties"":{""Využitelná kapacita (kWh)"":""13.80""},""image_url"":""https://cdn.shop.krannich-solar.com/media/e9/42/f3/1776265378/1761995_0_f_7_3_0f737fa39907b6dba54b124b2e409ba25b3ad877_det_sb_byd_battery_box_hvm__13.8kwh.jpg.jpg?width=3000"",""has_quantity_discount"":false,""scraped_at"":""2026-07-04T09:59:19.968Z""}"
Krannich Solar;1761996;1761996;HVM+ 16.6;Kompletní baterie HVM+;Baterie;BYD;116123.07;21;ks;https://shop.krannich-solar.com/cs-cz/HVM-16.6/1761996;0 ks na skladě, možné naskladnění: 28.10.2026;"{""categories"":[""Baterie""],""price_raw"":""116 123,07 Kč*"",""price_per_wp_raw"":"""",""price_per_wp_czk_without_vat"":null,""properties"":{""Využitelná kapacita (kWh)"":""16.56""},""image_url"":""https://cdn.shop.krannich-solar.com/media/43/d3/e2/1776265378/1761996_d_1_0_d_d10dfd6d864a71b88ac70b8aa8a612a8a7591c52_det_sb_byd_battery_box_hvm__16.6kwh.jpg.jpg?width=3000"",""has_quantity_discount"":false,""scraped_at"":""2026-07-04T09:59:19.968Z""}"
Krannich Solar;1761997;1761997;HVM+ 19.3;Kompletní baterie HVM+;Baterie;BYD;133886.2;21;ks;https://shop.krannich-solar.com/cs-cz/HVM-19.3/1761997;0 ks na skladě, možné naskladnění: 28.10.2026;"{""categories"":[""Baterie""],""price_raw"":""133 886,20 Kč*"",""price_per_wp_raw"":"""",""price_per_wp_czk_without_vat"":null,""properties"":{""Využitelná kapacita (kWh)"":""19.32""},""image_url"":""https://cdn.shop.krannich-solar.com/media/f7/f8/92/1776265378/1761997_0_d_4_5_0d45621b65787de13bc4e0fbbc2ff9b2b07c9e20_det_sb_byd_battery_box_hvm__19.3kwh.jpg.jpg?width=3000"",""has_quantity_discount"":false,""scraped_at"":""2026-07-04T09:59:19.968Z""}"
Krannich Solar;1761998;1761998;HVM+ 22.1;Kompletní baterie HVM+;Baterie;BYD;151649.33;21;ks;https://shop.krannich-solar.com/cs-cz/HVM-22.1/1761998;0 ks na skladě, možné naskladnění: 28.10.2026;"{""categories"":[""Baterie""],""price_raw"":""151 649,33 Kč*"",""price_per_wp_raw"":"""",""price_per_wp_czk_without_vat"":null,""properties"":{""Využitelná kapacita (kWh)"":""22.08""},""image_url"":""https://cdn.shop.krannich-solar.com/media/05/5b/02/1776265379/1761998_3_5_1_d_351d1dfe2a4fecdf29d00bd1cd97077b6ac4f8ce_det_sb_byd_battery_box_hvm__22.1kwh.jpg.jpg?width=3000"",""has_quantity_discount"":false,""scraped_at"":""2026-07-04T09:59:19.968Z""}"
Krannich Solar;1761993;1761993;HVM+ 8.3;Kompletní baterie HVM+;Baterie;BYD;62833.7;21;ks;https://shop.krannich-solar.com/cs-cz/HVM-8.3/1761993;0 ks na skladě, možné naskladnění: 28.10.2026;"{""categories"":[""Baterie""],""price_raw"":""62 833,70 Kč*"",""price_per_wp_raw"":"""",""price_per_wp_czk_without_vat"":null,""properties"":{""Využitelná kapacita (kWh)"":""8.28""},""image_url"":""https://cdn.shop.krannich-solar.com/media/d8/75/ce/1776265377/1761993_2_3_e_5_23e59835fa25becdc5637e9c1e805b76e894106f_det_sb_byd_battery_box_hvm__8.3kwh.jpg.jpg?width=3000"",""has_quantity_discount"":false,""scraped_at"":""2026-07-04T09:59:19.968Z""}"
Krannich Solar;1761991;1761991;HVS+ 10.2;Kompletní baterie HVS+;Baterie;BYD;74764.21;21;ks;https://shop.krannich-solar.com/cs-cz/HVS-10.2/1761991;0 ks na skladě, možné naskladnění: 28.10.2026;"{""categories"":[""Baterie""],""price_raw"":""74 764,21 Kč*"",""price_per_wp_raw"":"""",""price_per_wp_czk_without_vat"":null,""properties"":{""Využitelná kapacita (kWh)"":""10.24""},""image_url"":""https://cdn.shop.krannich-solar.com/media/f3/a7/af/1776265376/1761991_c_e_2_6_ce26dde965b6cc276191a4168ad5847d12ada106_det_sb_byd_battery_box_hvs__10.2kwh.jpg.jpg?width=3000"",""has_quantity_discount"":false,""scraped_at"":""2026-07-04T09:59:19.968Z""}"
Krannich Solar;1761992;1761992;HVS+ 12.8;Kompletní baterie HVS+;Baterie;BYD;91069.19;21;ks;https://shop.krannich-solar.com/cs-cz/HVS-12.8/1761992;0 ks na skladě, možné naskladnění: 28.10.2026;"{""categories"":[""Baterie""],""price_raw"":""91 069,19 Kč*"",""price_per_wp_raw"":"""",""price_per_wp_czk_without_vat"":null,""properties"":{""Využitelná kapacita (kWh)"":""12.80""},""image_url"":""https://cdn.shop.krannich-solar.com/media/fe/ca/22/1776265377/1761992_b_4_d_c_b4dc23cc2a2e5ce2dbce9e29767201bb8c6cc708_det_sb_byd_battery_box_hvs__12.8kwh.jpg.jpg?width=3000"",""has_quantity_discount"":false,""scraped_at"":""2026-07-04T09:59:19.968Z""}"
Krannich Solar;1761990;1761990;HVS+ 7.7;Kompletní baterie HVS+;Baterie;BYD;58459.24;21;ks;https://shop.krannich-solar.com/cs-cz/HVS-7.7/1761990;0 ks na skladě, možné naskladnění: 28.10.2026;"{""categories"":[""Baterie""],""price_raw"":""58 459,24 Kč*"",""price_per_wp_raw"":"""",""price_per_wp_czk_without_vat"":null,""properties"":{""Využitelná kapacita (kWh)"":""7.68""},""image_url"":""https://cdn.shop.krannich-solar.com/media/51/08/9f/1776265376/1761990_6_c_0_7_6c071d6bd45eecba2100028c4a542d45bb5e3dfa_det_sb_byd_battery_box_hvs__7.7kwh.jpg.jpg?width=3000"",""has_quantity_discount"":false,""scraped_at"":""2026-07-04T09:59:19.969Z""}"
Krannich Solar;1758880;1758880;RESERVA BATTERY MODULE 3.15 kWh;;Baterie;Fronius;20957.82;21;ks;https://shop.krannich-solar.com/cs-cz/RESERVA-BATTERY-MODULE-3.15-kWh/1758880;0 ks na skladě, možné naskladnění: 25.08.2026;"{""categories"":[""Baterie""],""price_raw"":""20 957,82 Kč*"",""price_per_wp_raw"":"""",""price_per_wp_czk_without_vat"":null,""properties"":{""Využitelná kapacita (kWh)"":""3.15""},""image_url"":""https://cdn.shop.krannich-solar.com/media/af/14/81/1770995316/1758880_b_2_2_c_b22cb59d66d832ece9c31aa3a462a8c9952bfba6_det_sb_fronius_reserva_battery_module_3.15kwh.png.png?width=3000"",""has_quantity_discount"":false,""scraped_at"":""2026-07-04T09:59:15.139Z""}"
Krannich Solar;1758879;1758879;RESERVA BMS + BASE;;Baterie;Fronius;19472.51;21;ks;https://shop.krannich-solar.com/cs-cz/RESERVA-BMS-BASE/1758879;9 ks na skladě, možné naskladnění: 05.08.2026;"{""categories"":[""Baterie""],""price_raw"":""19 472,51 Kč*"",""price_per_wp_raw"":"""",""price_per_wp_czk_without_vat"":null,""properties"":{},""image_url"":""https://cdn.shop.krannich-solar.com/media/3f/f0/b3/1770995316/1758879_c_5_9_5_c5952104e434a6ec30a653d0b01c6f0f9094210f_det_sba_fronius_reserva_bms_fr.png.png?width=3000"",""has_quantity_discount"":false,""scraped_at"":""2026-07-04T09:58:55.828Z""}"
Krannich Solar;1762837;1762837;RESERVA PRO BATTERY MODULE 3.98 kWh;;Baterie;Fronius;32179.03;21;ks;https://shop.krannich-solar.com/cs-cz/RESERVA-PRO-BATTERY-MODULE-3.98-kWh/1762837;6 ks na skladě, možné naskladnění: 05.08.2026;"{""categories"":[""Baterie""],""price_raw"":""32 179,03 Kč*"",""price_per_wp_raw"":"""",""price_per_wp_czk_without_vat"":null,""properties"":{""Využitelná kapacita (kWh)"":""3.98""},""image_url"":""https://cdn.shop.krannich-solar.com/media/81/0a/d4/1781247123/1762837_3_d_c_3_3dc37e183c1a466e58a717ad738d5e82e0dc0c9c_det_sb_fronius_reserva_pro_battery_module_3.98kwh.png.png?width=3000"",""has_quantity_discount"":false,""scraped_at"":""2026-07-04T09:58:58.272Z""}"
Krannich Solar;1762836;1762836;RESERVA PRO BMS + BASE;;Baterie;Fronius;22277.75;21;ks;https://shop.krannich-solar.com/cs-cz/RESERVA-PRO-BMS-BASE/1762836;4 ks na skladě, možné naskladnění: 05.08.2026;"{""categories"":[""Baterie""],""price_raw"":""22 277,75 Kč*"",""price_per_wp_raw"":"""",""price_per_wp_czk_without_vat"":null,""properties"":{},""image_url"":""https://cdn.shop.krannich-solar.com/media/cf/cd/82/1781247123/1762836_7_f_b_e_7fbe0d16b6e08e58564527e7913d2849e1bfd9c0_det_sba_fronius_reserva_pro_bms.png.png?width=3000"",""has_quantity_discount"":false,""scraped_at"":""2026-07-04T09:58:58.272Z""}"
Krannich Solar;1763697;1763697;Battery Expansion Kit;Rozšiřovací set pro baterie GoodWe BAT-D;Baterie;GoodWe;5812.97;21;ks;https://shop.krannich-solar.com/cs-cz/Battery-Expansion-Kit/1763697;0 ks na skladě, možné naskladnění: 23.09.2026;"{""categories"":[""Baterie""],""price_raw"":""5 812,97 Kč*"",""price_per_wp_raw"":"""",""price_per_wp_czk_without_vat"":null,""properties"":{},""image_url"":""https://cdn.shop.krannich-solar.com/media/f1/7d/67/1776696766/1763697_3_a_c_e_3ace2781fae5992d77f425a46655468901908823_det_sba_gw_esa_battery_expansion_kit.png.png?width=3000"",""has_quantity_discount"":false,""scraped_at"":""2026-07-04T09:59:17.581Z""}"
Krannich Solar;1761781;1761781;GW112.6-BAT-AC-G10;Bateriové úložište 112,6 kWh;Baterie;GoodWe;442887.24;21;ks;https://shop.krannich-solar.com/cs-cz/GW112.6-BAT-AC-G10/1761781;0 ks na skladě, možné naskladnění: 16.09.2026;"{""categories"":[""Baterie""],""price_raw"":""442 887,24 Kč*"",""price_per_wp_raw"":"""",""price_per_wp_czk_without_vat"":null,""properties"":{""Využitelná kapacita (kWh)"":""110.00""},""image_url"":""https://cdn.shop.krannich-solar.com/media/0c/e2/fd/1774693427/1761781_e_4_8_0_e4806da03779492ec21d0322d5ad25464240be16_det_sbc_gw_gw112.6_bat_ac_g10.png.png?width=3000"",""has_quantity_discount"":false,""scraped_at"":""2026-07-04T09:59:17.581Z""}"
Krannich Solar;1763602;1763602;GW5.1-BAT-D-G20;Bateriový modul 5,0 kWh;Baterie;GoodWe;27912.72;21;ks;https://shop.krannich-solar.com/cs-cz/GW5.1-BAT-D-G20/1763602;8 ks na skladě, možné naskladnění: 31.07.2026;"{""categories"":[""Baterie""],""price_raw"":""27 912,72 Kč*"",""price_per_wp_raw"":"""",""price_per_wp_czk_without_vat"":null,""properties"":{""Využitelná kapacita (kWh)"":""5.00""},""image_url"":""https://cdn.shop.krannich-solar.com/media/52/7b/8b/1776694953/1763602_e_d_8_2_ed82b67cb519596c66de88ba46700ea4ff3c30b1_det_sb_goodwe_gw8.3_bat_d_g20.png.png?width=3000"",""has_quantity_discount"":false,""scraped_at"":""2026-07-04T09:58:55.828Z""}"
Krannich Solar;1757973;1757973;GW60KWH-D-10;HV úložiště, 60.0 kWh;Baterie;GoodWe;333413.04;21;ks;https://shop.krannich-solar.com/cs-cz/GW60KWH-D-10/1757973;0 ks na skladě, možné naskladnění: 07.10.2026;"{""categories"":[""Baterie""],""price_raw"":""333 413,04 Kč*"",""price_per_wp_raw"":"""",""price_per_wp_czk_without_vat"":null,""properties"":{""Využitelná kapacita (kWh)"":""60.00""},""image_url"":""https://cdn.shop.krannich-solar.com/media/29/4d/c7/1778566904/1757973_f_a_e_b_faeba3f64f5897807c33fc967b36981fa186d0da_det_sbc_gw_gw60kwh_d_10_lynx_c.png.png?width=3000"",""has_quantity_discount"":false,""scraped_at"":""2026-07-04T09:59:19.968Z""}"
Krannich Solar;1763345;1763345;GW61.4-BAT-AC-G10;Bateriové úložište 61,4 kWh;Baterie;GoodWe;286924.33;21;ks;https://shop.krannich-solar.com/cs-cz/GW61.4-BAT-AC-G10/1763345;0 ks na skladě, možné naskladnění: 05.08.2026;"{""categories"":[""Baterie""],""price_raw"":""286 924,33 Kč*"",""price_per_wp_raw"":"""",""price_per_wp_czk_without_vat"":null,""properties"":{""Využitelná kapacita (kWh)"":""60.00""},""image_url"":""https://cdn.shop.krannich-solar.com/media/8e/b4/d7/1774693432/1763345_c_3_8_a_c38a91583c4930b8bf54d6bd0a1b2a6cc79c75a6_det_sbc_gw_gw61.4bat_ac_g10.png.png?width=3000"",""has_quantity_discount"":false,""scraped_at"":""2026-07-04T09:59:12.783Z""}"
Krannich Solar;1763603;1763603;GW8.3-BAT-D-G20;Bateriový modul 8,3 kWh;Baterie;GoodWe;36436.36;21;ks;https://shop.krannich-solar.com/cs-cz/GW8.3-BAT-D-G20/1763603;14 ks na skladě, možné naskladnění: 31.07.2026;"{""categories"":[""Baterie""],""price_raw"":""36 436,36 Kč*"",""price_per_wp_raw"":"""",""price_per_wp_czk_without_vat"":null,""properties"":{""Využitelná kapacita (kWh)"":""8.00""},""image_url"":""https://cdn.shop.krannich-solar.com/media/0b/7f/1b/1776696766/1763603_d_c_5_f_dc5f7e0d407db45988ce33d47ce1055204dc176b_det_sb_goodwe_gw8.3_bat_d_g20.png.png?width=3000"",""has_quantity_discount"":false,""scraped_at"":""2026-07-04T09:58:53.382Z""}"
Krannich Solar;1758533;1758533;LX C9.2-10;Lynx-C bateriová jednotka 9.22kWh;Baterie;GoodWe;31662.5;21;ks;https://shop.krannich-solar.com/cs-cz/LX-C9.2-10/1758533;0 ks na skladě, možné naskladnění: 29.07.2026;"{""categories"":[""Baterie""],""price_raw"":""31 662,50 Kč*"",""price_per_wp_raw"":"""",""price_per_wp_czk_without_vat"":null,""properties"":{""Využitelná kapacita (kWh)"":""9.20""},""image_url"":"""",""has_quantity_discount"":false,""scraped_at"":""2026-07-04T09:59:12.782Z""}"
Krannich Solar;1758718;1758718;LXD floor mounting base;Základna pro instalaci na zem;Baterie;GoodWe;967.58;21;ks;https://shop.krannich-solar.com/cs-cz/LXD-floor-mounting-base/1758718;11 ks na skladě, možné naskladnění: 05.08.2026;"{""categories"":[""Baterie""],""price_raw"":""967,58 Kč*"",""price_per_wp_raw"":"""",""price_per_wp_czk_without_vat"":null,""properties"":{},""image_url"":""https://cdn.shop.krannich-solar.com/media/b7/b3/00/1750077778/1758718_2_6_6_f_266fe24e957f6b645072339998939f41b239e103_det_sba_gw_lxd_floor_mounting_base.png.png?width=3000"",""has_quantity_discount"":false,""scraped_at"":""2026-07-04T09:58:55.828Z""}"
Krannich Solar;1758719;1758719;LXD wall mounting bracket;Držák pro montáž na stěnu;Baterie;GoodWe;1934.67;21;ks;https://shop.krannich-solar.com/cs-cz/LXD-wall-mounting-bracket/1758719;28 ks na skladě, možné naskladnění: 05.08.2026;"{""categories"":[""Baterie""],""price_raw"":""1 934,67 Kč*"",""price_per_wp_raw"":"""",""price_per_wp_czk_without_vat"":null,""properties"":{},""image_url"":""https://cdn.shop.krannich-solar.com/media/43/b5/98/1750077785/1758719_2_2_d_3_22d3fb3bacd362dea1313da4e2866d79a17f59bc_det_sba_gw_lxd_wall_mounting_rack.png.png?width=3000"",""has_quantity_discount"":false,""scraped_at"":""2026-07-04T09:58:53.381Z""}"
Krannich Solar;1757974;1757974;Lynx C 60K rozšíření komerčního úložiště;HW úložiště, 60.0 kWh;Baterie;GoodWe;317822.47;21;ks;https://shop.krannich-solar.com/cs-cz/Lynx-C-60K-rozsireni-komercniho-uloziste/1757974;0 ks na skladě, možné naskladnění: 07.10.2026;"{""categories"":[""Baterie""],""price_raw"":""317 822,47 Kč*"",""price_per_wp_raw"":"""",""price_per_wp_czk_without_vat"":null,""properties"":{""Využitelná kapacita (kWh)"":""60.00""},""image_url"":""https://cdn.shop.krannich-solar.com/media/88/3c/5b/1750435115/1757974_9_a_d_5_9ad5ad988523669227ba1299f5cb3a773f57af70_det_sb_gw_lynx_c_series_gw60kwh_d_10_extension.png.png?width=3000"",""has_quantity_discount"":false,""scraped_at"":""2026-07-04T09:59:19.968Z""}"
Krannich Solar;1761940;1761940;Lynx D 10.0-10;;Baterie;GoodWe;56440.18;21;ks;https://shop.krannich-solar.com/cs-cz/Lynx-D-10.0-10/1761940;7 ks na skladě, možné naskladnění: 28.08.2026;"{""categories"":[""Baterie""],""price_raw"":""56 440,18 Kč*"",""price_per_wp_raw"":"""",""price_per_wp_czk_without_vat"":null,""properties"":{""Využitelná kapacita (kWh)"":""10.00""},""image_url"":""https://cdn.shop.krannich-solar.com/media/94/27/fe/1771993831/1761940_e_a_d_0_ead084ee8bbaa8cfcd2dc25b5430a0a79c3ef2f1_det_sb_gw_lx_d10.0_10_d_series_floor_mounting_base.png.png?width=3000"",""has_quantity_discount"":false,""scraped_at"":""2026-07-04T09:58:55.829Z""}"
Krannich Solar;1759735;1759735;Lynx D 10.0-10;Kompletní baterie 10.0 kWh;Baterie;GoodWe;55482.31;21;ks;https://shop.krannich-solar.com/cs-cz/Lynx-D-10.0-10/1759735;7 ks na skladě, možné naskladnění: 28.08.2026;"{""categories"":[""Baterie""],""price_raw"":""55 482,31 Kč*"",""price_per_wp_raw"":"""",""price_per_wp_czk_without_vat"":null,""properties"":{""Využitelná kapacita (kWh)"":""10.00""},""image_url"":""https://cdn.shop.krannich-solar.com/media/f7/2f/11/1771601832/1759735_4_f_0_a_4f0a4bd20b58af4bd576c047a2d05847b44e892d_det_sb_gw_lx_d10.0_10_d_series.png.png?width=3000"",""has_quantity_discount"":false,""scraped_at"":""2026-07-04T09:58:55.829Z""}"
Krannich Solar;1761941;1761941;Lynx D 15.0-10;;Baterie;GoodWe;84181.46;21;ks;https://shop.krannich-solar.com/cs-cz/Lynx-D-15.0-10/1761941;4 ks na skladě, možné naskladnění: 28.08.2026;"{""categories"":[""Baterie""],""price_raw"":""84 181,46 Kč*"",""price_per_wp_raw"":"""",""price_per_wp_czk_without_vat"":null,""properties"":{""Využitelná kapacita (kWh)"":""15.00""},""image_url"":""https://cdn.shop.krannich-solar.com/media/4b/94/a2/1771993831/1761941_2_9_b_9_29b97ab351ce53bfd6d66332867dd34e96646bfc_det_sb_gw_lx_d15.0_10_d_series_floor_mounting_base.png.png?width=3000"",""has_quantity_discount"":false,""scraped_at"":""2026-07-04T09:58:58.272Z""}"
Krannich Solar;1759736;1759736;Lynx D 15.0-10;;Baterie;GoodWe;83223.34;21;ks;https://shop.krannich-solar.com/cs-cz/Lynx-D-15.0-10/1759736;4 ks na skladě, možné naskladnění: 28.08.2026;"{""categories"":[""Baterie""],""price_raw"":""83 223,34 Kč*"",""price_per_wp_raw"":"""",""price_per_wp_czk_without_vat"":null,""properties"":{""Využitelná kapacita (kWh)"":""15.00""},""image_url"":""https://cdn.shop.krannich-solar.com/media/3b/7a/21/1771993828/1759736_c_c_a_f_ccafd181d1095aac03dd3653910b7f129dbb2296_det_sb_gw_lx_d15.0_10_d_series.png.png?width=3000"",""has_quantity_discount"":false,""scraped_at"":""2026-07-04T09:58:58.272Z""}"
Krannich Solar;1761942;1761942;Lynx D 20.0-10;;Baterie;GoodWe;111922.49;21;ks;https://shop.krannich-solar.com/cs-cz/Lynx-D-20.0-10/1761942;3 ks na skladě, možné naskladnění: 28.08.2026;"{""categories"":[""Baterie""],""price_raw"":""111 922,49 Kč*"",""price_per_wp_raw"":"""",""price_per_wp_czk_without_vat"":null,""properties"":{""Využitelná kapacita (kWh)"":""20.00""},""image_url"":""https://cdn.shop.krannich-solar.com/media/dd/3d/38/1771993832/1761942_a_4_f_7_a4f7f4fc41e4891c201b44ffefe2fb6aebc10a19_det_sb_gw_lx_d20.0_10_d_series_floor_mounting_base.png.png?width=3000"",""has_quantity_discount"":false,""scraped_at"":""2026-07-04T09:59:00.665Z""}"
Krannich Solar;1759737;1759737;Lynx D 20.0-10;;Baterie;GoodWe;110964.61;21;ks;https://shop.krannich-solar.com/cs-cz/Lynx-D-20.0-10/1759737;3 ks na skladě, možné naskladnění: 28.08.2026;"{""categories"":[""Baterie""],""price_raw"":""110 964,61 Kč*"",""price_per_wp_raw"":"""",""price_per_wp_czk_without_vat"":null,""properties"":{""Využitelná kapacita (kWh)"":""20.00""},""image_url"":""https://cdn.shop.krannich-solar.com/media/a9/c9/aa/1771993829/1759737_6_0_1_8_6018dad46ae7bde6aecc33e38891fc9cc1b34666_det_sb_gw_lx_d20.0_10_d_series.png.png?width=3000"",""has_quantity_discount"":false,""scraped_at"":""2026-07-04T09:59:00.665Z""}"
Krannich Solar;1759738;1759738;Lynx D 25.0-10;;Baterie;GoodWe;138705.65;21;ks;https://shop.krannich-solar.com/cs-cz/Lynx-D-25.0-10/1759738;2 ks na skladě, možné naskladnění: 28.08.2026;"{""categories"":[""Baterie""],""price_raw"":""138 705,65 Kč*"",""price_per_wp_raw"":"""",""price_per_wp_czk_without_vat"":null,""properties"":{""Využitelná kapacita (kWh)"":""25.00""},""image_url"":""https://cdn.shop.krannich-solar.com/media/1a/10/fb/1771993829/1759738_2_b_e_3_2be3f02dde00469b610a804cdf8e4aeecfdbe437_det_sb_gw_lx_d25.0_10_d_series.png.png?width=3000"",""has_quantity_discount"":false,""scraped_at"":""2026-07-04T09:59:03.070Z""}"
Krannich Solar;1759739;1759739;Lynx D 30.0-10;;Baterie;GoodWe;166446.92;21;ks;https://shop.krannich-solar.com/cs-cz/Lynx-D-30.0-10/1759739;2 ks na skladě, možné naskladnění: 28.08.2026;"{""categories"":[""Baterie""],""price_raw"":""166 446,92 Kč*"",""price_per_wp_raw"":"""",""price_per_wp_czk_without_vat"":null,""properties"":{""Využitelná kapacita (kWh)"":""30.00""},""image_url"":""https://cdn.shop.krannich-solar.com/media/5b/e3/59/1771993830/1759739_a_4_1_8_a418a058443bf58fe7b3090d9983b660d6b7d08b_det_sb_gw_lx_d30.0_10_d_series.png.png?width=3000"",""has_quantity_discount"":false,""scraped_at"":""2026-07-04T09:59:00.666Z""}"
Krannich Solar;1759740;1759740;Lynx D 35.0-10;;Baterie;GoodWe;194187.95;21;ks;https://shop.krannich-solar.com/cs-cz/Lynx-D-35.0-10/1759740;2 ks na skladě, možné naskladnění: 28.08.2026;"{""categories"":[""Baterie""],""price_raw"":""194 187,95 Kč*"",""price_per_wp_raw"":"""",""price_per_wp_czk_without_vat"":null,""properties"":{""Využitelná kapacita (kWh)"":""35.00""},""image_url"":""https://cdn.shop.krannich-solar.com/media/10/93/ac/1771993830/1759740_8_2_a_8_82a8f85e554ab9c0289000265e638a8a8c176c8a_det_sb_gw_lx_d35.0_10_d_series.png.png?width=3000"",""has_quantity_discount"":false,""scraped_at"":""2026-07-04T09:59:00.666Z""}"
Krannich Solar;1759741;1759741;Lynx D 40.0-10;;Baterie;GoodWe;221929.23;21;ks;https://shop.krannich-solar.com/cs-cz/Lynx-D-40.0-10/1759741;1 ks na skladě, možné naskladnění: 28.08.2026;"{""categories"":[""Baterie""],""price_raw"":""221 929,23 Kč*"",""price_per_wp_raw"":"""",""price_per_wp_czk_without_vat"":null,""properties"":{""Využitelná kapacita (kWh)"":""40.00""},""image_url"":""https://cdn.shop.krannich-solar.com/media/81/12/4d/1771993830/1759741_e_6_d_e_e6de09bd7034b7faa2c4b1a8fae2ed297629a567_det_sb_gw_lx_d40.0_10_d_series.png.png?width=3000"",""has_quantity_discount"":false,""scraped_at"":""2026-07-04T09:59:03.071Z""}"
Krannich Solar;1758717;1758717;Lynx D 5.0-10;HV bateriové úložiště, kapacita 5,0 kWh;Baterie;GoodWe;28021.36;21;ks;https://shop.krannich-solar.com/cs-cz/Lynx-D-5.0-10/1758717;14 ks na skladě, možné naskladnění: 28.08.2026;"{""categories"":[""Baterie""],""price_raw"":""28 021,36 Kč*"",""price_per_wp_raw"":"""",""price_per_wp_czk_without_vat"":null,""properties"":{""Využitelná kapacita (kWh)"":""5.00""},""image_url"":""https://cdn.shop.krannich-solar.com/media/6d/ac/e9/1750077782/1758717_f_8_1_c_f81cc9cb4467e8eb1b5651cc0e75b06b6afb2c4d_det_sb_gw_lx_d5.0_10_d_series.png.png?width=3000"",""has_quantity_discount"":false,""scraped_at"":""2026-07-04T09:58:53.382Z""}"
Krannich Solar;1758631;1758631;Commissioning LUNA ESS - BASIC PACKAGE;Spuštění systému Huawei LUNA ESS;Baterie;Huawei;41196.87;21;ks;https://shop.krannich-solar.com/cs-cz/Commissioning-LUNA-ESS-BASIC-PACKAGE/1758631;0 ks na skladě, možné naskladnění: 22.07.2026;"{""categories"":[""Baterie"",""Baterie se střídačem""],""price_raw"":""41 196,87 Kč*"",""price_per_wp_raw"":"""",""price_per_wp_czk_without_vat"":null,""properties"":{},""image_url"":""https://cdn.shop.krannich-solar.com/media/9a/78/67/1768381634/1758631_9_9_e_3_99e3ab9bed2f76a0e2493cc25daf409357ae0d65_Krannich_Icon_service.png.png?width=3000"",""has_quantity_discount"":false,""scraped_at"":""2026-07-04T09:59:07.949Z""}"
Krannich Solar;1755927;1755927;Commissioning LUNA ESS - EXTENDED PACKAGE;Spuštění systému Huawei LUNA ESS;Baterie;Huawei;68661.46;21;ks;https://shop.krannich-solar.com/cs-cz/Commissioning-LUNA-ESS-EXTENDED-PACKAGE/1755927;0 ks na skladě, možné naskladnění: 22.07.2026;"{""categories"":[""Baterie"",""Baterie se střídačem""],""price_raw"":""68 661,46 Kč*"",""price_per_wp_raw"":"""",""price_per_wp_czk_without_vat"":null,""properties"":{},""image_url"":""https://cdn.shop.krannich-solar.com/media/c6/18/e9/1773054425/1755927_b_7_a_9_b7a9deef03703ea36985088303328f39810e660b_Krannich_Icon_service.png.png?width=3000"",""has_quantity_discount"":false,""scraped_at"":""2026-07-04T09:59:10.299Z""}"
Krannich Solar;1743415;1743415;LUNA2000 WALL MOUNTING BRACKET;Konzole pro instalaci systému LUNA2000 na stěnu;Baterie;Huawei;1422.99;21;ks;https://shop.krannich-solar.com/cs-cz/LUNA2000-WALL-MOUNTING-BRACKET/1743415;13 ks na skladě, možné naskladnění: 22.07.2026;"{""categories"":[""Baterie""],""price_raw"":""1 422,99 Kč*"",""price_per_wp_raw"":"""",""price_per_wp_czk_without_vat"":null,""properties"":{},""image_url"":""https://cdn.shop.krannich-solar.com/media/a4/63/e3/1750077945/1743415_c_3_1_0_c31067a889f2ca7efb0260e537ecc95e3b6e8ff2_det_sba_hu_luna2000_wall_mounting_bracket.png.png?width=3000"",""has_quantity_discount"":false,""scraped_at"":""2026-07-04T09:58:55.828Z""}"
Krannich Solar;1762839;1762839;LUNA2000-10-S1;Bateriové úložiště 10 kWh;Baterie;Huawei;82714.57;21;ks;https://shop.krannich-solar.com/cs-cz/LUNA2000-10-S1/1762839;0 ks na skladě, možné naskladnění: 22.07.2026;"{""categories"":[""Baterie""],""price_raw"":""82 714,57 Kč*"",""price_per_wp_raw"":"""",""price_per_wp_czk_without_vat"":null,""properties"":{""Využitelná kapacita (kWh)"":""10.00""},""image_url"":""https://cdn.shop.krannich-solar.com/media/b7/83/13/1774371238/1762839_4_e_7_4_4e7413ff0eeacc5f31d255ae574e7b250992e9e4_det_sb_hu_luna2000_10_12_14_s1.png.png?width=3000"",""has_quantity_discount"":false,""scraped_at"":""2026-07-04T09:59:05.552Z""}"
Krannich Solar;1756565;1756565;LUNA2000-10KW-C1 Power Module;HV storage controller + base;Baterie;Huawei;16660.48;21;ks;https://shop.krannich-solar.com/cs-cz/LUNA2000-10KW-C1-Power-Module/1756565;8 ks na skladě, možné naskladnění: 22.07.2026;"{""categories"":[""Baterie""],""price_raw"":""16 660,48 Kč*"",""price_per_wp_raw"":"""",""price_per_wp_czk_without_vat"":null,""properties"":{},""image_url"":""https://cdn.shop.krannich-solar.com/media/92/6a/19/1750077496/1756565_5_a_a_9_5aa92a07cb2f24ab5a37457239fc67a1490e5d10_det_sba_hu_luna2000_bmu_floor_stand__002_.png.png?width=3000"",""has_quantity_discount"":false,""scraped_at"":""2026-07-04T09:58:55.829Z""}"
Krannich Solar;1756576;1756576;LUNA2000-14-S1;HV bateriový set, 13.8 kWh;Baterie;Huawei;110392.07;21;ks;https://shop.krannich-solar.com/cs-cz/LUNA2000-14-S1/1756576;4 ks na skladě, možné naskladnění: 22.07.2026;"{""categories"":[""Baterie""],""price_raw"":""110 392,07 Kč*"",""price_per_wp_raw"":"""",""price_per_wp_czk_without_vat"":null,""properties"":{""Využitelná kapacita (kWh)"":""13.80""},""image_url"":""https://cdn.shop.krannich-solar.com/media/90/70/ba/1750077505/1756576_4_d_5_3_4d5322492e5adbecce805e00dd60fafe75597512_det_sb_hu_luna2000_14_S1__002_.png.png?width=3000"",""has_quantity_discount"":false,""scraped_at"":""2026-07-04T09:59:00.665Z""}"
Krannich Solar;1762841;1762841;LUNA2000-15-S1;Bateriové úložiště 15 kWh;Baterie;Huawei;115741.62;21;ks;https://shop.krannich-solar.com/cs-cz/LUNA2000-15-S1/1762841;0 ks na skladě, možné naskladnění: 22.07.2026;"{""categories"":[""Baterie""],""price_raw"":""115 741,62 Kč*"",""price_per_wp_raw"":"""",""price_per_wp_czk_without_vat"":null,""properties"":{""Využitelná kapacita (kWh)"":""15.00""},""image_url"":""https://cdn.shop.krannich-solar.com/media/1a/aa/49/1774371238/1762841_f_7_8_0_f780f2e264080bee722886a8e3c6f2dfb00c607a_det_sb_hu_luna2000_15_17_19_21_s1.png.png?width=3000"",""has_quantity_discount"":false,""scraped_at"":""2026-07-04T09:59:05.552Z""}"
Krannich Solar;1756577;1756577;LUNA2000-21-S1;HV bateriový set, 20.7 kWh usable;Baterie;Huawei;157257.87;21;ks;https://shop.krannich-solar.com/cs-cz/LUNA2000-21-S1/1756577;3 ks na skladě, možné naskladnění: 22.07.2026;"{""categories"":[""Baterie""],""price_raw"":""157 257,87 Kč*"",""price_per_wp_raw"":"""",""price_per_wp_czk_without_vat"":null,""properties"":{""Využitelná kapacita (kWh)"":""20.70""},""image_url"":""https://cdn.shop.krannich-solar.com/media/98/f1/1d/1750077498/1756577_f_d_9_0_fd9025c206fb9850764399a754e6c9930d735d70_det_sb_hu_luna2000_21_S1.png.png?width=3000"",""has_quantity_discount"":false,""scraped_at"":""2026-07-04T09:59:00.665Z""}"
Krannich Solar;1762833;1762833;LUNA2000-5-E1 (5 kWh);;Baterie;Huawei;33027.05;21;ks;https://shop.krannich-solar.com/cs-cz/LUNA2000-5-E1-5-kWh/1762833;0 ks na skladě, možné naskladnění: 22.07.2026;"{""categories"":[""Baterie""],""price_raw"":""33 027,05 Kč*"",""price_per_wp_raw"":"""",""price_per_wp_czk_without_vat"":null,""properties"":{""Využitelná kapacita (kWh)"":""5.00""},""image_url"":""https://cdn.shop.krannich-solar.com/media/fc/72/b7/1774369430/1762833_a_6_9_9_a69902b9b924e4fee8e5ef6b9e2509b5a482041b_det_sb_hu_luna2000_5_7_e1_module.png.png?width=3000"",""has_quantity_discount"":false,""scraped_at"":""2026-07-04T09:59:05.552Z""}"
Krannich Solar;1762838;1762838;LUNA2000-5-S1;Bateriové úložiště 5 kWh;Baterie;Huawei;49687.53;21;ks;https://shop.krannich-solar.com/cs-cz/LUNA2000-5-S1/1762838;0 ks na skladě, možné naskladnění: 22.07.2026;"{""categories"":[""Baterie""],""price_raw"":""49 687,53 Kč*"",""price_per_wp_raw"":"""",""price_per_wp_czk_without_vat"":null,""properties"":{""Využitelná kapacita (kWh)"":""5.00""},""image_url"":""https://cdn.shop.krannich-solar.com/media/87/46/b3/1774371238/1762838_6_0_f_f_60ff222f10e2c22a8471e917f5a367531fafcfba_det_sb_hu_luna2000_5_7_s1.png.png?width=3000"",""has_quantity_discount"":false,""scraped_at"":""2026-07-04T09:59:05.552Z""}"
Krannich Solar;1733894;1733894;LUNA2000-5KW-C0 POWER MODULE;Řídící jednotka k bateriovým modulům LUNA2000;Baterie;Huawei;15703.82;21;ks;https://shop.krannich-solar.com/cs-cz/LUNA2000-5KW-C0-POWER-MODULE/1733894;3 ks na skladě, možné naskladnění: 22.07.2026;"{""categories"":[""Baterie""],""price_raw"":""15 703,82 Kč*"",""price_per_wp_raw"":"""",""price_per_wp_czk_without_vat"":null,""properties"":{},""image_url"":""https://cdn.shop.krannich-solar.com/media/49/06/e3/1750077937/1733894_8_2_c_c_82cc8b1dc8aed23619745f18e4ba59d22e6c5241_det_bp_hu_luna2000_5kwh_bmu_socket__002_.png.png?width=3000"",""has_quantity_discount"":false,""scraped_at"":""2026-07-04T09:59:00.665Z""}"
Krannich Solar;1756564;1756564;LUNA2000-7-E1;HV storage element, 6.9 kWh usable;Baterie;Huawei;46865.8;21;ks;https://shop.krannich-solar.com/cs-cz/LUNA2000-7-E1/1756564;9 ks na skladě, možné naskladnění: 22.07.2026;"{""categories"":[""Baterie""],""price_raw"":""46 865,80 Kč*"",""price_per_wp_raw"":"""",""price_per_wp_czk_without_vat"":null,""properties"":{""Využitelná kapacita (kWh)"":""6.90""},""image_url"":""https://cdn.shop.krannich-solar.com/media/f5/f5/4e/1750077484/1756564_1_7_f_f_17ffd8cac28b41652884687e507e65a1044be0df_det_sba_hu_luna2000_battery_module__002_.png.png?width=3000"",""has_quantity_discount"":false,""scraped_at"":""2026-07-04T09:58:55.828Z""}"
Krannich Solar;1756575;1756575;LUNA2000-7-S1;HV bateriový set, 6.9 kWh;Baterie;Huawei;63526.28;21;ks;https://shop.krannich-solar.com/cs-cz/LUNA2000-7-S1/1756575;8 ks na skladě, možné naskladnění: 22.07.2026;"{""categories"":[""Baterie""],""price_raw"":""63 526,28 Kč*"",""price_per_wp_raw"":"""",""price_per_wp_czk_without_vat"":null,""properties"":{""Využitelná kapacita (kWh)"":""6.90""},""image_url"":""https://cdn.shop.krannich-solar.com/media/ea/6b/97/1750077506/1756575_d_0_0_b_d00b75a29713aa610efabae5a0a85eded88349b2_det_sb_hu_luna2000_7_S1__002_.png.png?width=3000"",""has_quantity_discount"":false,""scraped_at"":""2026-07-04T09:58:55.829Z""}"
Krannich Solar;1756949;1756949;SBA HU LUNA2000-S1 DRŽÁK PRO MONTÁŽ NA STĚNU;DRŽÁK PRO MONTÁŽ NA STĚNU LUNA2000-S1;Baterie;Huawei;2134.73;21;ks;https://shop.krannich-solar.com/cs-cz/SBA-HU-LUNA2000-S1-DRZAK-PRO-MONTAZ-NA-STENU/1756949;0 ks na skladě, možné naskladnění: 28.07.2026;"{""categories"":[""Baterie""],""price_raw"":""2 134,73 Kč*"",""price_per_wp_raw"":"""",""price_per_wp_czk_without_vat"":null,""properties"":{},""image_url"":""https://cdn.shop.krannich-solar.com/media/c2/da/0b/1750077690/1756949_9_d_e_2_9de218223dd4ca706c2a1d3b75cfe9ed1f4766cd_det_sba_hu_luna2000_wall_bracket_s1__1_.png.png?width=3000"",""has_quantity_discount"":false,""scraped_at"":""2026-07-04T09:59:10.300Z""}"
Krannich Solar;1753077;1753077;SMART MODULE 1000A;;Baterie;Huawei;5149.73;21;ks;https://shop.krannich-solar.com/cs-cz/SMART-MODULE-1000A/1753077;0 ks na skladě, možné naskladnění: 05.08.2026;"{""categories"":[""Baterie"",""Příslušenství""],""price_raw"":""5 149,73 Kč*"",""price_per_wp_raw"":"""",""price_per_wp_czk_without_vat"":null,""properties"":{},""image_url"":""https://cdn.shop.krannich-solar.com/media/f1/62/bd/1750077268/1753077_5_2_9_b_529b243bed8fc4bb4fc4c9f47fa80a044f18d3b8_det_dcl_hu_smart_module_1000a.jpg.jpg?width=3000"",""has_quantity_discount"":false,""scraped_at"":""2026-07-04T09:59:15.138Z""}"
Krannich Solar;1710410;1710410;BATTERY BRACKET FOR US2000C;Sada konzolí pro Pylontech US2000C;Baterie;Pylontech;700.83;21;ks;https://shop.krannich-solar.com/cs-cz/BATTERY-BRACKET-FOR-US2000C/1710410;11 ks na skladě, možné naskladnění: 05.08.2026;"{""categories"":[""Baterie""],""price_raw"":""700,83 Kč*"",""price_per_wp_raw"":"""",""price_per_wp_czk_without_vat"":null,""properties"":{},""image_url"":""https://cdn.shop.krannich-solar.com/media/03/c1/30/1750077876/1710410_0_e_a_7_0ea7f8a2d9a3471ee399d3dfcc5863ee19a7f572_Bracket_Pylontech.jpg.jpg?width=3000"",""has_quantity_discount"":false,""scraped_at"":""2026-07-04T09:58:55.828Z""}"
Krannich Solar;1744323;1744323;BATTERY BRACKET FOR US3000C;Sada konzolí pro Pylontech US3000C;Baterie;Pylontech;728.96;21;ks;https://shop.krannich-solar.com/cs-cz/BATTERY-BRACKET-FOR-US3000C/1744323;174 ks na skladě, možné naskladnění: 28.07.2026;"{""categories"":[""Baterie""],""price_raw"":""728,96 Kč*"",""price_per_wp_raw"":"""",""price_per_wp_czk_without_vat"":null,""properties"":{},""image_url"":""https://cdn.shop.krannich-solar.com/media/8c/81/a7/1750077993/1744323_d_4_4_d_d44dbe3b7ce5e7eb896f5766c1554534935ff112_Bracket_Pylontech.jpg.jpg?width=3000"",""has_quantity_discount"":false,""scraped_at"":""2026-07-04T09:58:48.745Z""}"
Krannich Solar;1752916;1752916;BATTERY BRACKET FOR US5000;Sada konzolí pro Pylontech US5000;Baterie;Pylontech;981.16;21;ks;https://shop.krannich-solar.com/cs-cz/BATTERY-BRACKET-FOR-US5000/1752916;80 ks na skladě, možné naskladnění: 28.07.2026;"{""categories"":[""Baterie""],""price_raw"":""981,16 Kč*"",""price_per_wp_raw"":"""",""price_per_wp_czk_without_vat"":null,""properties"":{},""image_url"":""https://cdn.shop.krannich-solar.com/media/50/fb/73/1750077264/1752916_e_5_1_8_e5185df2e6d67460a372b4a7f4143a0b973edb21_Bracket_Pylontech.jpg.jpg?width=3000"",""has_quantity_discount"":false,""scraped_at"":""2026-07-04T09:58:48.745Z""}"
Krannich Solar;1726255;1726255;BATTERY CABLE KIT 2U;Sada propojovacích kabelů Pylontech;Baterie;Pylontech;280.33;21;ks;https://shop.krannich-solar.com/cs-cz/BATTERY-CABLE-KIT-2U/1726255;1 ks na skladě, možné naskladnění: 09.07.2026;"{""categories"":[""Baterie""],""price_raw"":""280,33 Kč*"",""price_per_wp_raw"":"""",""price_per_wp_czk_without_vat"":null,""properties"":{},""image_url"":""https://cdn.shop.krannich-solar.com/media/5b/89/cf/1750077282/1726255_a_1_f_d_a1fd1e8d9262994e034d9ba417f9575e12eda7f3_det_sba_pt_battery_cable_kit_2u__us2000b_h48050_.jpg.jpg?width=3000"",""has_quantity_discount"":false,""scraped_at"":""2026-07-04T09:59:05.552Z""}"
Krannich Solar;1754433;1754433;Force-H1 10,65 kWh;Kompletní baterie Force-H1;Baterie;Pylontech;52238.38;21;ks;https://shop.krannich-solar.com/cs-cz/Force-H1-10-65-kWh/1754433;7 ks na skladě, poslední kusy;"{""categories"":[""Baterie""],""price_raw"":""52 238,38 Kč*"",""price_per_wp_raw"":"""",""price_per_wp_czk_without_vat"":null,""properties"":{""Využitelná kapacita (kWh)"":""10.10""},""image_url"":""https://cdn.shop.krannich-solar.com/media/8e/5c/85/1750077340/1754433_d_2_0_0_d200be604ec7e1ea70b391f11e2700df488133da_det_sb_pt_48v_force_h1_10.5.jpg.jpg?width=3000"",""has_quantity_discount"":false,""scraped_at"":""2026-07-04T09:58:58.271Z""}"
Krannich Solar;1754434;1754434;Force-H1 14,20 kWh;Kompletní baterie Force-H1;Baterie;Pylontech;66474.11;21;ks;https://shop.krannich-solar.com/cs-cz/Force-H1-14-20-kWh/1754434;5 ks na skladě, poslední kusy;"{""categories"":[""Baterie""],""price_raw"":""66 474,11 Kč*"",""price_per_wp_raw"":"""",""price_per_wp_czk_without_vat"":null,""properties"":{""Využitelná kapacita (kWh)"":""13.50""},""image_url"":""https://cdn.shop.krannich-solar.com/media/a4/05/70/1750077337/1754434_6_c_f_6_6cf6931a20e4f723308b40956447b15f29793bcb_det_sb_pt_48v_force_h1_14.0.jpg.jpg?width=3000"",""has_quantity_discount"":false,""scraped_at"":""2026-07-04T09:58:58.272Z""}"
Krannich Solar;1754435;1754435;Force-H1 17,76 kWh;Kompletní baterie Force-H1;Baterie;Pylontech;80709.83;21;ks;https://shop.krannich-solar.com/cs-cz/Force-H1-17-76-kWh/1754435;4 ks na skladě, poslední kusy;"{""categories"":[""Baterie""],""price_raw"":""80 709,83 Kč*"",""price_per_wp_raw"":"""",""price_per_wp_czk_without_vat"":null,""properties"":{""Využitelná kapacita (kWh)"":""16.90""},""image_url"":""https://cdn.shop.krannich-solar.com/media/63/b0/6f/1750077342/1754435_b_1_f_2_b1f2258932e9afdc023d1b95bcf36cc4369a4cb3_det_sb_pt_48v_force_h1_17.5.jpg.jpg?width=3000"",""has_quantity_discount"":false,""scraped_at"":""2026-07-04T09:59:00.665Z""}"
Krannich Solar;1754436;1754436;Force-H1 21,31 kWh;Kompletní baterie Force-H1;Baterie;Pylontech;94945.55;21;ks;https://shop.krannich-solar.com/cs-cz/Force-H1-21-31-kWh/1754436;3 ks na skladě, poslední kusy;"{""categories"":[""Baterie""],""price_raw"":""94 945,55 Kč*"",""price_per_wp_raw"":"""",""price_per_wp_czk_without_vat"":null,""properties"":{""Využitelná kapacita (kWh)"":""20.00""},""image_url"":""https://cdn.shop.krannich-solar.com/media/4e/0a/2d/1750077343/1754436_d_a_1_6_da16c9ef4f1965ba08ee20b5f83f4e21f97bbfd6_det_sb_pt_48v_force_h1_21.0.jpg.jpg?width=3000"",""has_quantity_discount"":false,""scraped_at"":""2026-07-04T09:59:00.665Z""}"
Krannich Solar;1754437;1754437;Force-H1 24,86 kWh;Kompletní baterie Force-H1;Baterie;Pylontech;109181.27;21;ks;https://shop.krannich-solar.com/cs-cz/Force-H1-24-86-kWh/1754437;3 ks na skladě, poslední kusy;"{""categories"":[""Baterie""],""price_raw"":""109 181,27 Kč*"",""price_per_wp_raw"":"""",""price_per_wp_czk_without_vat"":null,""properties"":{""Využitelná kapacita (kWh)"":""23.60""},""image_url"":""https://cdn.shop.krannich-solar.com/media/28/b7/73/1750077344/1754437_b_9_f_6_b9f661b36e7f46c6b665c8dbb7cc05ab4caf2d81_det_sb_pt_48v_force_h1_24.5.jpg.jpg?width=3000"",""has_quantity_discount"":false,""scraped_at"":""2026-07-04T09:59:00.665Z""}"
Krannich Solar;1752522;1752522;Force-H1 FC0500-40S-V2;BMS jednotka pro baterie Force-H1;Baterie;Pylontech;9531.22;21;ks;https://shop.krannich-solar.com/cs-cz/Force-H1-FC0500-40S-V2/1752522;8 ks na skladě, poslední kusy;"{""categories"":[""Baterie""],""price_raw"":""9 531,22 Kč*"",""price_per_wp_raw"":"""",""price_per_wp_czk_without_vat"":null,""properties"":{},""image_url"":""https://cdn.shop.krannich-solar.com/media/2f/d2/dc/1750077222/1752522_c_e_9_2_ce9229185d78405a506134475a94c2b12086d1b0_det_sba_pt_force_h1_fsc500_battery_management_system.jpg.jpg?width=3000"",""has_quantity_discount"":false,""scraped_at"":""2026-07-04T09:58:55.829Z""}"
Krannich Solar;1750255;1750255;Force-H1 FH48074;Bateriový modul pro baterie Force-H1;Baterie;Pylontech;14235.72;21;ks;https://shop.krannich-solar.com/cs-cz/Force-H1-FH48074/1750255;22 ks na skladě, poslední kusy;"{""categories"":[""Baterie""],""price_raw"":""14 235,72 Kč*"",""price_per_wp_raw"":"""",""price_per_wp_czk_without_vat"":null,""properties"":{""Využitelná kapacita (kWh)"":""3.37""},""image_url"":""https://cdn.shop.krannich-solar.com/media/e7/13/12/1750173993/1750255_3_f_6_3_3f6332af965317ed7d4760c639ea4febacd43274_det_sb_pt_48v_force_h1_fh48074_module.jpg.jpg?width=3000"",""has_quantity_discount"":false,""scraped_at"":""2026-07-04T09:58:53.381Z""}"
Krannich Solar;1758983;1758983;Force-H2 10,65 kWh;Kompletní baterie Force-H2;Baterie;Pylontech;50489.47;21;ks;https://shop.krannich-solar.com/cs-cz/Force-H2-10-65-kWh/1758983;35 ks na skladě, možné naskladnění: 05.08.2026;"{""categories"":[""Baterie""],""price_raw"":""50 489,47 Kč*"",""price_per_wp_raw"":"""",""price_per_wp_czk_without_vat"":null,""properties"":{""Využitelná kapacita (kWh)"":""10.10""},""image_url"":""https://cdn.shop.krannich-solar.com/media/97/bc/a2/1758616582/1758983_c_1_d_3_c1d35dc94df0c95b9e83d1f949cb32e381f63853_det_sb_pt_96v_force_h2_10.5.jpg.jpg?width=3000"",""has_quantity_discount"":false,""scraped_at"":""2026-07-04T09:58:51.025Z""}"
Krannich Solar;1758984;1758984;Force-H2 13,5 kWh;Kompletní baterie Force-H2;Baterie;Pylontech;64033.59;21;ks;https://shop.krannich-solar.com/cs-cz/Force-H2-13-5-kWh/1758984;32 ks na skladě, možné naskladnění: 12.08.2026;"{""categories"":[""Baterie""],""price_raw"":""64 033,59 Kč*"",""price_per_wp_raw"":"""",""price_per_wp_czk_without_vat"":null,""properties"":{""Využitelná kapacita (kWh)"":""13.50""},""image_url"":""https://cdn.shop.krannich-solar.com/media/be/c4/42/1758616582/1758984_b_c_f_e_bcfe80830ef105ae4608c829fe94ed4965ad3d69_det_sb_pt_96v_force_h2_14.0.jpg.jpg?width=3000"",""has_quantity_discount"":false,""scraped_at"":""2026-07-04T09:58:53.381Z""}"
Krannich Solar;1758982;1758982;Force-H2 7,10 kWh;Kompletní baterie Force-H2;Baterie;Pylontech;36945.36;21;ks;https://shop.krannich-solar.com/cs-cz/Force-H2-7-10-kWh/1758982;35 ks na skladě, možné naskladnění: 05.08.2026;"{""categories"":[""Baterie""],""price_raw"":""36 945,36 Kč*"",""price_per_wp_raw"":"""",""price_per_wp_czk_without_vat"":null,""properties"":{""Využitelná kapacita (kWh)"":""6.70""},""image_url"":""https://cdn.shop.krannich-solar.com/media/0f/eb/6a/1767802020/1758982_0_f_8_1_0f817e840b924eb0ace8d5a56b1d849e2330e0e0_det_sb_pt_96v_force_h2_7.0.jpg.jpg?width=3000"",""has_quantity_discount"":false,""scraped_at"":""2026-07-04T09:58:51.025Z""}"
Krannich Solar;1757474;1757474;Force-H2 FC0500M-40S;BMS jednotka pro baterie Force-H2;Baterie;Pylontech;5606.6;21;ks;https://shop.krannich-solar.com/cs-cz/Force-H2-FC0500M-40S/1757474;20 ks na skladě, poslední kusy;"{""categories"":[""Baterie"",""Výprodej""],""price_raw"":""5 606,60 Kč*"",""price_per_wp_raw"":"""",""price_per_wp_czk_without_vat"":null,""properties"":{},""image_url"":""https://cdn.shop.krannich-solar.com/media/f2/14/68/1780492924/1757474_0_f_a_a_0faa15bf47b12482e5a1bce2d617cc9dc55d8936_det_sba_pt_force_h2_fsc500m_battery_management_system.jpg.jpg?width=3000"",""has_quantity_discount"":false,""scraped_at"":""2026-07-04T09:58:53.381Z""}"
Krannich Solar;1752523;1752523;Force-H2 FC0500M-40S-V2;BMS jednotka pro baterie Force-H2;Baterie;Pylontech;9857.14;21;ks;https://shop.krannich-solar.com/cs-cz/Force-H2-FC0500M-40S-V2/1752523;35 ks na skladě, možné naskladnění: 05.08.2026;"{""categories"":[""Baterie""],""price_raw"":""9 857,14 Kč*"",""price_per_wp_raw"":"""",""price_per_wp_czk_without_vat"":null,""properties"":{},""image_url"":""https://cdn.shop.krannich-solar.com/media/dd/0f/7f/1750077225/1752523_0_f_a_a_0faa15bf47b12482e5a1bce2d617cc9dc55d8936_det_sba_pt_force_h2_fsc500m_battery_management_system.jpg.jpg?width=3000"",""has_quantity_discount"":false,""scraped_at"":""2026-07-04T09:58:51.026Z""}"
Krannich Solar;1732232;1732232;Force-H2 FH9637M;Bateriový modul pro baterie Force-H2;Baterie;Pylontech;13544.11;21;ks;https://shop.krannich-solar.com/cs-cz/Force-H2-FH9637M/1732232;128 ks na skladě, možné naskladnění: 12.08.2026;"{""categories"":[""Baterie""],""price_raw"":""13 544,11 Kč*"",""price_per_wp_raw"":"""",""price_per_wp_czk_without_vat"":null,""properties"":{""Využitelná kapacita (kWh)"":""3.37""},""image_url"":""https://cdn.shop.krannich-solar.com/media/5e/f8/36/1750077895/1732232_d_7_b_7_d7b7baac558698168c58c6efb2b81d1ebec54c98_det_sb_pt_force_h2_fh9637m_module.jpg.jpg?width=3000"",""has_quantity_discount"":false,""scraped_at"":""2026-07-04T09:58:48.745Z""}"
Krannich Solar;1761945;1761945;Force-H3 10,24 kWh;Kompletní baterie Force-H3;Baterie;Pylontech;46909.69;21;ks;https://shop.krannich-solar.com/cs-cz/Force-H3-10-24-kWh/1761945;121 ks na skladě, možné naskladnění: 13.08.2026;"{""categories"":[""Baterie""],""price_raw"":""46 909,69 Kč*"",""price_per_wp_raw"":"""",""price_per_wp_czk_without_vat"":null,""properties"":{""Využitelná kapacita (kWh)"":""9.69""},""image_url"":""https://cdn.shop.krannich-solar.com/media/49/ae/e7/1758616583/1761945_e_c_1_2_ec127ee0186e643289961b3672335745917004f2_det_sb_pt_102.4v_force_h3_9.7.png.png?width=3000"",""has_quantity_discount"":false,""scraped_at"":""2026-07-04T09:58:48.745Z""}"
Krannich Solar;1761946;1761946;Force-H3 15,36 kWh;Kompletní baterie Force-H3;Baterie;Pylontech;65129.69;21;ks;https://shop.krannich-solar.com/cs-cz/Force-H3-15-36-kWh/1761946;121 ks na skladě, možné naskladnění: 13.08.2026;"{""categories"":[""Baterie""],""price_raw"":""65 129,69 Kč*"",""price_per_wp_raw"":"""",""price_per_wp_czk_without_vat"":null,""properties"":{""Využitelná kapacita (kWh)"":""14.73""},""image_url"":""https://cdn.shop.krannich-solar.com/media/05/bf/20/1758616583/1761946_0_6_a_9_06a99adca29c4b10205f24bacf6d35389bc60b9e_det_sb_pt_102.4v_force_h3_14.7.png.png?width=3000"",""has_quantity_discount"":false,""scraped_at"":""2026-07-04T09:58:48.745Z""}"
Krannich Solar;1761947;1761947;Force-H3 20,48 kWh;Kompletní baterie Force-H3;Baterie;Pylontech;83349.68;21;ks;https://shop.krannich-solar.com/cs-cz/Force-H3-20-48-kWh/1761947;96 ks na skladě, možné naskladnění: 13.08.2026;"{""categories"":[""Baterie""],""price_raw"":""83 349,68 Kč*"",""price_per_wp_raw"":"""",""price_per_wp_czk_without_vat"":null,""properties"":{""Využitelná kapacita (kWh)"":""19.48""},""image_url"":""https://cdn.shop.krannich-solar.com/media/91/52/65/1771303307/1761947_9_9_4_e_994ef0c1b6ba78c84a96493c383a776e538cdab4_det_sb_pt_102.4v_force_h3_19.5.png.png?width=3000"",""has_quantity_discount"":false,""scraped_at"":""2026-07-04T09:58:48.745Z""}"
Krannich Solar;1761948;1761948;Force-H3 25,60 kWh;Kompletní baterie Force-H3;Baterie;Pylontech;101569.68;21;ks;https://shop.krannich-solar.com/cs-cz/Force-H3-25-60-kWh/1761948;77 ks na skladě, možné naskladnění: 13.08.2026;"{""categories"":[""Baterie""],""price_raw"":""101 569,68 Kč*"",""price_per_wp_raw"":"""",""price_per_wp_czk_without_vat"":null,""properties"":{""Využitelná kapacita (kWh)"":""24.32""},""image_url"":""https://cdn.shop.krannich-solar.com/media/b8/72/g0/1771303307/1761948_f_1_d_c_f1dc4539a600ee6a7ed9d9563afeea7d9a0a4542_det_sb_pt_102.4v_force_h3_24.3.png.png?width=3000"",""has_quantity_discount"":false,""scraped_at"":""2026-07-04T09:58:48.746Z""}"
Krannich Solar;1761949;1761949;Force-H3 30,72 kWh;Kompletní baterie Force-H3;Baterie;Pylontech;119789.67;21;ks;https://shop.krannich-solar.com/cs-cz/Force-H3-30-72-kWh/1761949;64 ks na skladě, možné naskladnění: 13.08.2026;"{""categories"":[""Baterie""],""price_raw"":""119 789,67 Kč*"",""price_per_wp_raw"":"""",""price_per_wp_czk_without_vat"":null,""properties"":{""Využitelná kapacita (kWh)"":""29.17""},""image_url"":""https://cdn.shop.krannich-solar.com/media/8f/g0/5c/1771303307/1761949_5_2_8_5_528531bb64a974e533fe531436a112a306d4392c_det_sb_pt_102.4v_force_h3_29.2.png.png?width=3000"",""has_quantity_discount"":false,""scraped_at"":""2026-07-04T09:58:51.023Z""}"
Krannich Solar;1761950;1761950;Force-H3 35,84 kWh;Kompletní baterie Force-H3;Baterie;Pylontech;138009.67;21;ks;https://shop.krannich-solar.com/cs-cz/Force-H3-35-84-kWh/1761950;55 ks na skladě, možné naskladnění: 13.08.2026;"{""categories"":[""Baterie""],""price_raw"":""138 009,67 Kč*"",""price_per_wp_raw"":"""",""price_per_wp_czk_without_vat"":null,""properties"":{""Využitelná kapacita (kWh)"":""34.01""},""image_url"":""https://cdn.shop.krannich-solar.com/media/9f/41/8d/1759302387/1761950_2_7_5_6_2756602522c5c061f78b004ab0de9c0e69a86926_det_sb_pt_102.4v_force_h3_34.0.png.png?width=3000"",""has_quantity_discount"":false,""scraped_at"":""2026-07-04T09:58:51.023Z""}"
Krannich Solar;1759943;1759943;Force-H3 FC1000;BMS jednotka pro baterie Force-H3;Baterie;Pylontech;10469.7;21;ks;https://shop.krannich-solar.com/cs-cz/Force-H3-FC1000/1759943;121 ks na skladě, možné naskladnění: 13.08.2026;"{""categories"":[""Baterie""],""price_raw"":""10 469,70 Kč*"",""price_per_wp_raw"":"""",""price_per_wp_czk_without_vat"":null,""properties"":{},""image_url"":""https://cdn.shop.krannich-solar.com/media/1a/b6/27/1754610999/1759943_5_0_f_3_50f3e4922456305d954f8cf7ba56cb960def0410_det_sba_pt_force_h3_fc1000_battery_management_system.png.png?width=3000"",""has_quantity_discount"":false,""scraped_at"":""2026-07-04T09:58:48.745Z""}"
Krannich Solar;1754119;1754119;Force-H3 FH10050;Bateriový modul pro baterie Force-H3;Baterie;Pylontech;18220;21;ks;https://shop.krannich-solar.com/cs-cz/Force-H3-FH10050/1754119;387 ks na skladě, možné naskladnění: 13.08.2026;"{""categories"":[""Baterie""],""price_raw"":""18 220,00 Kč*"",""price_per_wp_raw"":"""",""price_per_wp_czk_without_vat"":null,""properties"":{""Využitelná kapacita (kWh)"":""4.85""},""image_url"":""https://cdn.shop.krannich-solar.com/media/e5/30/d4/1754610998/1754119_8_9_0_b_890bdb04a6e1efae3d77e5d7022eff5cf22e6b0b_det_sb_pt_force_h3_fh10050_module.png.png?width=3000"",""has_quantity_discount"":false,""scraped_at"":""2026-07-04T09:58:48.745Z""}"
Krannich Solar;1714979;1714979;LV-HUB;Komunikační HUB pro US2000/3000/5000;Baterie;Pylontech;8690.23;21;ks;https://shop.krannich-solar.com/cs-cz/LV-HUB/1714979;1 ks na skladě, možné naskladnění: 05.08.2026;"{""categories"":[""Baterie""],""price_raw"":""8 690,23 Kč*"",""price_per_wp_raw"":"""",""price_per_wp_czk_without_vat"":null,""properties"":{},""image_url"":""https://cdn.shop.krannich-solar.com/media/20/8e/bf/1750077136/1714979_6_4_c_d_64cd67913eb5a35fc01be1d64c7b8c9f008985d1_LV_HUB.jpg.jpg?width=3000"",""has_quantity_discount"":false,""scraped_at"":""2026-07-04T09:59:05.552Z""}"
Krannich Solar;1729823;1729823;MBMS1000A-S;Master BMS jednotka pro H48050/H48074;Baterie;Pylontech;8409.9;21;ks;https://shop.krannich-solar.com/cs-cz/MBMS1000A-S/1729823;2 ks na skladě, poslední kusy;"{""categories"":[""Baterie""],""price_raw"":""8 409,90 Kč*"",""price_per_wp_raw"":"""",""price_per_wp_czk_without_vat"":null,""properties"":{},""image_url"":""https://cdn.shop.krannich-solar.com/media/6e/11/64/1750077782/1729823_5_2_f_8_52f8d5b9341a2c2084347089d363a214c8cc902e_MBMS_1000A_S.jpg.jpg?width=3000"",""has_quantity_discount"":false,""scraped_at"":""2026-07-04T09:59:03.071Z""}"
Krannich Solar;1755243;1755243;P-Combiner-HV-3;Sdružovač pro baterie Force-H1/H2/H3;Baterie;Pylontech;7428.75;21;ks;https://shop.krannich-solar.com/cs-cz/P-Combiner-HV-3/1755243;0 ks na skladě, možné naskladnění: 29.07.2026;"{""categories"":[""Baterie""],""price_raw"":""7 428,75 Kč*"",""price_per_wp_raw"":"""",""price_per_wp_czk_without_vat"":null,""properties"":{},""image_url"":""https://cdn.shop.krannich-solar.com/media/32/88/97/1750077404/1755243_b_c_3_5_bc35670e385edf6c81d743f0874db15b97adbb2a_det_sba_pt_combiner_hv3_hv6.png.png?width=3000"",""has_quantity_discount"":false,""scraped_at"":""2026-07-04T09:59:12.783Z""}"
Krannich Solar;1755244;1755244;P-Combiner-HV-6;Sdružovač pro baterie Force-H1/H2/H3;Baterie;Pylontech;9811.55;21;ks;https://shop.krannich-solar.com/cs-cz/P-Combiner-HV-6/1755244;0 ks na skladě, možné naskladnění: 09.07.2026;"{""categories"":[""Baterie""],""price_raw"":""9 811,55 Kč*"",""price_per_wp_raw"":"""",""price_per_wp_czk_without_vat"":null,""properties"":{},""image_url"":""https://cdn.shop.krannich-solar.com/media/7c/d9/50/1750077405/1755244_6_0_2_a_602accc2e817d964966b27d27e9581d15a58f4e3_det_sba_pt_combiner_hv3_hv6.png.png?width=3000"",""has_quantity_discount"":false,""scraped_at"":""2026-07-04T09:59:05.552Z""}"
Krannich Solar;1763879;1763879;P-Combiner-HV-6 V2;Sdružovač pro baterie Force-H1/H2/H3;Baterie;Pylontech;9890.12;21;ks;https://shop.krannich-solar.com/cs-cz/P-Combiner-HV-6-V2/1763879;0 ks na skladě, možné naskladnění: 14.08.2026;"{""categories"":[""Baterie""],""price_raw"":""9 890,12 Kč*"",""price_per_wp_raw"":"""",""price_per_wp_czk_without_vat"":null,""properties"":{},""image_url"":""https://cdn.shop.krannich-solar.com/media/fa/5a/c6/1776063185/1763879_e_9_e_b_e9eb55b725f81736f4c0f481eed3ef6105718c2e_det_sba_pt_combiner_hv3_hv6.png.png?width=3000"",""has_quantity_discount"":false,""scraped_at"":""2026-07-04T09:59:15.139Z""}"
Krannich Solar;1734372;1734372;SC0500-40S;BMS jednotka pro H48050/H48074;Baterie;Pylontech;5746.77;21;ks;https://shop.krannich-solar.com/cs-cz/SC0500-40S/1734372;42 ks na skladě, poslední kusy;"{""categories"":[""Baterie"",""Výprodej""],""price_raw"":""5 746,77 Kč*"",""price_per_wp_raw"":"""",""price_per_wp_czk_without_vat"":null,""properties"":{},""image_url"":""https://cdn.shop.krannich-solar.com/media/08/18/18/1750077147/1734372_8_2_6_3_826338b90c07bd45bb8de1171d20ee0c3fb20a38_SC0500_40S.jpg.jpg?width=3000"",""has_quantity_discount"":false,""scraped_at"":""2026-07-04T09:58:51.025Z""}"
Krannich Solar;1729805;1729805;SC0500A-100S;BMS jednotka pro H48050/H48074;Baterie;Pylontech;6447.59;21;ks;https://shop.krannich-solar.com/cs-cz/SC0500A-100S/1729805;33 ks na skladě, poslední kusy;"{""categories"":[""Baterie"",""Výprodej""],""price_raw"":""6 447,59 Kč*"",""price_per_wp_raw"":"""",""price_per_wp_czk_without_vat"":null,""properties"":{},""image_url"":""https://cdn.shop.krannich-solar.com/media/b5/3f/0e/1750077784/1729805_6_4_2_7_6427b6bc36b3d7241bc85c767c91991163a4deaa_SC0500A_100S_MAIN_CONTROLLER.jpg.jpg?width=3000"",""has_quantity_discount"":false,""scraped_at"":""2026-07-04T09:58:51.026Z""}"
Krannich Solar;1727511;1727511;SC1000-100S;BMS jednotka pro H48050/H48074;Baterie;Pylontech;8409.9;21;ks;https://shop.krannich-solar.com/cs-cz/SC1000-100S/1727511;7 ks na skladě, poslední kusy;"{""categories"":[""Baterie"",""Výprodej""],""price_raw"":""8 409,90 Kč*"",""price_per_wp_raw"":"""",""price_per_wp_czk_without_vat"":null,""properties"":{},""image_url"":""https://cdn.shop.krannich-solar.com/media/33/b7/3e/1750077398/1727511_8_c_1_a_8c1ab87c0b6a1f4eb79afb94ba2293d169a9cf6e_1727511.jpg.jpg?width=3000"",""has_quantity_discount"":false,""scraped_at"":""2026-07-04T09:58:58.271Z""}"
Krannich Solar;1733889;1733889;US2000C;Bateriový modul 2,4 kWh;Baterie;Pylontech;8714.24;21;ks;https://shop.krannich-solar.com/cs-cz/US2000C/1733889;0 ks na skladě, dostupnost na vyžádání, -;"{""categories"":[""Baterie""],""price_raw"":""8 714,24 Kč*"",""price_per_wp_raw"":"""",""price_per_wp_czk_without_vat"":null,""properties"":{""Využitelná kapacita (kWh)"":""2.28""},""image_url"":""https://cdn.shop.krannich-solar.com/media/e2/60/a6/1779783721/1733889_4_d_1_f_4d1f430f7724a49df32853a849fec472ead6c843_det_sb_pt_48v_us2000.png.png?width=3000"",""has_quantity_discount"":false,""scraped_at"":""2026-07-04T09:59:22.431Z""}"
Krannich Solar;1744456;1744456;US3000C;Bateriový modul 3,552 kWh;Baterie;Pylontech;12999.94;21;ks;https://shop.krannich-solar.com/cs-cz/US3000C/1744456;0 ks na skladě, dostupnost na vyžádání, -;"{""categories"":[""Baterie""],""price_raw"":""12 999,94 Kč*"",""price_per_wp_raw"":"""",""price_per_wp_czk_without_vat"":null,""properties"":{""Využitelná kapacita (kWh)"":""3.37""},""image_url"":""https://cdn.shop.krannich-solar.com/media/48/8c/44/1779783722/1744456_9_6_5_f_965f403eeb4a68e91d138743e729ed4cfd27cbb6_det_sb_pt_us3000c.png.png?width=3000"",""has_quantity_discount"":false,""scraped_at"":""2026-07-04T09:59:22.431Z""}"
Krannich Solar;1752908;1752908;US5000;Bateriový modul 4,8 kWh;Baterie;Pylontech;17571.31;21;ks;https://shop.krannich-solar.com/cs-cz/US5000/1752908;122 ks na skladě, možné naskladnění: 24.08.2026;"{""categories"":[""Baterie""],""price_raw"":""17 571,31 Kč*"",""price_per_wp_raw"":"""",""price_per_wp_czk_without_vat"":null,""properties"":{""Využitelná kapacita (kWh)"":""4.56""},""image_url"":""https://cdn.shop.krannich-solar.com/media/3e/c5/1b/1779783721/1752908_5_a_9_a_5a9aaf9fc75ea54b7bae468aa2ce02ce68f501a9_det_sb_pt_us5000.png.png?width=3000"",""has_quantity_discount"":false,""scraped_at"":""2026-07-04T09:58:48.745Z""}"
Krannich Solar;1729792;1729792;POWER BATTERY BMS MASTER;BMS pro bateriové moduly RCT Power;Baterie;RCT Power;6669.48;21;ks;https://shop.krannich-solar.com/cs-cz/POWER-BATTERY-BMS-MASTER/1729792;5 ks na skladě, možné naskladnění: 22.07.2026;"{""categories"":[""Baterie"",""Výprodej""],""price_raw"":""6 669,48 Kč*"",""price_per_wp_raw"":"""",""price_per_wp_czk_without_vat"":null,""properties"":{},""image_url"":""https://cdn.shop.krannich-solar.com/media/6e/c9/ee/1750077533/1729792_d_0_6_0_d0606b6c4b5b3cd0bf0f0611d3184e4ae86421e8_1729792.jpg.jpg?width=3000"",""has_quantity_discount"":false,""scraped_at"":""2026-07-04T09:58:58.272Z""}"
Krannich Solar;1729791;1729791;POWER BATTERY MODULE 1.9;Bateriový modul RCT Power 1,9 kWh;Baterie;RCT Power;11171.73;21;ks;https://shop.krannich-solar.com/cs-cz/POWER-BATTERY-MODULE-1.9/1729791;11 ks na skladě, možné naskladnění: 22.07.2026;"{""categories"":[""Baterie"",""Výprodej""],""price_raw"":""11 171,73 Kč*"",""price_per_wp_raw"":"""",""price_per_wp_czk_without_vat"":null,""properties"":{""Využitelná kapacita (kWh)"":""1.73""},""image_url"":""https://cdn.shop.krannich-solar.com/media/8b/d8/d5/1750077533/1729791_0_7_e_9_07e958de433e628e185891c28ef2a68b7b20360e_det_sb_rct_power_battery_modul_1.9.png.png?width=3000"",""has_quantity_discount"":false,""scraped_at"":""2026-07-04T09:58:55.828Z""}"
Krannich Solar;1762355;1762355;BAT 5K EXTENSION SET;Set pro rozšíření úložiště o 4. bateriový modul;Baterie;SOFAR;1190.92;21;ks;https://shop.krannich-solar.com/cs-cz/BAT-5K-EXTENSION-SET/1762355;1 ks na skladě, možné naskladnění: 05.08.2026;"{""categories"":[""Baterie""],""price_raw"":""1 190,92 Kč*"",""price_per_wp_raw"":"""",""price_per_wp_czk_without_vat"":null,""properties"":{},""image_url"":""https://cdn.shop.krannich-solar.com/media/63/52/14/1772107605/1762355_d_4_c_9_d4c98aeafe184332131fc0e81f7c7746bf6564c6_det_sba_sof_bat_5k_extension.jpg.jpg?width=3000"",""has_quantity_discount"":false,""scraped_at"":""2026-07-04T09:59:03.071Z""}"
Krannich Solar;1757332;1757332;BTS 5K;Bateriový modul 5,12 kWh;Baterie;SOFAR;19425.46;21;ks;https://shop.krannich-solar.com/cs-cz/BTS-5K/1757332;6 ks na skladě, možné naskladnění: 05.08.2026;"{""categories"":[""Baterie""],""price_raw"":""19 425,46 Kč*"",""price_per_wp_raw"":"""",""price_per_wp_czk_without_vat"":null,""properties"":{""Využitelná kapacita (kWh)"":""4.75""},""image_url"":""https://cdn.shop.krannich-solar.com/media/98/5e/f0/1750077716/1757332_a_e_9_5_ae95172ffeb1af67fe7f38be3b2c4972a5195255_det_sb_sof_bts_5k_battery_module.png.png?width=3000"",""has_quantity_discount"":false,""scraped_at"":""2026-07-04T09:58:58.272Z""}"
Krannich Solar;1753956;1753956;BTS 5K-BDU Battery Connection Box;BMS jednotka pro bateriové moduly BTS 5K;Baterie;SOFAR;4380.28;21;ks;https://shop.krannich-solar.com/cs-cz/BTS-5K-BDU-Battery-Connection-Box/1753956;8 ks na skladě, možné naskladnění: 05.08.2026;"{""categories"":[""Baterie""],""price_raw"":""4 380,28 Kč*"",""price_per_wp_raw"":"""",""price_per_wp_czk_without_vat"":null,""properties"":{},""image_url"":""https://cdn.shop.krannich-solar.com/media/f1/e4/df/1750077324/1753956_9_3_4_c_934c22a148ccc2731500bc2711a7d1b975241f76_det_sba_sof_bat_5k_bdu.png.png?width=3000"",""has_quantity_discount"":false,""scraped_at"":""2026-07-04T09:58:55.829Z""}"
Krannich Solar;1757451;1757451;BTS E10-DS5;Rezidenční baterie 10,24 kWh;Baterie;SOFAR;43231.21;21;ks;https://shop.krannich-solar.com/cs-cz/BTS-E10-DS5/1757451;3 ks na skladě, možné naskladnění: 05.08.2026;"{""categories"":[""Baterie""],""price_raw"":""43 231,21 Kč*"",""price_per_wp_raw"":"""",""price_per_wp_czk_without_vat"":null,""properties"":{""Využitelná kapacita (kWh)"":""9.50""},""image_url"":""https://cdn.shop.krannich-solar.com/media/81/7a/8d/1753706178/1757451_6_c_8_1_6c81b2d666c5d1fe92d60b75abba7b82dc41899b_det_sb_sof_bts_e10_d5.png.png?width=3000"",""has_quantity_discount"":false,""scraped_at"":""2026-07-04T09:59:00.665Z""}"
Krannich Solar;1757452;1757452;BTS E15-DS5;Rezidenční baterie 15,36 kWh;Baterie;SOFAR;62656.67;21;ks;https://shop.krannich-solar.com/cs-cz/BTS-E15-DS5/1757452;2 ks na skladě, možné naskladnění: 05.08.2026;"{""categories"":[""Baterie""],""price_raw"":""62 656,67 Kč*"",""price_per_wp_raw"":"""",""price_per_wp_czk_without_vat"":null,""properties"":{""Využitelná kapacita (kWh)"":""14.25""},""image_url"":""https://cdn.shop.krannich-solar.com/media/26/77/44/1753706179/1757452_a_1_6_0_a160ed2b406535396a6513e1dc60e6af45a9252c_det_sb_sof_bts_e15_d5.png.png?width=3000"",""has_quantity_discount"":false,""scraped_at"":""2026-07-04T09:59:03.070Z""}"
Krannich Solar;1762385;1762385;BTS E20-DS5;Rezidenční baterie 20,48 kWh;Baterie;SOFAR;83273.05;21;ks;https://shop.krannich-solar.com/cs-cz/BTS-E20-DS5/1762385;1 ks na skladě, možné naskladnění: 05.08.2026;"{""categories"":[""Baterie""],""price_raw"":""83 273,05 Kč*"",""price_per_wp_raw"":"""",""price_per_wp_czk_without_vat"":null,""properties"":{""Využitelná kapacita (kWh)"":""19.00""},""image_url"":""https://cdn.shop.krannich-solar.com/media/7d/19/e7/1779270723/1762385_e_5_d_9_e5d97a1e5cab49aac7580c74ee9b0d8073f6c02d_det_sb_sof_bts_e20_d5.png.png?width=3000"",""has_quantity_discount"":false,""scraped_at"":""2026-07-04T09:59:03.071Z""}"
Krannich Solar;1757450;1757450;BTS E5-DS5;Rezidenční baterie 5,12 kWh;Baterie;SOFAR;23805.74;21;ks;https://shop.krannich-solar.com/cs-cz/BTS-E5-DS5/1757450;6 ks na skladě, možné naskladnění: 05.08.2026;"{""categories"":[""Baterie""],""price_raw"":""23 805,74 Kč*"",""price_per_wp_raw"":"""",""price_per_wp_czk_without_vat"":null,""properties"":{""Využitelná kapacita (kWh)"":""4.75""},""image_url"":""https://cdn.shop.krannich-solar.com/media/90/9c/80/1753706177/1757450_6_e_4_b_6e4b937c20f9c07d145514e4dbdd09a88bdbdf03_det_sb_sof_bts_e5_d5.png.png?width=3000"",""has_quantity_discount"":false,""scraped_at"":""2026-07-04T09:58:58.272Z""}"
Krannich Solar;1764823;1764823;CBS5000-BCU;BMS jednotka pro bateriové moduly CBS5000-BMU-H;Baterie;SOFAR;19971.33;21;ks;https://shop.krannich-solar.com/cs-cz/CBS5000-BCU/1764823;0 ks na skladě, možné naskladnění: 02.09.2026;"{""categories"":[""Baterie""],""price_raw"":""19 971,33 Kč*"",""price_per_wp_raw"":"""",""price_per_wp_czk_without_vat"":null,""properties"":{},""image_url"":""https://cdn.shop.krannich-solar.com/media/42/fb/b1/1782278498/1764823_e_6_a_e_e6ae51b6f39e319143f3ff3d4bc2f6b7839a8d25_det_sba_sof_cbs5000_bcu.png.png?width=3000"",""has_quantity_discount"":false,""scraped_at"":""2026-07-04T09:59:15.139Z""}"
Krannich Solar;1764822;1764822;CBS5000-BMU-H;Bateriový modul 5,12 kWh;Baterie;SOFAR;17316.68;21;ks;https://shop.krannich-solar.com/cs-cz/CBS5000-BMU-H/1764822;0 ks na skladě, možné naskladnění: 02.09.2026;"{""categories"":[""Baterie""],""price_raw"":""17 316,68 Kč*"",""price_per_wp_raw"":"""",""price_per_wp_czk_without_vat"":null,""properties"":{""Využitelná kapacita (kWh)"":""4.60""},""image_url"":""https://cdn.shop.krannich-solar.com/media/cf/7e/ab/1782278497/1764822_3_a_c_3_3ac3226a978027d8a7cb989f9ef1646361e1d28e_det_sb_sof_cbs5000_bmu.png.png?width=3000"",""has_quantity_discount"":false,""scraped_at"":""2026-07-04T09:59:15.140Z""}"
Krannich Solar;1758464;1758464;Commisioning Battery Cabinet 1;;Baterie;SOFAR;13337.5;21;ks;https://shop.krannich-solar.com/cs-cz/Commisioning-Battery-Cabinet-1/1758464;0 ks na skladě, dostupnost na vyžádání, -;"{""categories"":[""Baterie""],""price_raw"":""13 337,50 Kč*"",""price_per_wp_raw"":"""",""price_per_wp_czk_without_vat"":null,""properties"":{},""image_url"":""https://cdn.shop.krannich-solar.com/media/87/7a/c7/1771520813/1758464_c_0_e_7_c0e7c056fe5b2478fe99392a5437327539ad45c8_Krannich_Icon_service.png.png?width=3000"",""has_quantity_discount"":false,""scraped_at"":""2026-07-04T09:59:22.431Z""}"
Krannich Solar;1758465;1758465;Commisioning Battery Cabinet 2;;Baterie;SOFAR;21340;21;ks;https://shop.krannich-solar.com/cs-cz/Commisioning-Battery-Cabinet-2/1758465;0 ks na skladě, dostupnost na vyžádání, -;"{""categories"":[""Baterie""],""price_raw"":""21 340,00 Kč*"",""price_per_wp_raw"":"""",""price_per_wp_czk_without_vat"":null,""properties"":{},""image_url"":""https://cdn.shop.krannich-solar.com/media/96/f5/60/1771520813/1758465_7_d_f_5_7df59ef1cd6c96e64c36f9b3d55c11e28a2f8424_Krannich_Icon_service.png.png?width=3000"",""has_quantity_discount"":false,""scraped_at"":""2026-07-04T09:59:22.431Z""}"
Krannich Solar;1758461;1758461;Commisioning Energy Storage Cabinet 1;;Baterie;SOFAR;33343.75;21;ks;https://shop.krannich-solar.com/cs-cz/Commisioning-Energy-Storage-Cabinet-1/1758461;0 ks na skladě, dostupnost na vyžádání, -;"{""categories"":[""Baterie""],""price_raw"":""33 343,75 Kč*"",""price_per_wp_raw"":"""",""price_per_wp_czk_without_vat"":null,""properties"":{},""image_url"":""https://cdn.shop.krannich-solar.com/media/c1/cc/7e/1771520812/1758461_1_a_b_3_1ab35ad2239fe6fb427974659b55db52a4e87c0e_Krannich_Icon_service.png.png?width=3000"",""has_quantity_discount"":false,""scraped_at"":""2026-07-04T09:59:22.431Z""}"
Krannich Solar;1758462;1758462;Commisioning Energy Storage Cabinet 2;;Baterie;SOFAR;53350;21;ks;https://shop.krannich-solar.com/cs-cz/Commisioning-Energy-Storage-Cabinet-2/1758462;0 ks na skladě, dostupnost na vyžádání, -;"{""categories"":[""Baterie""],""price_raw"":""53 350,00 Kč*"",""price_per_wp_raw"":"""",""price_per_wp_czk_without_vat"":null,""properties"":{},""image_url"":""https://cdn.shop.krannich-solar.com/media/db/f6/f5/1771520812/1758462_5_0_2_8_5028f934563d903aa6102be2cba775fcfb2b61e3_Krannich_Icon_service.png.png?width=3000"",""has_quantity_discount"":false,""scraped_at"":""2026-07-04T09:59:22.431Z""}"
Krannich Solar;1758466;1758466;COMMISSIONING BATTERY CABINET;Spuštění systému Battery Cabinet;Baterie;SOFAR;8002.5;21;ks;https://shop.krannich-solar.com/cs-cz/COMMISSIONING-BATTERY-CABINET/1758466;0 ks na skladě, dostupnost na vyžádání, -;"{""categories"":[""Baterie""],""price_raw"":""8 002,50 Kč*"",""price_per_wp_raw"":"""",""price_per_wp_czk_without_vat"":null,""properties"":{},""image_url"":""https://cdn.shop.krannich-solar.com/media/6f/83/69/1750077797/1758466_8_8_2_8_8828d7474b064ac420974b534d2f2af4322f84c0_Krannich_Icon_service.png.png?width=3000"",""has_quantity_discount"":false,""scraped_at"":""2026-07-04T10:02:36.262Z""}"
Krannich Solar;1758463;1758463;COMMISSIONING ENERGY STORAGE CABINET;Spuštění systému Energy Storage Cabinet;Baterie;SOFAR;20006.25;21;ks;https://shop.krannich-solar.com/cs-cz/COMMISSIONING-ENERGY-STORAGE-CABINET/1758463;0 ks na skladě, dostupnost na vyžádání, -;"{""categories"":[""Baterie""],""price_raw"":""20 006,25 Kč*"",""price_per_wp_raw"":"""",""price_per_wp_czk_without_vat"":null,""properties"":{},""image_url"":""https://cdn.shop.krannich-solar.com/media/5e/a3/55/1750077794/1758463_7_4_a_6_74a6e5ef498d0775e9d83153fce31e80b40f9a95_Krannich_Icon_service.png.png?width=3000"",""has_quantity_discount"":false,""scraped_at"":""2026-07-04T09:59:22.431Z""}"
Krannich Solar;1758460;1758460;COMMISSIONING POWER MAGIC;Spuštění systému Power Magic;Baterie;SOFAR;40012.5;21;ks;https://shop.krannich-solar.com/cs-cz/COMMISSIONING-POWER-MAGIC/1758460;0 ks na skladě, dostupnost na vyžádání, -;"{""categories"":[""Baterie""],""price_raw"":""40 012,50 Kč*"",""price_per_wp_raw"":"""",""price_per_wp_czk_without_vat"":null,""properties"":{},""image_url"":""https://cdn.shop.krannich-solar.com/media/ce/d8/84/1750077804/1758460_d_0_5_a_d05a3195c54e66d0d7ef6ffab1c9cfc88c196662_Krannich_Icon_service.png.png?width=3000"",""has_quantity_discount"":false,""scraped_at"":""2026-07-04T09:59:22.431Z""}"
Krannich Solar;1764294;1764294;Power Magic 2.0, 261 kWh;;Baterie;SOFAR;899065.43;21;ks;https://shop.krannich-solar.com/cs-cz/Power-Magic-2.0-261-kWh/1764294;0 ks na skladě, dostupnost na vyžádání, -;"{""categories"":[""Baterie""],""price_raw"":""899 065,43 Kč*"",""price_per_wp_raw"":"""",""price_per_wp_czk_without_vat"":null,""properties"":{""Využitelná kapacita (kWh)"":""261.00""},""image_url"":""https://cdn.shop.krannich-solar.com/media/f0/4d/0d/1780412593/1764294_6_0_1_4_60149bb094e2b425331b4ff434b5291ad2023d8d_det_sbc_sof_powermagic_energy_cabinet_261k_v2.0.png.png?width=3000"",""has_quantity_discount"":false,""scraped_at"":""2026-07-04T09:59:22.431Z""}"
Krannich Solar;1758479;1758479;POWER MAGIC CABLE KIT A;;Baterie;SOFAR;8002.74;21;ks;https://shop.krannich-solar.com/cs-cz/POWER-MAGIC-CABLE-KIT-A/1758479;0 ks na skladě, možné naskladnění: 05.08.2026;"{""categories"":[""Baterie""],""price_raw"":""8 002,74 Kč*"",""price_per_wp_raw"":"""",""price_per_wp_czk_without_vat"":null,""properties"":{},""image_url"":""https://cdn.shop.krannich-solar.com/media/b1/62/a5/1750077805/1758479_6_6_e_1_66e14a1802066316a7f9d8d3807cba52de21ca4d_det_sba_sof_power_cable_kit.png.png?width=3000"",""has_quantity_discount"":false,""scraped_at"":""2026-07-04T09:59:15.138Z""}"
Krannich Solar;1758480;1758480;POWER MAGIC CABLE KIT B;K propojení 2 systémů Power Magic;Baterie;SOFAR;3564.99;21;ks;https://shop.krannich-solar.com/cs-cz/POWER-MAGIC-CABLE-KIT-B/1758480;0 ks na skladě, možné naskladnění: 05.08.2026;"{""categories"":[""Baterie""],""price_raw"":""3 564,99 Kč*"",""price_per_wp_raw"":"""",""price_per_wp_czk_without_vat"":null,""properties"":{},""image_url"":"""",""has_quantity_discount"":false,""scraped_at"":""2026-07-04T09:59:15.138Z""}"
Krannich Solar;1758481;1758481;POWER MAGIC CABLE KIT C;K propojení 3 systémů Power Magic;Baterie;SOFAR;5584.53;21;ks;https://shop.krannich-solar.com/cs-cz/POWER-MAGIC-CABLE-KIT-C/1758481;0 ks na skladě, možné naskladnění: 05.08.2026;"{""categories"":[""Baterie""],""price_raw"":""5 584,53 Kč*"",""price_per_wp_raw"":"""",""price_per_wp_czk_without_vat"":null,""properties"":{},""image_url"":"""",""has_quantity_discount"":false,""scraped_at"":""2026-07-04T09:59:15.138Z""}"
Krannich Solar;1758478;1758478;POWER MAGIC JUNCTION CABINET BASE;Podstavec k AC rozvaděči Power Magic;Baterie;SOFAR;9973.3;21;ks;https://shop.krannich-solar.com/cs-cz/POWER-MAGIC-JUNCTION-CABINET-BASE/1758478;0 ks na skladě, možné naskladnění: 12.08.2026;"{""categories"":[""Baterie""],""price_raw"":""9 973,30 Kč*"",""price_per_wp_raw"":"""",""price_per_wp_czk_without_vat"":null,""properties"":{},""image_url"":""https://cdn.shop.krannich-solar.com/media/97/b5/ef/1750077804/1758478_3_4_2_8_342829f998663edd3f5b5beb90b6186e30ef2c3d_det_sba_sof_power_magic_junction_cabinet_steel_base.png.png?width=3000"",""has_quantity_discount"":false,""scraped_at"":""2026-07-04T09:59:15.139Z""}"
Krannich Solar;1758475;1758475;PowerMagic Junction Cabinet 6x 125 kVA;AC rozvaděč až pro 2-6 systémů;Baterie;SOFAR;175922.12;21;ks;https://shop.krannich-solar.com/cs-cz/PowerMagic-Junction-Cabinet-6x-125-kVA/1758475;0 ks na skladě, možné naskladnění: 12.08.2026;"{""categories"":[""Baterie""],""price_raw"":""175 922,12 Kč*"",""price_per_wp_raw"":"""",""price_per_wp_czk_without_vat"":null,""properties"":{},""image_url"":""https://cdn.shop.krannich-solar.com/media/03/10/e5/1750077796/1758475_8_f_b_5_8fb588c44f1255681b0844dc2d0eb28cdbe8937c_det_sba_sof_power_magic_junction_cabinet.png.png?width=3000"",""has_quantity_discount"":false,""scraped_at"":""2026-07-04T09:59:15.139Z""}"
Krannich Solar;1753694;1753694;BAT-05K48;Kompletní baterie 18,4 kWh;Baterie;SolarEdge;158997.56;21;ks;https://shop.krannich-solar.com/cs-cz/BAT-05K48/1753694;0 ks na skladě, možné naskladnění: 22.07.2026;"{""categories"":[""Baterie""],""price_raw"":""158 997,56 Kč*"",""price_per_wp_raw"":"""",""price_per_wp_czk_without_vat"":null,""properties"":{""Využitelná kapacita (kWh)"":""18.40""},""image_url"":""https://cdn.shop.krannich-solar.com/media/a1/cf/89/1775073120/1753694_4_1_c_1_41c163454a7d57d031dbf14564a88459c5ff4152_det_sb_se_bat_05k48_home_battery_18_4kwh_2_2.jpg.jpg?width=3000"",""has_quantity_discount"":false,""scraped_at"":""2026-07-04T09:59:05.552Z""}"
Krannich Solar;1753695;1753695;BAT-05K48;Kompletní baterie 23,0 kWh;Baterie;SolarEdge;197854.07;21;ks;https://shop.krannich-solar.com/cs-cz/BAT-05K48/1753695;0 ks na skladě, možné naskladnění: 22.07.2026;"{""categories"":[""Baterie""],""price_raw"":""197 854,07 Kč*"",""price_per_wp_raw"":"""",""price_per_wp_czk_without_vat"":null,""properties"":{""Využitelná kapacita (kWh)"":""23.00""},""image_url"":""https://cdn.shop.krannich-solar.com/media/54/c5/4a/1775073121/1753695_4_f_2_c_4f2cec34a33c7c7b6ab523caa7703053e8491f56_det_sb_se_bat_05k48_home_battery_23kwh.jpg.jpg?width=3000"",""has_quantity_discount"":false,""scraped_at"":""2026-07-04T09:59:05.552Z""}"
Krannich Solar;1753693;1753693;BAT-05K48;Kompletní baterie 13,8 kWh;Baterie;SolarEdge;116893.98;21;ks;https://shop.krannich-solar.com/cs-cz/BAT-05K48/1753693;0 ks na skladě, možné naskladnění: 22.07.2026;"{""categories"":[""Baterie""],""price_raw"":""116 893,98 Kč*"",""price_per_wp_raw"":"""",""price_per_wp_czk_without_vat"":null,""properties"":{""Využitelná kapacita (kWh)"":""13.80""},""image_url"":""https://cdn.shop.krannich-solar.com/media/2a/d0/3a/1775073120/1753693_1_e_c_7_1ec70814d83e964d56361f0265bf64e78b0f7cf7_det_sb_se_bat_05k48_home_battery_13_8kwh.jpg.jpg?width=3000"",""has_quantity_discount"":false,""scraped_at"":""2026-07-04T09:59:05.552Z""}"
Krannich Solar;1753692;1753692;BAT-05K48;Kompletní baterie 4,6 kWh;Baterie;SolarEdge;39181.21;21;ks;https://shop.krannich-solar.com/cs-cz/BAT-05K48/1753692;0 ks na skladě, možné naskladnění: 22.07.2026;"{""categories"":[""Baterie""],""price_raw"":""39 181,21 Kč*"",""price_per_wp_raw"":"""",""price_per_wp_czk_without_vat"":null,""properties"":{""Využitelná kapacita (kWh)"":""4.60""},""image_url"":""https://cdn.shop.krannich-solar.com/media/8c/9a/20/1775073119/1753692_8_9_e_b_89ebbeccd3d00ed9fecdeea2ec4c9855e756b317_det_sb_se_bat_05k48_home_battery_4_6kwh.jpg.jpg?width=3000"",""has_quantity_discount"":false,""scraped_at"":""2026-07-04T09:59:05.553Z""}"
Krannich Solar;1753529;1753529;BAT-05K48;Kompletní baterie 9,2 kWh;Baterie;SolarEdge;78037.48;21;ks;https://shop.krannich-solar.com/cs-cz/BAT-05K48/1753529;0 ks na skladě, možné naskladnění: 22.07.2026;"{""categories"":[""Baterie""],""price_raw"":""78 037,48 Kč*"",""price_per_wp_raw"":"""",""price_per_wp_czk_without_vat"":null,""properties"":{""Využitelná kapacita (kWh)"":""9.20""},""image_url"":""https://cdn.shop.krannich-solar.com/media/52/20/32/1775073119/1753529_b_f_0_7_bf0716e9cbae568b89fff5652f84f0045ddb9d02_det_sb_se_bat_05k48_home_battery_9_2kwh.jpg.jpg?width=3000"",""has_quantity_discount"":false,""scraped_at"":""2026-07-04T09:59:05.553Z""}"
Krannich Solar;1756955;1756955;BATTERY CABINET FOR CSS-OD 102,4 kWh;Komerční bateriové úložiště;Baterie;SolarEdge;629112.22;21;ks;https://shop.krannich-solar.com/cs-cz/BATTERY-CABINET-FOR-CSS-OD-102-4-kWh/1756955;0 ks na skladě, možné naskladnění: 22.07.2026;"{""categories"":[""Baterie""],""price_raw"":""629 112,22 Kč*"",""price_per_wp_raw"":"""",""price_per_wp_czk_without_vat"":null,""properties"":{""Využitelná kapacita (kWh)"":""97.28""},""image_url"":""https://cdn.shop.krannich-solar.com/media/06/42/e9/1752537010/1756955_1_0_4_d_104d810505de85dbd6cda7baeb1657b0b914dbd5_det_sb_se_css_ou_20_battery_cabinet.png.png?width=3000"",""has_quantity_discount"":false,""scraped_at"":""2026-07-04T09:59:10.299Z""}"
Krannich Solar;1751153;1751153;BI-EU3P HOME BACKUP ROZHRANNÍ;;Baterie;SolarEdge;12452.62;21;ks;https://shop.krannich-solar.com/cs-cz/BI-EU3P-HOME-BACKUP-ROZHRANNI/1751153;0 ks na skladě, možné naskladnění: 09.07.2026;"{""categories"":[""Baterie""],""price_raw"":""12 452,62 Kč*"",""price_per_wp_raw"":"""",""price_per_wp_czk_without_vat"":null,""properties"":{},""image_url"":""https://cdn.shop.krannich-solar.com/media/96/13/a9/1750077165/1751153_5_c_d_f_5cdf7bf9e1b25053bcd6276f2e3f890299e907ea_det_iva_se_bi_eu3p_home_backup_interface.jpg.jpg?width=3000"",""has_quantity_discount"":false,""scraped_at"":""2026-07-04T09:59:05.552Z""}"
Krannich Solar;1751157;1751157;CABLE SET HOME BATTERY TOWER-TOWER;Sada kabelů k propojení dvou bateriových věží;Baterie;SolarEdge;2951.95;21;ks;https://shop.krannich-solar.com/cs-cz/CABLE-SET-HOME-BATTERY-TOWER-TOWER/1751157;0 ks na skladě, možné naskladnění: 22.07.2026;"{""categories"":[""Baterie""],""price_raw"":""2 951,95 Kč*"",""price_per_wp_raw"":"""",""price_per_wp_czk_without_vat"":null,""properties"":{},""image_url"":""https://cdn.shop.krannich-solar.com/media/a0/12/e6/1750077165/1751157_e_1_4_4_e1449c4465dc1f5733b7e98f91cc2580eaf23146_det_sba_se_cable_set_home_battery_tower_tower_iac_rbat_5kctow_01.jpg.jpg?width=3000"",""has_quantity_discount"":false,""scraped_at"":""2026-07-04T09:59:10.300Z""}"
Krannich Solar;1751155;1751155;CABLE SET HOME BATTERY-HOME BATTERY;Sada kabelů k propojení bateriových modulů;Baterie;SolarEdge;983.82;21;ks;https://shop.krannich-solar.com/cs-cz/CABLE-SET-HOME-BATTERY-HOME-BATTERY/1751155;0 ks na skladě, možné naskladnění: 22.07.2026;"{""categories"":[""Baterie""],""price_raw"":""983,82 Kč*"",""price_per_wp_raw"":"""",""price_per_wp_czk_without_vat"":null,""properties"":{},""image_url"":""https://cdn.shop.krannich-solar.com/media/88/36/e9/1750077175/1751155_2_8_0_5_2805154b202cc700e798f268e0cd55fea61eb79e_det_sba_se_cable_set_home_battery_home_battery_iac_rbat_5kcbat_01.jpg.jpg?width=3000"",""has_quantity_discount"":false,""scraped_at"":""2026-07-04T09:59:10.300Z""}"
Krannich Solar;1751156;1751156;CABLE SET HOME BATTERY-HUB INVERTER (RWB);Sada kabelů k propojení baterie a střídače;Baterie;SolarEdge;3389.18;21;ks;https://shop.krannich-solar.com/cs-cz/CABLE-SET-HOME-BATTERY-HUB-INVERTER-RWB/1751156;0 ks na skladě, možné naskladnění: 22.07.2026;"{""categories"":[""Baterie""],""price_raw"":""3 389,18 Kč*"",""price_per_wp_raw"":"""",""price_per_wp_czk_without_vat"":null,""properties"":{},""image_url"":""https://cdn.shop.krannich-solar.com/media/82/df/fb/1750077157/1751156_2_1_5_d_215d1e7e6399890c812cf20b1b91f3eb9c833f9a_det_sba_se_cable_set_home_battery_hub_inverter_iac_rbat_5kcinv_01.jpg.jpg?width=3000"",""has_quantity_discount"":false,""scraped_at"":""2026-07-04T09:59:10.300Z""}"
Krannich Solar;1759312;1759312;CSS-01-C-B01-01;Sada kabelů pro CSS-OD;Baterie;SolarEdge;4181.91;21;ks;https://shop.krannich-solar.com/cs-cz/CSS-01-C-B01-01/1759312;0 ks na skladě, možné naskladnění: 22.07.2026;"{""categories"":[""Baterie""],""price_raw"":""4 181,91 Kč*"",""price_per_wp_raw"":"""",""price_per_wp_czk_without_vat"":null,""properties"":{},""image_url"":""https://cdn.shop.krannich-solar.com/media/65/6f/37/1753707974/1759312_1_f_2_7_1f27f3dced631e8a9058de23d3735abca59eef7a_det_bbpa_se_css_od_cabling_extension_kit.png.png?width=3000"",""has_quantity_discount"":false,""scraped_at"":""2026-07-04T09:59:10.299Z""}"
Krannich Solar;1763390;1763390;CSS-OU-01-11-CA-197-01;Bateriové úložište 197 kWh;Baterie;SolarEdge;996722.61;21;ks;https://shop.krannich-solar.com/cs-cz/CSS-OU-01-11-CA-197-01/1763390;0 ks na skladě, možné naskladnění: 05.08.2026;"{""categories"":[""Baterie""],""price_raw"":""996 722,61 Kč*"",""price_per_wp_raw"":"""",""price_per_wp_czk_without_vat"":null,""properties"":{""Využitelná kapacita (kWh)"":""187.15""},""image_url"":""https://cdn.shop.krannich-solar.com/media/cf/82/c1/1772806073/1763390_9_1_f_b_91fbca0e65d55c8c4c1ff4329ada892df9cc7347_det_sb_se_css_ou_197_battery_cabinet.png.png?width=3000"",""has_quantity_discount"":false,""scraped_at"":""2026-07-04T09:59:12.783Z""}"
Krannich Solar;1752051;1752051;ENERGY BANK 10 kWh BATTERY S2;Vysokonapěťový Li-Ion bateriový systém;Baterie;SolarEdge;94296.13;21;ks;https://shop.krannich-solar.com/cs-cz/ENERGY-BANK-10-kWh-BATTERY-S2/1752051;0 ks na skladě, možné naskladnění: 22.07.2026;"{""categories"":[""Baterie""],""price_raw"":""94 296,13 Kč*"",""price_per_wp_raw"":"""",""price_per_wp_czk_without_vat"":null,""properties"":{""Využitelná kapacita (kWh)"":""9.70""},""image_url"":""https://cdn.shop.krannich-solar.com/media/d5/50/a9/1750077206/1752051_4_4_f_c_44fc129464cbda9cd9f728eb48933925c58d4646_det_sb_se_bat_10k1ps0b_01_energy_bank.jpg.jpg?width=3000"",""has_quantity_discount"":false,""scraped_at"":""2026-07-04T09:59:10.300Z""}"
Krannich Solar;1751158;1751158;FLOOR STAND KIT HOME BATTERY;Podstavec pro bateriové moduly;Baterie;SolarEdge;2459.92;21;ks;https://shop.krannich-solar.com/cs-cz/FLOOR-STAND-KIT-HOME-BATTERY/1751158;0 ks na skladě, možné naskladnění: 22.07.2026;"{""categories"":[""Baterie""],""price_raw"":""2 459,92 Kč*"",""price_per_wp_raw"":"""",""price_per_wp_czk_without_vat"":null,""properties"":{},""image_url"":""https://cdn.shop.krannich-solar.com/media/f6/4b/0c/1750077163/1751158_b_d_8_9_bd895cd7875ba1e7a6f64d9f91b8e5a223ead95e_det_sba_se_floor_stand_kit_home_battery_iac_rbat_5kfstd_01.jpg.jpg?width=3000"",""has_quantity_discount"":false,""scraped_at"":""2026-07-04T09:59:10.300Z""}"
Krannich Solar;1753414;1753414;HOME BATTERY 4,6 kWh MODULE;Nízkonapěťový bateriový modul;Baterie;SolarEdge;38265.05;21;ks;https://shop.krannich-solar.com/cs-cz/HOME-BATTERY-4-6-kWh-MODULE/1753414;0 ks na skladě, možné naskladnění: 22.07.2026;"{""categories"":[""Baterie""],""price_raw"":""38 265,05 Kč*"",""price_per_wp_raw"":"""",""price_per_wp_czk_without_vat"":null,""properties"":{""Využitelná kapacita (kWh)"":""4.60""},""image_url"":""https://cdn.shop.krannich-solar.com/media/69/99/61/1750077293/1753414_2_8_b_d_28bde16839078377eac06ef30ea3e8d29859a11b_det_sb_se_bat_05k48_home_battery_4_6kwh_module.jpg.jpg?width=3000"",""has_quantity_discount"":false,""scraped_at"":""2026-07-04T09:59:10.300Z""}"
Krannich Solar;1747972;1747972;IAC-RBAT-FLRSTD-01 FLOOR STAND KIT;Stojan pro SolarEdge ENERGY BANK;Baterie;SolarEdge;8090.29;21;ks;https://shop.krannich-solar.com/cs-cz/IAC-RBAT-FLRSTD-01-FLOOR-STAND-KIT/1747972;0 ks na skladě, možné naskladnění: 22.07.2026;"{""categories"":[""Baterie""],""price_raw"":""8 090,29 Kč*"",""price_per_wp_raw"":"""",""price_per_wp_czk_without_vat"":null,""properties"":{},""image_url"":""https://cdn.shop.krannich-solar.com/media/6d/cb/f3/1750173976/1747972_9_3_8_2_9382d06d55741e49e0728337ec0aa7631923146f_Energy_Bank_Battery_Floor_Stand_isometric_left.jpg.jpg?width=3000"",""has_quantity_discount"":false,""scraped_at"":""2026-07-04T09:59:10.300Z""}"
Krannich Solar;1750261;1750261;IAC-RBAT-HANDLE-01 HANDLE TOOL SET;4 úchyty pro montáž na stěnu SolarEdge ENERGY BANK;Baterie;SolarEdge;1776.56;21;ks;https://shop.krannich-solar.com/cs-cz/IAC-RBAT-HANDLE-01-HANDLE-TOOL-SET/1750261;0 ks na skladě, možné naskladnění: 22.07.2026;"{""categories"":[""Baterie""],""price_raw"":""1 776,56 Kč*"",""price_per_wp_raw"":"""",""price_per_wp_czk_without_vat"":null,""properties"":{},""image_url"":""https://cdn.shop.krannich-solar.com/media/a9/ff/4f/1750173996/1750261_2_3_7_0_2370dca620868baa6dd189b42105a5291af511e6_det_sba_se_iac_rbat_handle_01_handle_tool_set.png.png?width=3000"",""has_quantity_discount"":false,""scraped_at"":""2026-07-04T09:59:10.300Z""}"
Krannich Solar;1761153;1761153;Rozšiřující bateriový kabinet pro CSS-OD;Využitelná kapacita 97,3 kWh, vč. sady kabelů;Baterie;SolarEdge;633294.14;21;ks;https://shop.krannich-solar.com/cs-cz/Rozsirujici-bateriovy-kabinet-pro-CSS-OD/1761153;0 ks na skladě, možné naskladnění: 22.07.2026;"{""categories"":[""Baterie""],""price_raw"":""633 294,14 Kč*"",""price_per_wp_raw"":"""",""price_per_wp_czk_without_vat"":null,""properties"":{""Využitelná kapacita (kWh)"":""97.28""},""image_url"":""https://cdn.shop.krannich-solar.com/media/97/c6/20/1752824169/1761153_c_6_d_b_c6dbc26b03afbd95ec3a6924ab7e3f311bf99c92_det_sb_se_css_ou_20_battery_cabinet_extension.png.png?width=3000"",""has_quantity_discount"":false,""scraped_at"":""2026-07-04T09:59:10.299Z""}"
Krannich Solar;1751154;1751154;TOP COVER KIT HOME BATTERY;Sada krytů pro Home Battery;Baterie;SolarEdge;1311.93;21;ks;https://shop.krannich-solar.com/cs-cz/TOP-COVER-KIT-HOME-BATTERY/1751154;0 ks na skladě, možné naskladnění: 22.07.2026;"{""categories"":[""Baterie""],""price_raw"":""1 311,93 Kč*"",""price_per_wp_raw"":"""",""price_per_wp_czk_without_vat"":null,""properties"":{},""image_url"":""https://cdn.shop.krannich-solar.com/media/30/a7/df/1750077171/1751154_9_d_3_9_9d390ef4aec6daaabe7e0547c8629f56e0b65d00_det_sba_se_top_cover_kit_home_battery_iac_rbat_5kmtop_01.jpg.jpg?width=3000"",""has_quantity_discount"":false,""scraped_at"":""2026-07-04T09:59:10.300Z""}"
Krannich Solar;1758361;1758361;AELIO-B100;Komerční bateriové úložiště;Baterie;SolaX Power;529220.65;21;ks;https://shop.krannich-solar.com/cs-cz/AELIO-B100/1758361;0 ks na skladě, možné naskladnění: 28.07.2026;"{""categories"":[""Baterie""],""price_raw"":""529 220,65 Kč*"",""price_per_wp_raw"":"""",""price_per_wp_czk_without_vat"":null,""properties"":{""Využitelná kapacita (kWh)"":""100.00""},""image_url"":""https://cdn.shop.krannich-solar.com/media/40/23/fb/1750077794/1758361_1_0_1_5_1015b503ec7ef2f1ca2f32f7a5993a1c8070f7e6_det_sb_solax_aelio_b100.png.png?width=3000"",""has_quantity_discount"":false,""scraped_at"":""2026-07-04T09:59:10.301Z""}"
Krannich Solar;1758362;1758362;AELIO-B200;Komerční bateriové úložiště;Baterie;SolaX Power;991782.64;21;ks;https://shop.krannich-solar.com/cs-cz/AELIO-B200/1758362;0 ks na skladě, možné naskladnění: 05.08.2026;"{""categories"":[""Baterie""],""price_raw"":""991 782,64 Kč*"",""price_per_wp_raw"":"""",""price_per_wp_czk_without_vat"":null,""properties"":{""Využitelná kapacita (kWh)"":""200.00""},""image_url"":""https://cdn.shop.krannich-solar.com/media/8f/9c/c9/1750077794/1758362_9_6_6_3_9663bb0d1ddee0f5ff54a6340bd8cfbd3a42a746_AELIO_B200_stand_alone.png.png?width=3000"",""has_quantity_discount"":false,""scraped_at"":""2026-07-04T09:59:12.784Z""}"
Krannich Solar;1758899;1758899;BASE PLATE FOR SOLAX T58 BAT;Podstavec pro baterie SolaX T58;Baterie;SolaX Power;1514.66;21;ks;https://shop.krannich-solar.com/cs-cz/BASE-PLATE-FOR-SOLAX-T58-BAT/1758899;2 ks na skladě, možné naskladnění: 13.07.2026;"{""categories"":[""Baterie""],""price_raw"":""1 514,66 Kč*"",""price_per_wp_raw"":"""",""price_per_wp_czk_without_vat"":null,""properties"":{},""image_url"":"""",""has_quantity_discount"":false,""scraped_at"":""2026-07-04T09:59:03.070Z""}"
Krannich Solar;1755372;1755372;BMS MCS0800;BMS pro bateriové moduly SolaX T-BAT HS2.5 a HS3.6;Baterie;SolaX Power;11481.41;21;ks;https://shop.krannich-solar.com/cs-cz/BMS-MCS0800/1755372;72 ks na skladě, možné naskladnění: 20.07.2026;"{""categories"":[""Baterie""],""price_raw"":""11 481,41 Kč*"",""price_per_wp_raw"":"""",""price_per_wp_czk_without_vat"":null,""properties"":{},""image_url"":""https://cdn.shop.krannich-solar.com/media/ac/aa/4b/1750077367/1755372_c_0_6_a_c06a0e1053481304d3d8c23a00b455891d513228_det_sba_solax_master_box_mcs0800.png.png?width=3000"",""has_quantity_discount"":false,""scraped_at"":""2026-07-04T09:58:51.022Z""}"
Krannich Solar;1748083;1748083;BMS PARALLEL BOX-II G1 (T58);Pro paralelní připojení dvou bateriových stringů;Baterie;SolaX Power;15057.07;21;ks;https://shop.krannich-solar.com/cs-cz/BMS-PARALLEL-BOX-II-G1-T58/1748083;2 ks na skladě, možné naskladnění: 13.07.2026;"{""categories"":[""Baterie"",""Příslušenství"",""Výprodej""],""price_raw"":""15 057,07 Kč*"",""price_per_wp_raw"":"""",""price_per_wp_czk_without_vat"":null,""properties"":{},""image_url"":""https://cdn.shop.krannich-solar.com/media/52/cc/49/1750173992/1748083_f_5_0_e_f50e3c275f1924e0e0866288eb15af404239722e_det_sba_solax_battery_parallel_box_bms_parallel_box_ii.jpg.jpg?width=3000"",""has_quantity_discount"":false,""scraped_at"":""2026-07-04T09:59:03.071Z""}"
Krannich Solar;1762115;1762115;COMMISSIONING AELIO;Asistence při spuštění systému Solax Aelio;Baterie;SolaX Power;12125;21;ks;https://shop.krannich-solar.com/cs-cz/COMMISSIONING-AELIO/1762115;0 ks na skladě, dostupnost na vyžádání, -;"{""categories"":[""Baterie"",""Baterie se střídačem""],""price_raw"":""12 125,00 Kč*"",""price_per_wp_raw"":"""",""price_per_wp_czk_without_vat"":null,""properties"":{},""image_url"":""https://cdn.shop.krannich-solar.com/media/bc/01/2c/1773849181/1762115_c_0_f_2_c0f24043f483ae4491cc41aba4d0ac357b5c3e47_Krannich_Icon_service.png.png?width=3000"",""has_quantity_discount"":false,""scraped_at"":""2026-07-04T09:59:22.431Z""}"
Krannich Solar;1762116;1762116;COMMISSIONING TRENE;Spuštění systému Solax Trene;Baterie;SolaX Power;12125;21;ks;https://shop.krannich-solar.com/cs-cz/COMMISSIONING-TRENE/1762116;0 ks na skladě, dostupnost na vyžádání, -;"{""categories"":[""Baterie"",""Baterie se střídačem""],""price_raw"":""12 125,00 Kč*"",""price_per_wp_raw"":"""",""price_per_wp_czk_without_vat"":null,""properties"":{},""image_url"":""https://cdn.shop.krannich-solar.com/media/eb/d3/9e/1773849181/1762116_5_e_6_0_5e60bf6b062a19b19b41b79f74ca96d8db781d14_Krannich_Icon_service.png.png?width=3000"",""has_quantity_discount"":false,""scraped_at"":""2026-07-04T09:59:22.431Z""}"
Krannich Solar;1762051;1762051;HS25/36 BATTERY PARALLEL EXPANSION KIT;;Baterie;SolaX Power;1856.1;21;ks;https://shop.krannich-solar.com/cs-cz/HS25-36-BATTERY-PARALLEL-EXPANSION-KIT/1762051;0 ks na skladě, možné naskladnění: 02.09.2026;"{""categories"":[""Baterie""],""price_raw"":""1 856,10 Kč*"",""price_per_wp_raw"":"""",""price_per_wp_czk_without_vat"":null,""properties"":{},""image_url"":"""",""has_quantity_discount"":false,""scraped_at"":""2026-07-04T09:59:17.580Z""}"
Krannich Solar;1762049;1762049;HS51 BAT CABLE RAMP-UP POWER LINE A;;Baterie;SolaX Power;530.35;21;ks;https://shop.krannich-solar.com/cs-cz/HS51-BAT-CABLE-RAMP-UP-POWER-LINE-A/1762049;0 ks na skladě, možné naskladnění: 02.09.2026;"{""categories"":[""Baterie""],""price_raw"":""530,35 Kč*"",""price_per_wp_raw"":"""",""price_per_wp_czk_without_vat"":null,""properties"":{},""image_url"":"""",""has_quantity_discount"":false,""scraped_at"":""2026-07-04T09:59:17.580Z""}"
Krannich Solar;1762050;1762050;HS51 BAT CABLE RAMP-UP POWER LINE B;;Baterie;SolaX Power;530.35;21;ks;https://shop.krannich-solar.com/cs-cz/HS51-BAT-CABLE-RAMP-UP-POWER-LINE-B/1762050;0 ks na skladě, možné naskladnění: 02.09.2026;"{""categories"":[""Baterie""],""price_raw"":""530,35 Kč*"",""price_per_wp_raw"":"""",""price_per_wp_czk_without_vat"":null,""properties"":{},""image_url"":"""",""has_quantity_discount"":false,""scraped_at"":""2026-07-04T09:59:17.580Z""}"
Krannich Solar;1762052;1762052;HS51 CABLE KIT;;Baterie;SolaX Power;1325.75;21;ks;https://shop.krannich-solar.com/cs-cz/HS51-CABLE-KIT/1762052;3 ks na skladě, poslední kusy;"{""categories"":[""Baterie"",""Výprodej""],""price_raw"":""1 325,75 Kč*"",""price_per_wp_raw"":"""",""price_per_wp_czk_without_vat"":null,""properties"":{},""image_url"":"""",""has_quantity_discount"":false,""scraped_at"":""2026-07-04T09:59:00.665Z""}"
Krannich Solar;1761939;1761939;Kit-Foundation-SYS for TRENE-P125B261L-E;Podstavec k baterii TRENE;Baterie;SolaX Power;39258.57;21;ks;https://shop.krannich-solar.com/cs-cz/Kit-Foundation-SYS-for-TRENE-P125B261L-E/1761939;0 ks na skladě, možné naskladnění: 05.08.2026;"{""categories"":[""Baterie""],""price_raw"":""39 258,57 Kč*"",""price_per_wp_raw"":"""",""price_per_wp_czk_without_vat"":null,""properties"":{},""image_url"":""https://cdn.shop.krannich-solar.com/media/cf/f5/e6/1779807102/1761939_c_c_7_0_cc70877ff176fdc8b047aaa0db4ea5aa1fa08f54_det_sbca_solax_kit_foundation_sys_for_trene_p125B261l_e.png.png?width=3000"",""has_quantity_discount"":false,""scraped_at"":""2026-07-04T09:59:12.783Z""}"
Krannich Solar;1754795;1754795;MC0600 V1.01 T30;BMS pro bateriové moduly Solax T30;Baterie;SolaX Power;9837.26;21;ks;https://shop.krannich-solar.com/cs-cz/MC0600-V1.01-T30/1754795;2 ks na skladě, možné naskladnění: 14.08.2026;"{""categories"":[""Baterie""],""price_raw"":""9 837,26 Kč*"",""price_per_wp_raw"":"""",""price_per_wp_czk_without_vat"":null,""properties"":{},""image_url"":""https://cdn.shop.krannich-solar.com/media/d0/51/18/1752827777/1754795_a_4_0_e_a40e80afb4d2763938d3a607a14b7bcb47544491_det_sba_solax_master_box_mc0600.jpg.jpg?width=3000"",""has_quantity_discount"":false,""scraped_at"":""2026-07-04T09:59:03.070Z""}"
Krannich Solar;1759152;1759152;RACK FOR SOLAX T58 BAT;Rack pro baterie SolaX T58 (8 ks);Baterie;SolaX Power;19430.07;21;ks;https://shop.krannich-solar.com/cs-cz/RACK-FOR-SOLAX-T58-BAT/1759152;3 ks na skladě, možné naskladnění: 15.07.2026;"{""categories"":[""Baterie""],""price_raw"":""19 430,07 Kč*"",""price_per_wp_raw"":"""",""price_per_wp_czk_without_vat"":null,""properties"":{},""image_url"":"""",""has_quantity_discount"":false,""scraped_at"":""2026-07-04T09:59:00.665Z""}"
Krannich Solar;1755522;1755522;SERIES BOX (T-BAT HS2.5 a HS3.6);Pro zapojení druhé věže SolaX T-BAT HS2.5 a HS3.6;Baterie;SolaX Power;8458.4;21;ks;https://shop.krannich-solar.com/cs-cz/SERIES-BOX-T-BAT-HS2.5-a-HS3.6/1755522;24 ks na skladě, možné naskladnění: 19.08.2026;"{""categories"":[""Baterie""],""price_raw"":""8 458,40 Kč*"",""price_per_wp_raw"":"""",""price_per_wp_czk_without_vat"":null,""properties"":{},""image_url"":""https://cdn.shop.krannich-solar.com/media/2f/04/f3/1750077380/1755522_a_d_1_6_ad16743ea96c905dc719310d040f9af86d87b2cb_det_sba_solax_series_box.png.png?width=3000"",""has_quantity_discount"":false,""scraped_at"":""2026-07-04T09:58:53.381Z""}"
Krannich Solar;1756182;1756182;SERIES BOX (THS50E - X3 IES);Pro zapojení druhé věže SolaX THS50E - X3 IES;Baterie;SolaX Power;9667.26;21;ks;https://shop.krannich-solar.com/cs-cz/SERIES-BOX-THS50E-X3-IES/1756182;4 ks na skladě, poslední kusy;"{""categories"":[""Baterie"",""Výprodej""],""price_raw"":""9 667,26 Kč*"",""price_per_wp_raw"":"""",""price_per_wp_czk_without_vat"":null,""properties"":{},""image_url"":""https://cdn.shop.krannich-solar.com/media/43/ec/14/1750077439/1756182_7_3_b_f_73bf6e4e15df9cb1d76b36ab37a2e40ce233d49c_Solax_X3_IES_1060200006.jpg.jpg?width=3000"",""has_quantity_discount"":false,""scraped_at"":""2026-07-04T09:59:00.665Z""}"
Krannich Solar;1759751;1759751;SERIES BOX (THS50E - X3 IES);Pro zapojení druhé věže SolaX THS50E - X3 IES;Baterie;SolaX Power;8458.4;21;ks;https://shop.krannich-solar.com/cs-cz/SERIES-BOX-THS50E-X3-IES/1759751;0 ks na skladě, možné naskladnění: 27.07.2026;"{""categories"":[""Baterie""],""price_raw"":""8 458,40 Kč*"",""price_per_wp_raw"":"""",""price_per_wp_czk_without_vat"":null,""properties"":{},""image_url"":""https://cdn.shop.krannich-solar.com/media/5a/60/a1/1763118406/1759751_f_9_d_d_f9dd7c73012f2a4d19d5b2109acc3feae9c703ed_det_sba_solax_series_box_hs50e.jpg.jpg?width=3000"",""has_quantity_discount"":false,""scraped_at"":""2026-07-04T09:59:10.300Z""}"
Krannich Solar;1759248;1759248;SERIES BOX TB-HS51;Pro zapojení druhé věže SolaX T-BAT HS5.1;Baterie;SolaX Power;11481.41;21;ks;https://shop.krannich-solar.com/cs-cz/SERIES-BOX-TB-HS51/1759248;2 ks na skladě, poslední kusy;"{""categories"":[""Baterie"",""Výprodej""],""price_raw"":""11 481,41 Kč*"",""price_per_wp_raw"":"""",""price_per_wp_czk_without_vat"":null,""properties"":{},""image_url"":""https://cdn.shop.krannich-solar.com/media/e3/7e/41/1750077830/1759248_4_6_4_4_46448da48e81de7aabd3c06010eb1ff17642542e_det_sba_solax_series_box_tb_hs51.png.png?width=3000"",""has_quantity_discount"":false,""scraped_at"":""2026-07-04T09:59:03.071Z""}"
Krannich Solar;1762198;1762198;Series box TB-HS51O;Pro zapojení druhé věže SolaX TB-HS510;Baterie;SolaX Power;11481.41;21;ks;https://shop.krannich-solar.com/cs-cz/Series-box-TB-HS51O/1762198;0 ks na skladě, možné naskladnění: 07.08.2026;"{""categories"":[""Baterie""],""price_raw"":""11 481,41 Kč*"",""price_per_wp_raw"":"""",""price_per_wp_czk_without_vat"":null,""properties"":{},""image_url"":""https://cdn.shop.krannich-solar.com/media/0e/43/c4/1776678720/1762198_6_5_c_c_65cc7627b17539daca1595639d045b7d04a15831_det_sba_solax_series_box_tb_hs51.png.png?width=3000"",""has_quantity_discount"":false,""scraped_at"":""2026-07-04T09:59:15.139Z""}"
Krannich Solar;1757169;1757169;SOLAX T-BAT-CHARGER;Nabíječka baterií SolaX;Baterie;SolaX Power;20762.12;21;ks;https://shop.krannich-solar.com/cs-cz/SOLAX-T-BAT-CHARGER/1757169;2 ks na skladě, možné naskladnění: 19.08.2026;"{""categories"":[""Baterie""],""price_raw"":""20 762,12 Kč*"",""price_per_wp_raw"":"""",""price_per_wp_czk_without_vat"":null,""properties"":{},""image_url"":""https://cdn.shop.krannich-solar.com/media/c4/8d/a5/1750077700/1757169_7_6_c_0_76c01f162be1bf77fd6666012e2a670b57479644_2.png.png?width=3000"",""has_quantity_discount"":false,""scraped_at"":""2026-07-04T09:59:03.071Z""}"
Krannich Solar;1755048;1755048;T-BAT H 12.0;Kompletní baterie 12,0 kWh;Baterie;SolaX Power;79325.88;21;ks;https://shop.krannich-solar.com/cs-cz/T-BAT-H-12.0/1755048;0 ks na skladě, možné naskladnění: 14.08.2026;"{""categories"":[""Baterie""],""price_raw"":""79 325,88 Kč*"",""price_per_wp_raw"":"""",""price_per_wp_czk_without_vat"":null,""properties"":{""Využitelná kapacita (kWh)"":""11.00""},""image_url"":""https://cdn.shop.krannich-solar.com/media/de/74/78/1759334771/1755048_7_3_b_1_73b12f62587fe4466db339b8b67756d3afa37f7b_det_sb_solax_t_bat_h_12.0.jpg.jpg?width=3000"",""has_quantity_discount"":false,""scraped_at"":""2026-07-04T09:59:15.139Z""}"
Krannich Solar;1752800;1752800;T-BAT H 5.8 Master;Rezidenční baterie 5,8 kWh Master V2.1;Baterie;SolaX Power;33251.12;21;ks;https://shop.krannich-solar.com/cs-cz/T-BAT-H-5.8-Master/1752800;8 ks na skladě, možné naskladnění: 05.08.2026;"{""categories"":[""Baterie""],""price_raw"":""33 251,12 Kč*"",""price_per_wp_raw"":"""",""price_per_wp_czk_without_vat"":null,""properties"":{""Využitelná kapacita (kWh)"":""5.10""},""image_url"":""https://cdn.shop.krannich-solar.com/media/cb/f9/73/1750077254/1752800_e_0_a_4_e0a4b881d4177d3e40ef97664fe953e7d56d8b90_det_sb_solax_t_bat_h_5.8_master_pack_v2.jpg.jpg?width=3000"",""has_quantity_discount"":false,""scraped_at"":""2026-07-04T09:58:55.829Z""}"
Krannich Solar;1752118;1752118;T-BAT H 5.8 Master;Rezidenční baterie 5,8 kWh Master V2;Baterie;SolaX Power;33754.79;21;ks;https://shop.krannich-solar.com/cs-cz/T-BAT-H-5.8-Master/1752118;1 ks na skladě, poslední kusy;"{""categories"":[""Baterie""],""price_raw"":""33 754,79 Kč*"",""price_per_wp_raw"":"""",""price_per_wp_czk_without_vat"":null,""properties"":{""Využitelná kapacita (kWh)"":""5.10""},""image_url"":""https://cdn.shop.krannich-solar.com/media/40/60/5c/1750077197/1752118_c_8_3_2_c8326ac2024de129b63752a35b745df19062354b_det_sb_solax_t_bat_h_5.8_master_pack_v2.jpg.jpg?width=3000"",""has_quantity_discount"":false,""scraped_at"":""2026-07-04T09:59:05.551Z""}"
Krannich Solar;1752803;1752803;T-BAT H 5.8 Slave (HV11550);Rezidenční baterie 5,8 kWh Slave V2.1;Baterie;SolaX Power;29515.89;21;ks;https://shop.krannich-solar.com/cs-cz/T-BAT-H-5.8-Slave-HV11550/1752803;7 ks na skladě, možné naskladnění: 28.08.2026;"{""categories"":[""Baterie""],""price_raw"":""29 515,89 Kč*"",""price_per_wp_raw"":"""",""price_per_wp_czk_without_vat"":null,""properties"":{""Využitelná kapacita (kWh)"":""5.10""},""image_url"":""https://cdn.shop.krannich-solar.com/media/4e/ab/77/1750077248/1752803_6_8_8_b_688b1dedee746fd0ca652d7e12ad4db370642c31_det_sb_solax_t_bat_h_5.8_slave_pack_h11550.jpg.jpg?width=3000"",""has_quantity_discount"":false,""scraped_at"":""2026-07-04T09:58:58.271Z""}"
Krannich Solar;1755046;1755046;T-BAT H 6.0;Kompletní baterie 6,0 kWh;Baterie;SolaX Power;42539.84;21;ks;https://shop.krannich-solar.com/cs-cz/T-BAT-H-6.0/1755046;0 ks na skladě, možné naskladnění: 14.08.2026;"{""categories"":[""Baterie""],""price_raw"":""42 539,84 Kč*"",""price_per_wp_raw"":"""",""price_per_wp_czk_without_vat"":null,""properties"":{""Využitelná kapacita (kWh)"":""5.50""},""image_url"":""https://cdn.shop.krannich-solar.com/media/af/b8/04/1759334770/1755046_d_2_d_5_d2d5fdafab70d2576783ec67fd46afa71e843ae7_det_sb_solax_t_bat_h_6.0.jpg.jpg?width=3000"",""has_quantity_discount"":false,""scraped_at"":""2026-07-04T09:59:15.139Z""}"
Krannich Solar;1755047;1755047;T-BAT H 9.0;Kompletní baterie 9,0 kWh;Baterie;SolaX Power;63054.37;21;ks;https://shop.krannich-solar.com/cs-cz/T-BAT-H-9.0/1755047;0 ks na skladě, možné naskladnění: 14.08.2026;"{""categories"":[""Baterie""],""price_raw"":""63 054,37 Kč*"",""price_per_wp_raw"":"""",""price_per_wp_czk_without_vat"":null,""properties"":{""Využitelná kapacita (kWh)"":""8.30""},""image_url"":""https://cdn.shop.krannich-solar.com/media/ca/dd/01/1759334770/1755047_0_e_0_2_0e0294d6ccb30921b6bb4dc92da67e24f9d0462e_det_sb_solax_t_bat_h_9.0.jpg.jpg?width=3000"",""has_quantity_discount"":false,""scraped_at"":""2026-07-04T09:59:15.139Z""}"
Krannich Solar;1762449;1762449;T-BAT HS10.8;Kompletní baterie 11,0 kWh;Baterie;SolaX Power;67195.54;21;ks;https://shop.krannich-solar.com/cs-cz/T-BAT-HS10.8/1762449;72 ks na skladě, možné naskladnění: 20.07.2026;"{""categories"":[""Baterie""],""price_raw"":""67 195,54 Kč*"",""price_per_wp_raw"":"""",""price_per_wp_czk_without_vat"":null,""properties"":{""Využitelná kapacita (kWh)"":""9.90""},""image_url"":""https://cdn.shop.krannich-solar.com/media/64/f5/1f/1776685939/1762449_2_c_0_0_2c00a453eea2d727da298a040c590260ca2bf630_det_sb_solax_t_bat_sys_hvs3.6_s10.8.png.png?width=3000"",""has_quantity_discount"":false,""scraped_at"":""2026-07-04T09:58:48.746Z""}"
Krannich Solar;1762450;1762450;T-BAT HS14.4;Kompletní baterie 14,7 kWh;Baterie;SolaX Power;85766.92;21;ks;https://shop.krannich-solar.com/cs-cz/T-BAT-HS14.4/1762450;72 ks na skladě, možné naskladnění: 20.07.2026;"{""categories"":[""Baterie""],""price_raw"":""85 766,92 Kč*"",""price_per_wp_raw"":"""",""price_per_wp_czk_without_vat"":null,""properties"":{""Využitelná kapacita (kWh)"":""13.20""},""image_url"":""https://cdn.shop.krannich-solar.com/media/84/03/29/1776685939/1762450_d_4_1_7_d41781d1a8d422eb73a914b82fe8e943577d6ef9_det_sb_solax_t_bat_sys_hvs3.6_s14.4.png.png?width=3000"",""has_quantity_discount"":false,""scraped_at"":""2026-07-04T09:58:48.746Z""}"
Krannich Solar;1762451;1762451;T-BAT HS18.0;Kompletní baterie 18,4 kWh;Baterie;SolaX Power;104338.3;21;ks;https://shop.krannich-solar.com/cs-cz/T-BAT-HS18.0/1762451;61 ks na skladě, možné naskladnění: 20.07.2026;"{""categories"":[""Baterie""],""price_raw"":""104 338,30 Kč*"",""price_per_wp_raw"":"""",""price_per_wp_czk_without_vat"":null,""properties"":{""Využitelná kapacita (kWh)"":""16.50""},""image_url"":""https://cdn.shop.krannich-solar.com/media/c8/96/27/1776685940/1762451_4_1_4_2_4142fced87bda0b79935d89b92cb859dcc04d8e4_det_sb_solax_t_bat_sys_hvs3.6_s18.0.png.png?width=3000"",""has_quantity_discount"":false,""scraped_at"":""2026-07-04T09:58:51.023Z""}"
Krannich Solar;1755103;1755103;T-BAT HS2.5;Bateriový modul s kapacitou 2,5 kWh;Baterie;SolaX Power;14653.31;21;ks;https://shop.krannich-solar.com/cs-cz/T-BAT-HS2.5/1755103;76 ks na skladě, možné naskladnění: 07.08.2026;"{""categories"":[""Baterie""],""price_raw"":""14 653,31 Kč*"",""price_per_wp_raw"":"""",""price_per_wp_czk_without_vat"":null,""properties"":{""Využitelná kapacita (kWh)"":""2.30""},""image_url"":""https://cdn.shop.krannich-solar.com/media/ee/25/12/1750077394/1755103_8_f_6_c_8f6ce7a4eab194ab5e8dd400d12d1bff33a4b4e1_det_sb_solax_t_bat_sys_hv_s2.5.png.png?width=3000"",""has_quantity_discount"":false,""scraped_at"":""2026-07-04T09:58:48.746Z""}"
Krannich Solar;1762452;1762452;T-BAT HS21.6;Kompletní baterie 22,1 kWh;Baterie;SolaX Power;122909.68;21;ks;https://shop.krannich-solar.com/cs-cz/T-BAT-HS21.6/1762452;50 ks na skladě, možné naskladnění: 20.07.2026;"{""categories"":[""Baterie""],""price_raw"":""122 909,68 Kč*"",""price_per_wp_raw"":"""",""price_per_wp_czk_without_vat"":null,""properties"":{""Využitelná kapacita (kWh)"":""19.80""},""image_url"":""https://cdn.shop.krannich-solar.com/media/a5/53/21/1776685940/1762452_d_f_8_8_df88490eaef58310fbf87479322b66ef0aba5d0f_det_sb_solax_t_bat_sys_hvs3.6_s21.6.png.png?width=3000"",""has_quantity_discount"":false,""scraped_at"":""2026-07-04T09:58:51.024Z""}"
Krannich Solar;1762453;1762453;T-BAT HS25.2;Kompletní baterie 28,8 kWh;Baterie;SolaX Power;141481.06;21;ks;https://shop.krannich-solar.com/cs-cz/T-BAT-HS25.2/1762453;43 ks na skladě, možné naskladnění: 20.07.2026;"{""categories"":[""Baterie""],""price_raw"":""141 481,06 Kč*"",""price_per_wp_raw"":"""",""price_per_wp_czk_without_vat"":null,""properties"":{""Využitelná kapacita (kWh)"":""23.20""},""image_url"":""https://cdn.shop.krannich-solar.com/media/59/6b/66/1776685941/1762453_4_1_2_7_412705216cb76bcf99021338b369d0031298e844_det_sb_solax_t_bat_sys_hvs3.6_s25.2.png.png?width=3000"",""has_quantity_discount"":false,""scraped_at"":""2026-07-04T09:58:51.024Z""}"
Krannich Solar;1762454;1762454;T-BAT HS28.8;Kompletní baterie 29,4 kWh;Baterie;SolaX Power;160052.44;21;ks;https://shop.krannich-solar.com/cs-cz/T-BAT-HS28.8/1762454;38 ks na skladě, možné naskladnění: 20.07.2026;"{""categories"":[""Baterie""],""price_raw"":""160 052,44 Kč*"",""price_per_wp_raw"":"""",""price_per_wp_czk_without_vat"":null,""properties"":{""Využitelná kapacita (kWh)"":""26.40""},""image_url"":""https://cdn.shop.krannich-solar.com/media/ac/84/b5/1776685941/1762454_1_9_d_f_19df22729128889d566160347e8f34a17b87ff62_det_sb_solax_t_bat_sys_hvs3.6_s28.8.png.png?width=3000"",""has_quantity_discount"":false,""scraped_at"":""2026-07-04T09:58:51.025Z""}"
Krannich Solar;1755104;1755104;T-BAT HS3.6;Bateriový modul s kapacitou 3,6 kWh;Baterie;SolaX Power;18571.38;21;ks;https://shop.krannich-solar.com/cs-cz/T-BAT-HS3.6/1755104;305 ks na skladě, možné naskladnění: 20.07.2026;"{""categories"":[""Baterie""],""price_raw"":""18 571,38 Kč*"",""price_per_wp_raw"":"""",""price_per_wp_czk_without_vat"":null,""properties"":{""Využitelná kapacita (kWh)"":""3.25""},""image_url"":""https://cdn.shop.krannich-solar.com/media/85/a1/55/1750077395/1755104_b_d_7_e_bd7e76f03d70c294df5a1562b8b2c9a772abbe94_det_sb_solax_t_bat_sys_hv_s3.6.png.png?width=3000"",""has_quantity_discount"":false,""scraped_at"":""2026-07-04T09:58:48.745Z""}"
Krannich Solar;1762455;1762455;T-BAT HS32.4;Kompletní baterie 33,1 kWh;Baterie;SolaX Power;178623.82;21;ks;https://shop.krannich-solar.com/cs-cz/T-BAT-HS32.4/1762455;33 ks na skladě, možné naskladnění: 20.07.2026;"{""categories"":[""Baterie""],""price_raw"":""178 623,82 Kč*"",""price_per_wp_raw"":"""",""price_per_wp_czk_without_vat"":null,""properties"":{""Využitelná kapacita (kWh)"":""29.70""},""image_url"":""https://cdn.shop.krannich-solar.com/media/fd/dc/d5/1776689650/1762455_d_c_9_9_dc99198ab0bfd320400831f43ce1802ab683dd63_det_sb_solax_t_bat_sys_hvs3.6_s32.4.png.png?width=3000"",""has_quantity_discount"":false,""scraped_at"":""2026-07-04T09:58:51.026Z""}"
Krannich Solar;1762447;1762447;T-BAT HS7.2;Kompletní baterie 7,3 kWh;Baterie;SolaX Power;48624.16;21;ks;https://shop.krannich-solar.com/cs-cz/T-BAT-HS7.2/1762447;72 ks na skladě, možné naskladnění: 20.07.2026;"{""categories"":[""Baterie""],""price_raw"":""48 624,16 Kč*"",""price_per_wp_raw"":"""",""price_per_wp_czk_without_vat"":null,""properties"":{""Využitelná kapacita (kWh)"":""6.50""},""image_url"":""https://cdn.shop.krannich-solar.com/media/9d/b5/0d/1776689649/1762447_1_b_e_9_1be9cb8d6bfa7cdceccfb1f8811e7f2626e3353e_det_sb_solax_t_bat_sys_hvs3.6_s7.2.png.png?width=3000"",""has_quantity_discount"":false,""scraped_at"":""2026-07-04T09:58:48.746Z""}"
Krannich Solar;1764222;1764222;T-HS15.3;Kompletní baterie 15,3 kWh;Baterie;SolaX Power;94365;21;ks;https://shop.krannich-solar.com/cs-cz/T-HS15.3/1764222;32 ks na skladě, možné naskladnění: 20.07.2026;"{""categories"":[""Baterie""],""price_raw"":""94 365,00 Kč*"",""price_per_wp_raw"":"""",""price_per_wp_czk_without_vat"":null,""properties"":{""Využitelná kapacita (kWh)"":""13.70""},""image_url"":""https://cdn.shop.krannich-solar.com/media/2d/4c/50/1776689650/1764222_5_4_3_9_543968ed5312217f7ef8417d4b40efba7526450e_det_sb_solax_t_hs5.1_s15.3.png.png?width=3000"",""has_quantity_discount"":false,""scraped_at"":""2026-07-04T09:58:51.026Z""}"
Krannich Solar;1764223;1764223;T-HS20.4;Kompletní baterie 20,4 kWh;Baterie;SolaX Power;120720.15;21;ks;https://shop.krannich-solar.com/cs-cz/T-HS20.4/1764223;24 ks na skladě, možné naskladnění: 20.07.2026;"{""categories"":[""Baterie""],""price_raw"":""120 720,15 Kč*"",""price_per_wp_raw"":"""",""price_per_wp_czk_without_vat"":null,""properties"":{""Využitelná kapacita (kWh)"":""18.30""},""image_url"":""https://cdn.shop.krannich-solar.com/media/30/9e/g0/1776689650/1764223_4_1_f_9_41f9c606b116d9c328f8dbd841a2c2a280aebf0f_det_sb_solax_t_hs5.1_s20.4.png.png?width=3000"",""has_quantity_discount"":false,""scraped_at"":""2026-07-04T09:58:53.381Z""}"
Krannich Solar;1764224;1764224;T-HS25.5;Kompletní baterie 25,5 kWh;Baterie;SolaX Power;147075.29;21;ks;https://shop.krannich-solar.com/cs-cz/T-HS25.5/1764224;19 ks na skladě, možné naskladnění: 20.07.2026;"{""categories"":[""Baterie""],""price_raw"":""147 075,29 Kč*"",""price_per_wp_raw"":"""",""price_per_wp_czk_without_vat"":null,""properties"":{""Využitelná kapacita (kWh)"":""23.00""},""image_url"":""https://cdn.shop.krannich-solar.com/media/07/7c/a9/1776689651/1764224_a_e_4_d_ae4d9c903c4616d1daf12f93c630d63a743d55e1_det_sb_solax_t_hs5.1_s25.5.png.png?width=3000"",""has_quantity_discount"":false,""scraped_at"":""2026-07-04T09:58:53.382Z""}"
Krannich Solar;1764225;1764225;T-HS30.6;Kompletní baterie 30,6 kWh;Baterie;SolaX Power;173430.44;21;ks;https://shop.krannich-solar.com/cs-cz/T-HS30.6/1764225;16 ks na skladě, možné naskladnění: 20.07.2026;"{""categories"":[""Baterie""],""price_raw"":""173 430,44 Kč*"",""price_per_wp_raw"":"""",""price_per_wp_czk_without_vat"":null,""properties"":{""Využitelná kapacita (kWh)"":""27.60""},""image_url"":""https://cdn.shop.krannich-solar.com/media/c8/f3/1a/1776689651/1764225_8_3_f_4_83f427b2f7092b6b02f9df1735b5b654357c2175_det_sb_solax_t_hs5.1_s30.6.png.png?width=3000"",""has_quantity_discount"":false,""scraped_at"":""2026-07-04T09:58:53.382Z""}"
Krannich Solar;1764226;1764226;T-HS35.7;Kompletní baterie 35,7 kWh;Baterie;SolaX Power;199785.58;21;ks;https://shop.krannich-solar.com/cs-cz/T-HS35.7/1764226;13 ks na skladě, možné naskladnění: 20.07.2026;"{""categories"":[""Baterie""],""price_raw"":""199 785,58 Kč*"",""price_per_wp_raw"":"""",""price_per_wp_czk_without_vat"":null,""properties"":{""Využitelná kapacita (kWh)"":""32.20""},""image_url"":""https://cdn.shop.krannich-solar.com/media/16/bd/86/1776689652/1764226_8_b_d_f_8bdfed750616979c9bd9c458d2ee16fa2fa6e15f_det_sb_solax_t_hs5.1_s35.7.png.png?width=3000"",""has_quantity_discount"":false,""scraped_at"":""2026-07-04T09:58:55.828Z""}"
Krannich Solar;1762196;1762196;TB-HS51O;Bateriový modul 5,1 kWh;Baterie;SolaX Power;26355.14;21;ks;https://shop.krannich-solar.com/cs-cz/TB-HS51O/1762196;96 ks na skladě, možné naskladnění: 20.07.2026;"{""categories"":[""Baterie""],""price_raw"":""26 355,14 Kč*"",""price_per_wp_raw"":"""",""price_per_wp_czk_without_vat"":null,""properties"":{""Využitelná kapacita (kWh)"":""4.60""},""image_url"":""https://cdn.shop.krannich-solar.com/media/55/16/38/1776675191/1762196_a_7_f_8_a7f84b44ed736293f15fbf0c7746cfecee6d2727_det_sb_solax_tb_hs51.png.png?width=3000"",""has_quantity_discount"":false,""scraped_at"":""2026-07-04T09:58:48.745Z""}"
Krannich Solar;1759750;1759750;TBMS-MCS0800E (X3 IES);BMS pro bateriový modul SolaX TP-HS50E;Baterie;SolaX Power;11481.41;21;ks;https://shop.krannich-solar.com/cs-cz/TBMS-MCS0800E-X3-IES/1759750;17 ks na skladě, možné naskladnění: 12.08.2026;"{""categories"":[""Baterie""],""price_raw"":""11 481,41 Kč*"",""price_per_wp_raw"":"""",""price_per_wp_czk_without_vat"":null,""properties"":{},""image_url"":""https://cdn.shop.krannich-solar.com/media/21/55/f6/1763118406/1759750_9_1_2_9_9129af8f65f93d7cf76ceea234d11ffb003e1353_det_sba_solax_tbms_mcs0800e.jpg.jpg?width=3000"",""has_quantity_discount"":false,""scraped_at"":""2026-07-04T09:58:53.382Z""}"
Krannich Solar;1759247;1759247;TBMS-S51-8-O;BMS pro bateriové moduly SolaX T-BAT HS5.1;Baterie;SolaX Power;15299.57;21;ks;https://shop.krannich-solar.com/cs-cz/TBMS-S51-8-O/1759247;6 ks na skladě, poslední kusy;"{""categories"":[""Baterie"",""Výprodej""],""price_raw"":""15 299,57 Kč*"",""price_per_wp_raw"":"""",""price_per_wp_czk_without_vat"":null,""properties"":{},""image_url"":""https://cdn.shop.krannich-solar.com/media/8d/ca/36/1750077829/1759247_b_d_8_d_bd8dedbc1974399ca6237325abe2c49f2b0961fd_det_sba_solax_tbms_s51.png.png?width=3000"",""has_quantity_discount"":false,""scraped_at"":""2026-07-04T09:58:58.272Z""}"
Krannich Solar;1762197;1762197;TBMS-S51-8O;BMS pro bateriové moduly SolaX TB-HS51O;Baterie;SolaX Power;15299.57;21;ks;https://shop.krannich-solar.com/cs-cz/TBMS-S51-8O/1762197;36 ks na skladě, možné naskladnění: 26.08.2026;"{""categories"":[""Baterie""],""price_raw"":""15 299,57 Kč*"",""price_per_wp_raw"":"""",""price_per_wp_czk_without_vat"":null,""properties"":{},""image_url"":""https://cdn.shop.krannich-solar.com/media/f2/53/58/1776680605/1762197_b_2_1_3_b2138ced1999fd3d00c3177c9276f55489f45351_det_sba_solax_tbms_s51.png.png?width=3000"",""has_quantity_discount"":false,""scraped_at"":""2026-07-04T09:58:51.025Z""}"
Krannich Solar;1759749;1759749;TP-HS50E (X3 IES);Bateriový modul s kapacitou 5,1 kWh;Baterie;SolaX Power;26903.68;21;ks;https://shop.krannich-solar.com/cs-cz/TP-HS50E-X3-IES/1759749;16 ks na skladě, možné naskladnění: 12.08.2026;"{""categories"":[""Baterie""],""price_raw"":""26 903,68 Kč*"",""price_per_wp_raw"":"""",""price_per_wp_czk_without_vat"":null,""properties"":{""Využitelná kapacita (kWh)"":""4.60""},""image_url"":""https://cdn.shop.krannich-solar.com/media/51/9f/74/1763046378/1759749_8_7_3_a_873a717244618e5d229b782eee415dc11717e69b_det_sb_solax_hs50e_5.1.png.png?width=3000"",""has_quantity_discount"":false,""scraped_at"":""2026-07-04T09:58:53.382Z""}"
Krannich Solar;1752297;1752297;TRIPLE POWER BATTERY T30 V2;Bateriový modul s kapacitou 3,0 kWh;Baterie;SolaX Power;16351.29;21;ks;https://shop.krannich-solar.com/cs-cz/TRIPLE-POWER-BATTERY-T30-V2/1752297;0 ks na skladě, možné naskladnění: 14.08.2026;"{""categories"":[""Baterie""],""price_raw"":""16 351,29 Kč*"",""price_per_wp_raw"":"""",""price_per_wp_czk_without_vat"":null,""properties"":{""Využitelná kapacita (kWh)"":""2.80""},""image_url"":""https://cdn.shop.krannich-solar.com/media/35/6b/1d/1750077210/1752297_c_a_8_2_ca82507923ec447e552b81eb416ecf381054696d_det_sb_solax_t_bat_hv10230_master_battery.jpg.jpg?width=3000"",""has_quantity_discount"":false,""scraped_at"":""2026-07-04T09:59:15.139Z""}"
Krannich Solar;1763702;1763702;ZERO-250;;Baterie;SolaX Power;195065.32;21;ks;https://shop.krannich-solar.com/cs-cz/ZERO-250/1763702;0 ks na skladě, možné naskladnění: 05.08.2026;"{""categories"":[""Baterie""],""price_raw"":""195 065,32 Kč*"",""price_per_wp_raw"":"""",""price_per_wp_czk_without_vat"":null,""properties"":{},""image_url"":""https://cdn.shop.krannich-solar.com/media/7a/70/ae/1779807102/1763702_0_8_7_b_087b5c38ae66bd67bd160e1e6b7f9e1568ebb867_det_sbca_solax_nexus_zero_125_1250kw.png.png?width=3000"",""has_quantity_discount"":false,""scraped_at"":""2026-07-04T09:59:12.783Z""}"
Krannich Solar;1763703;1763703;ZERO-750;;Baterie;SolaX Power;439889.7;21;ks;https://shop.krannich-solar.com/cs-cz/ZERO-750/1763703;0 ks na skladě, možné naskladnění: 05.08.2026;"{""categories"":[""Baterie""],""price_raw"":""439 889,70 Kč*"",""price_per_wp_raw"":"""",""price_per_wp_czk_without_vat"":null,""properties"":{},""image_url"":""https://cdn.shop.krannich-solar.com/media/8b/06/9d/1779807102/1763703_b_e_4_7_be474d62bb063911c9f5d39c81e8f41dc8c78b54_det_sbca_solax_nexus_zero_125_1250kw.png.png?width=3000"",""has_quantity_discount"":false,""scraped_at"":""2026-07-04T09:59:12.783Z""}"
Krannich Solar;1760072;1760072;BATTERY ADAPTER FOR EBA;Adaptér pro zapojení dvou bateriových modulů EBA;Baterie;Solinteg;1678.1;21;ks;https://shop.krannich-solar.com/cs-cz/BATTERY-ADAPTER-FOR-EBA/1760072;43 ks na skladě, možné naskladnění: 05.08.2026;"{""categories"":[""Baterie""],""price_raw"":""1 678,10 Kč*"",""price_per_wp_raw"":"""",""price_per_wp_czk_without_vat"":null,""properties"":{},""image_url"":"""",""has_quantity_discount"":false,""scraped_at"":""2026-07-04T09:58:51.024Z""}"
Krannich Solar;1761883;1761883;E2BR-S112K-C;Bateriové úložiště 112,5 kWh;Baterie;Solinteg;441213.99;21;ks;https://shop.krannich-solar.com/cs-cz/E2BR-S112K-C/1761883;3 ks na skladě, možné naskladnění: 24.07.2026;"{""categories"":[""Baterie""],""price_raw"":""441 213,99 Kč*"",""price_per_wp_raw"":"""",""price_per_wp_czk_without_vat"":null,""properties"":{""Využitelná kapacita (kWh)"":""101.25""},""image_url"":""https://cdn.shop.krannich-solar.com/media/af/78/cb/1758182786/1761883_2_3_d_f_23dfec53770a509f97f41a4c455c499532e68f34_det_sbc_sog_integone_ci_ess_e2br_s64k_s112_c.png.png?width=3000"",""has_quantity_discount"":false,""scraped_at"":""2026-07-04T09:59:00.665Z""}"
Krannich Solar;1761880;1761880;E2BR-S64K-C;Bateriové úložiště 64,3 kWh;Baterie;Solinteg;360008.98;21;ks;https://shop.krannich-solar.com/cs-cz/E2BR-S64K-C/1761880;0 ks na skladě, možné naskladnění: 05.08.2026;"{""categories"":[""Baterie""],""price_raw"":""360 008,98 Kč*"",""price_per_wp_raw"":"""",""price_per_wp_czk_without_vat"":null,""properties"":{""Využitelná kapacita (kWh)"":""57.87""},""image_url"":""https://cdn.shop.krannich-solar.com/media/8f/2f/b0/1774606988/1761880_3_d_0_4_3d04f1617c6f7fde941b702698f65299ed75d2ec_det_sbc_sog_integone_ci_ess_e2br_s64k_s112_c.png.png?width=3000"",""has_quantity_discount"":false,""scraped_at"":""2026-07-04T09:59:12.783Z""}"
Krannich Solar;1761881;1761881;E2BR-S80K-C;Bateriové úložiště 80,3 kWh;Baterie;Solinteg;387077.32;21;ks;https://shop.krannich-solar.com/cs-cz/E2BR-S80K-C/1761881;0 ks na skladě, možné naskladnění: 30.07.2026;"{""categories"":[""Baterie""],""price_raw"":""387 077,32 Kč*"",""price_per_wp_raw"":"""",""price_per_wp_czk_without_vat"":null,""properties"":{""Využitelná kapacita (kWh)"":""72.27""},""image_url"":""https://cdn.shop.krannich-solar.com/media/3b/ca/06/1761034020/1761881_2_0_7_d_207d6896fd6032e280bcae0c3f2565eebb8a65a2_det_sbc_sog_integone_ci_ess_e2br_s64k_s112_c.png.png?width=3000"",""has_quantity_discount"":false,""scraped_at"":""2026-07-04T09:59:12.783Z""}"
Krannich Solar;1761882;1761882;E2BR-S96K-C;Bateriové úložiště 96,4 kWh;Baterie;Solinteg;414145.66;21;ks;https://shop.krannich-solar.com/cs-cz/E2BR-S96K-C/1761882;2 ks na skladě, možné naskladnění: 31.07.2026;"{""categories"":[""Baterie""],""price_raw"":""414 145,66 Kč*"",""price_per_wp_raw"":"""",""price_per_wp_czk_without_vat"":null,""properties"":{""Využitelná kapacita (kWh)"":""86.76""},""image_url"":""https://cdn.shop.krannich-solar.com/media/c6/7e/59/1758182785/1761882_6_b_6_7_6b67abce073414a0708f1e56217dc754ff885a6e_det_sbc_sog_integone_ci_ess_e2br_s64k_s112_c.png.png?width=3000"",""has_quantity_discount"":false,""scraped_at"":""2026-07-04T09:59:03.070Z""}"
Krannich Solar;1758225;1758225;EBR-C-A CONTROLLER BMS;;Baterie;Solinteg;16598.88;21;ks;https://shop.krannich-solar.com/cs-cz/EBR-C-A-CONTROLLER-BMS/1758225;0 ks na skladě, možné naskladnění: 30.09.2026;"{""categories"":[""Baterie""],""price_raw"":""16 598,88 Kč*"",""price_per_wp_raw"":"""",""price_per_wp_czk_without_vat"":null,""properties"":{},""image_url"":""https://cdn.shop.krannich-solar.com/media/57/3a/06/1750077766/1758225_b_2_7_a_b27a4759ad577e3c23ba4848ab65131ec8b5bfc7_1.EBR_B5K3_A.png.png?width=3000"",""has_quantity_discount"":false,""scraped_at"":""2026-07-04T09:59:17.581Z""}"
Krannich Solar;1758226;1758226;EBR-R-A6 BATTERY RACK PRO MAX. 59KWh;1092*636*1206mm, 59KWh max.;Baterie;Solinteg;13682.09;21;ks;https://shop.krannich-solar.com/cs-cz/EBR-R-A6-BATTERY-RACK-PRO-MAX.-59KWh/1758226;4 ks na skladě, poslední kusy;"{""categories"":[""Baterie"",""Výprodej""],""price_raw"":""13 682,09 Kč*"",""price_per_wp_raw"":"""",""price_per_wp_czk_without_vat"":null,""properties"":{},""image_url"":""https://cdn.shop.krannich-solar.com/media/da/9b/0d/1750077766/1758226_a_f_e_4_afe4dcf6f20a968346dccc153cc01ab1b3ff4f15_1.EBR_B5K3_A.png.png?width=3000"",""has_quantity_discount"":false,""scraped_at"":""2026-07-04T09:59:00.664Z""}"
Krannich Solar;1758132;1758132;EBS-A BASE;;Baterie;Solinteg;1732.42;21;ks;https://shop.krannich-solar.com/cs-cz/EBS-A-BASE/1758132;23 ks na skladě, možné naskladnění: 04.09.2026;"{""categories"":[""Baterie"",""Výprodej""],""price_raw"":""1 732,42 Kč*"",""price_per_wp_raw"":"""",""price_per_wp_czk_without_vat"":null,""properties"":{},""image_url"":""https://cdn.shop.krannich-solar.com/media/84/aa/4b/1750077762/1758132_3_c_0_e_3c0e2b69bd78bc2a9f256be8d8b67e9f083d4491_6.EBS_B2K5_6Stack.png.png?width=3000"",""has_quantity_discount"":false,""scraped_at"":""2026-07-04T09:58:53.381Z""}"
Krannich Solar;1758131;1758131;EBS-C BATTERY MANAGEMENT SYSTEM;;Baterie;Solinteg;9392.03;21;ks;https://shop.krannich-solar.com/cs-cz/EBS-C-BATTERY-MANAGEMENT-SYSTEM/1758131;24 ks na skladě, možné naskladnění: 04.09.2026;"{""categories"":[""Baterie"",""Výprodej""],""price_raw"":""9 392,03 Kč*"",""price_per_wp_raw"":"""",""price_per_wp_czk_without_vat"":null,""properties"":{},""image_url"":""https://cdn.shop.krannich-solar.com/media/37/c4/cb/1750077761/1758131_b_e_8_1_be81438e2c5b04f418695846882e79a516767b20_6.EBS_B2K5_6Stack.png.png?width=3000"",""has_quantity_discount"":false,""scraped_at"":""2026-07-04T09:58:53.381Z""}"
Krannich Solar;1763139;1763139;EBS-P-B PARALLEL CONNECTION BOX;;Baterie;Solinteg;13290.7;21;ks;https://shop.krannich-solar.com/cs-cz/EBS-P-B-PARALLEL-CONNECTION-BOX/1763139;0 ks na skladě, možné naskladnění: 05.08.2026;"{""categories"":[""Baterie""],""price_raw"":""13 290,70 Kč*"",""price_per_wp_raw"":"""",""price_per_wp_czk_without_vat"":null,""properties"":{},""image_url"":"""",""has_quantity_discount"":false,""scraped_at"":""2026-07-04T09:59:12.783Z""}"
Krannich Solar;1760071;1760071;FLOOR BATTERY BASE FOR EBA;Podstavec pro montáž baterie EBA;Baterie;Solinteg;1055.6;21;ks;https://shop.krannich-solar.com/cs-cz/FLOOR-BATTERY-BASE-FOR-EBA/1760071;102 ks na skladě, možné naskladnění: 05.08.2026;"{""categories"":[""Baterie""],""price_raw"":""1 055,60 Kč*"",""price_per_wp_raw"":"""",""price_per_wp_czk_without_vat"":null,""properties"":{},""image_url"":"""",""has_quantity_discount"":false,""scraped_at"":""2026-07-04T09:58:48.745Z""}"
Krannich Solar;1759960;1759960;Integ E EBA-B5K1;Bateriový modul 5,12 kWh;Baterie;Solinteg;15916;21;ks;https://shop.krannich-solar.com/cs-cz/Integ-E-EBA-B5K1/1759960;43 ks na skladě, možné naskladnění: 05.08.2026;"{""categories"":[""Baterie""],""price_raw"":""15 916,00 Kč*"",""price_per_wp_raw"":"""",""price_per_wp_czk_without_vat"":null,""properties"":{""Využitelná kapacita (kWh)"":""4.60""},""image_url"":""https://cdn.shop.krannich-solar.com/media/21/56/3c/1750077607/1759960_f_e_5_0_fe500bf34f7a2c6a6392c15fcdd951a9e28d9c71_2025_05_14_08_40_41_Integ_E___Solinteg_a_5_dal____ch_str__nek_____Pracovn__.png.png?width=3000"",""has_quantity_discount"":false,""scraped_at"":""2026-07-04T09:58:51.024Z""}"
Krannich Solar;1758224;1758224;Integ E EBR-B5K3-A;Bateriový modul 5,37 kWh;Baterie;Solinteg;21140.18;21;ks;https://shop.krannich-solar.com/cs-cz/Integ-E-EBR-B5K3-A/1758224;0 ks na skladě, možné naskladnění: 30.09.2026;"{""categories"":[""Baterie""],""price_raw"":""21 140,18 Kč*"",""price_per_wp_raw"":"""",""price_per_wp_czk_without_vat"":null,""properties"":{""Využitelná kapacita (kWh)"":""4.83""},""image_url"":""https://cdn.shop.krannich-solar.com/media/69/93/3f/1750077765/1758224_b_2_0_5_b20585465a4697db223c0595d929dd4f41593613_1.EBR_B5K3_A.png.png?width=3000"",""has_quantity_discount"":false,""scraped_at"":""2026-07-04T09:59:17.581Z""}"
Krannich Solar;1762650;1762650;Integ E Series E2BR-112kWh;;Baterie;Solinteg;326395.08;21;ks;https://shop.krannich-solar.com/cs-cz/Integ-E-Series-E2BR-112kWh/1762650;24 ks na skladě, možné naskladnění: 24.07.2026;"{""categories"":[""Baterie""],""price_raw"":""326 395,08 Kč*"",""price_per_wp_raw"":"""",""price_per_wp_czk_without_vat"":null,""properties"":{""Využitelná kapacita (kWh)"":""101.25""},""image_url"":""https://cdn.shop.krannich-solar.com/media/c4/99/d0/1761811606/1762650_d_9_5_5_d955c1b813eb6fe5e7421bbb6f9976480ef60119_det_sbc_sog_E2BR_S96K_R.png.png?width=3000"",""has_quantity_discount"":false,""scraped_at"":""2026-07-04T09:58:53.381Z""}"
Krannich Solar;1762547;1762547;Integ E Series E2BR-96kWh;;Baterie;Solinteg;291022.33;21;ks;https://shop.krannich-solar.com/cs-cz/Integ-E-Series-E2BR-96kWh/1762547;25 ks na skladě, možné naskladnění: 24.07.2026;"{""categories"":[""Baterie""],""price_raw"":""291 022,33 Kč*"",""price_per_wp_raw"":"""",""price_per_wp_czk_without_vat"":null,""properties"":{""Využitelná kapacita (kWh)"":""86.76""},""image_url"":""https://cdn.shop.krannich-solar.com/media/2a/0b/88/1761811606/1762547_3_f_9_b_3f9bdf373b99000d83fc269fa75cb73e336b22d4_det_sbc_sog_E2BR_S96K_R.png.png?width=3000"",""has_quantity_discount"":false,""scraped_at"":""2026-07-04T09:58:53.381Z""}"
Krannich Solar;1758447;1758447;SBA SOG EBR-P-A PARALLEL CONNECTION BOX;;Baterie;Solinteg;9013.73;21;ks;https://shop.krannich-solar.com/cs-cz/SBA-SOG-EBR-P-A-PARALLEL-CONNECTION-BOX/1758447;8 ks na skladě, možné naskladnění: 30.09.2026;"{""categories"":[""Baterie"",""Výprodej""],""price_raw"":""9 013,73 Kč*"",""price_per_wp_raw"":"""",""price_per_wp_czk_without_vat"":null,""properties"":{},""image_url"":""https://cdn.shop.krannich-solar.com/media/7d/9e/2b/1750077793/1758447_d_f_d_2_dfd292685524b00f374c411e3a7d1640c2c991de_det_sba_sog_ebr_p_a_parallel_connection_box.png.png?width=3000"",""has_quantity_discount"":false,""scraped_at"":""2026-07-04T09:58:55.829Z""}"
Krannich Solar;1756962;1756962;SBH Battery Accessories V11;BMS unit + base + cover;Baterie;Sungrow;11988.96;21;ks;https://shop.krannich-solar.com/cs-cz/SBH-Battery-Accessories-V11/1756962;5 ks na skladě, možné naskladnění: 29.07.2026;"{""categories"":[""Baterie""],""price_raw"":""11 988,96 Kč*"",""price_per_wp_raw"":"""",""price_per_wp_czk_without_vat"":null,""properties"":{},""image_url"":""https://cdn.shop.krannich-solar.com/media/ef/f6/7b/1750077691/1756962_1_9_4_d_194d45ff18f2db24196dca28e9ee471c7c4e8eb8_det_sba_sung_sbh_battery_accessory_v11.png.png?width=3000"",""has_quantity_discount"":false,""scraped_at"":""2026-07-04T09:58:58.272Z""}"
Krannich Solar;1756961;1756961;SBH Battery Module Premium 5,0 kWh V11;HV storage module, 5.0 kWh usable;Baterie;Sungrow;33303.26;21;ks;https://shop.krannich-solar.com/cs-cz/SBH-Battery-Module-Premium-5-0-kWh-V11/1756961;12 ks na skladě, možné naskladnění: 29.07.2026;"{""categories"":[""Baterie""],""price_raw"":""33 303,26 Kč*"",""price_per_wp_raw"":"""",""price_per_wp_czk_without_vat"":null,""properties"":{""Využitelná kapacita (kWh)"":""5.00""},""image_url"":""https://cdn.shop.krannich-solar.com/media/8a/d6/1a/1750077692/1756961_b_2_6_f_b26f47cf251d25a4cd7f7eb428035e70800f231f_det_sb_sung_sbh_battery_module_5.0kwh.png.png?width=3000"",""has_quantity_discount"":false,""scraped_at"":""2026-07-04T09:58:55.828Z""}"
Krannich Solar;1754571;1754571;SBR Battery Module Premium 3,2 kWh V13.2;HV storage module, 3.2 kWh usable;Baterie;Sungrow;20406.38;21;ks;https://shop.krannich-solar.com/cs-cz/SBR-Battery-Module-Premium-3-2-kWh-V13.2/1754571;1 ks na skladě, možné naskladnění: 29.07.2026;"{""categories"":[""Baterie""],""price_raw"":""20 406,38 Kč*"",""price_per_wp_raw"":"""",""price_per_wp_czk_without_vat"":null,""properties"":{""Využitelná kapacita (kWh)"":""3.20""},""image_url"":""https://cdn.shop.krannich-solar.com/media/76/49/f8/1750077344/1754571_3_9_1_0_39100b32c1620c0586f829d86a57180cb8709a0c_det_sb_sung_sbr_battery_module_3_2_kwh.jpg.jpg?width=3000"",""has_quantity_discount"":false,""scraped_at"":""2026-07-04T09:59:05.552Z""}"
Krannich Solar;1751204;1751204;SBR BATTERY PREMIUM ACCESSORIES;BMS s příslušenstvím;Baterie;Sungrow;7836.15;21;ks;https://shop.krannich-solar.com/cs-cz/SBR-BATTERY-PREMIUM-ACCESSORIES/1751204;5 ks na skladě, možné naskladnění: 29.07.2026;"{""categories"":[""Baterie""],""price_raw"":""7 836,15 Kč*"",""price_per_wp_raw"":"""",""price_per_wp_czk_without_vat"":null,""properties"":{},""image_url"":""https://cdn.shop.krannich-solar.com/media/92/05/c9/1750077166/1751204_f_c_5_f_fc5fa1c5492cc84841a24da57244cbc90625302b_det_sba_sung_sbr_battery_accessories.jpg.jpg?width=3000"",""has_quantity_discount"":false,""scraped_at"":""2026-07-04T09:58:58.272Z""}"
Krannich Solar;1759252;1759252;Y-adapter pro SBH;pro připojení dvou stejných úložných zařízení;Baterie;Sungrow;604.07;21;ks;https://shop.krannich-solar.com/cs-cz/Y-adapter-pro-SBH/1759252;38 ks na skladě, možné naskladnění: 29.07.2026;"{""categories"":[""Baterie""],""price_raw"":""604,07 Kč*"",""price_per_wp_raw"":"""",""price_per_wp_czk_without_vat"":null,""properties"":{},""image_url"":""https://cdn.shop.krannich-solar.com/media/1d/f7/b1/1758182783/1759252_0_d_b_d_0dbd888f2dbf04712cf5a787584423b2964f3337_det_sba_sung_y_connector.png.png?width=3000"",""has_quantity_discount"":false,""scraped_at"":""2026-07-04T09:58:51.025Z""}"
Krannich Solar;1762298;1762298;B051100S02;Bateriový modul 5 kWh;Baterie;Sunwoda Energy;19109.73;21;ks;https://shop.krannich-solar.com/cs-cz/B051100S02/1762298;0 ks na skladě, možné naskladnění: 22.07.2026;"{""categories"":[""Baterie""],""price_raw"":""19 109,73 Kč*"",""price_per_wp_raw"":"""",""price_per_wp_czk_without_vat"":null,""properties"":{""Využitelná kapacita (kWh)"":""4.50""},""image_url"":""https://cdn.shop.krannich-solar.com/media/09/2d/02/1773074287/1762298_d_8_6_8_d868e6f4f041160098695602a6848dd2dbc68c62_det_sbca_sunwoda_flex_rack_5kwh_battery_module.png.png?width=3000"",""has_quantity_discount"":false,""scraped_at"":""2026-07-04T09:59:07.949Z""}"
Krannich Solar;1763356;1763356;CIESS-160-RP;Bateriové úložiště 160 kWh, indoorové provedení;Baterie;Sunwoda Energy;661258.27;21;ks;https://shop.krannich-solar.com/cs-cz/CIESS-160-RP/1763356;0 ks na skladě, možné naskladnění: 05.08.2026;"{""categories"":[""Baterie""],""price_raw"":""661 258,27 Kč*"",""price_per_wp_raw"":"""",""price_per_wp_czk_without_vat"":null,""properties"":{""Využitelná kapacita (kWh)"":""160.00""},""image_url"":""https://cdn.shop.krannich-solar.com/media/4c/ff/d0/1773074285/1763356_4_4_d_f_44df62a04bdcfeebb86ace90bb182ca95cfe6160_det_sbc_sunwoda_oasis_rack_pro.png.png?width=3000"",""has_quantity_discount"":false,""scraped_at"":""2026-07-04T09:59:12.783Z""}"
Krannich Solar;1763358;1763358;CIESS-200-RP;Bateriové úložiště 200 kWh, indoorové provedení;Baterie;Sunwoda Energy;764424.33;21;ks;https://shop.krannich-solar.com/cs-cz/CIESS-200-RP/1763358;0 ks na skladě, možné naskladnění: 05.08.2026;"{""categories"":[""Baterie""],""price_raw"":""764 424,33 Kč*"",""price_per_wp_raw"":"""",""price_per_wp_czk_without_vat"":null,""properties"":{""Využitelná kapacita (kWh)"":""200.00""},""image_url"":""https://cdn.shop.krannich-solar.com/media/48/c3/59/1773074286/1763358_4_4_d_f_44df62a04bdcfeebb86ace90bb182ca95cfe6160_det_sbc_sunwoda_oasis_rack_pro.png.png?width=3000"",""has_quantity_discount"":false,""scraped_at"":""2026-07-04T09:59:12.783Z""}"
Krannich Solar;1762310;1762310;CIESS40-R-S;Bateriové úložiště 40 kWh, indoor provedení;Baterie;Sunwoda Energy;172648.37;21;ks;https://shop.krannich-solar.com/cs-cz/CIESS40-R-S/1762310;0 ks na skladě, možné naskladnění: 22.07.2026;"{""categories"":[""Baterie""],""price_raw"":""172 648,37 Kč*"",""price_per_wp_raw"":"""",""price_per_wp_czk_without_vat"":null,""properties"":{""Využitelná kapacita (kWh)"":""36.00""},""image_url"":""https://cdn.shop.krannich-solar.com/media/f4/fa/9d/1773074284/1762310_d_b_3_1_db311886e8caff8763deb75ece5f697787b0e0ca_det_sbc_sunwoda_oasis_flex_rack.png.png?width=3000"",""has_quantity_discount"":false,""scraped_at"":""2026-07-04T09:59:07.949Z""}"
Krannich Solar;1762311;1762311;CIESS60-R-S;Bateriové úložiště 60 kWh, indoor provedení;Baterie;Sunwoda Energy;249087.29;21;ks;https://shop.krannich-solar.com/cs-cz/CIESS60-R-S/1762311;0 ks na skladě, možné naskladnění: 22.07.2026;"{""categories"":[""Baterie""],""price_raw"":""249 087,29 Kč*"",""price_per_wp_raw"":"""",""price_per_wp_czk_without_vat"":null,""properties"":{""Využitelná kapacita (kWh)"":""54.00""},""image_url"":""https://cdn.shop.krannich-solar.com/media/95/48/b9/1773074285/1762311_d_b_3_1_db311886e8caff8763deb75ece5f697787b0e0ca_det_sbc_sunwoda_oasis_flex_rack.png.png?width=3000"",""has_quantity_discount"":false,""scraped_at"":""2026-07-04T09:59:07.949Z""}"
Krannich Solar;1761787;1761787;OASIS 60;Komerční bateriové úložiště 60 kWh;Baterie;Sunwoda Energy;276361.75;21;ks;https://shop.krannich-solar.com/cs-cz/OASIS-60/1761787;4 ks na skladě, možné naskladnění: 05.08.2026;"{""categories"":[""Baterie""],""price_raw"":""276 361,75 Kč*"",""price_per_wp_raw"":"""",""price_per_wp_czk_without_vat"":null,""properties"":{""Využitelná kapacita (kWh)"":""60.00""},""image_url"":""https://cdn.shop.krannich-solar.com/media/a5/ef/a1/1754469391/1761787_c_7_d_1_c7d1f4eda849c938b2f5917c88064ca0d53929ed_det_sbc_sunwoda_oasis_60.png.png?width=3000"",""has_quantity_discount"":false,""scraped_at"":""2026-07-04T09:59:00.664Z""}"
Krannich Solar;1764014;1764014;OASIS L241;Komerční bateriové úložiště 241 kWh;Baterie;Sunwoda Energy;1010997.86;21;ks;https://shop.krannich-solar.com/cs-cz/OASIS-L241/1764014;0 ks na skladě, možné naskladnění: 09.09.2026;"{""categories"":[""Baterie""],""price_raw"":""1 010 997,86 Kč*"",""price_per_wp_raw"":"""",""price_per_wp_czk_without_vat"":null,""properties"":{""Využitelná kapacita (kWh)"":""241.00""},""image_url"":""https://cdn.shop.krannich-solar.com/media/17/ec/6d/1777377169/1764014_0_e_e_6_0ee6d5ba8ef3563fb212245ec6ec4512050db39c_det_sbc_sunwoda_oasis__l241.png.png?width=3000"",""has_quantity_discount"":false,""scraped_at"":""2026-07-04T09:59:17.581Z""}"
Krannich Solar;1759857;1759857;Oasis L344;Komerční bateriové úložiště 344 kWh;Baterie;Sunwoda Energy;1368257.38;21;ks;https://shop.krannich-solar.com/cs-cz/Oasis-L344/1759857;0 ks na skladě, možné naskladnění: 05.08.2026;"{""categories"":[""Baterie""],""price_raw"":""1 368 257,38 Kč*"",""price_per_wp_raw"":"""",""price_per_wp_czk_without_vat"":null,""properties"":{""Využitelná kapacita (kWh)"":""344.00""},""image_url"":""https://cdn.shop.krannich-solar.com/media/d3/cb/7a/1752537000/1759857_7_8_d_5_78d55796fccdc5058ede72c200a48d62c3b6fa3d_det_sbc_sunwoda_oasis__l215.png.png?width=3000"",""has_quantity_discount"":false,""scraped_at"":""2026-07-04T09:59:12.784Z""}"
Krannich Solar;1763951;1763951;OASIS L385;Komerční bateriové úložiště 385 kWh;Baterie;Sunwoda Energy;1447590.05;21;ks;https://shop.krannich-solar.com/cs-cz/OASIS-L385/1763951;0 ks na skladě, možné naskladnění: 05.08.2026;"{""categories"":[""Baterie""],""price_raw"":""1 447 590,05 Kč*"",""price_per_wp_raw"":"""",""price_per_wp_czk_without_vat"":null,""properties"":{""Využitelná kapacita (kWh)"":""385.00""},""image_url"":""https://cdn.shop.krannich-solar.com/media/a4/99/8f/1777456620/1763951_8_5_d_9_85d971be2ac30bacc603f53407b8668a7a0220c5_det_sbc_sunwoda_oasis_l385.png.png?width=3000"",""has_quantity_discount"":false,""scraped_at"":""2026-07-04T09:59:12.783Z""}"
Krannich Solar;1762300;1762300;Rack High Voltage control box;;Baterie;Sunwoda Energy;17083.4;21;ks;https://shop.krannich-solar.com/cs-cz/Rack-High-Voltage-control-box/1762300;0 ks na skladě, možné naskladnění: 22.07.2026;"{""categories"":[""Baterie""],""price_raw"":""17 083,40 Kč*"",""price_per_wp_raw"":"""",""price_per_wp_czk_without_vat"":null,""properties"":{},""image_url"":""https://cdn.shop.krannich-solar.com/media/57/19/6c/1773074288/1762300_0_a_1_7_0a17bccf3622a8163f3b8cce1aa71da386f5163a_det_sbca_sunwoda_flex_rack_control_box.png.png?width=3000"",""has_quantity_discount"":false,""scraped_at"":""2026-07-04T09:59:07.949Z""}"
Krannich Solar;1759799;1759799;SunESS 5.0;Bateriový modul 5,0 kWh;Baterie;Sunwoda Energy;22504.73;21;ks;https://shop.krannich-solar.com/cs-cz/SunESS-5.0/1759799;12 ks na skladě, možné naskladnění: 05.08.2026;"{""categories"":[""Baterie""],""price_raw"":""22 504,73 Kč*"",""price_per_wp_raw"":"""",""price_per_wp_czk_without_vat"":null,""properties"":{""Využitelná kapacita (kWh)"":""4.50""},""image_url"":""https://cdn.shop.krannich-solar.com/media/72/ca/e0/1752537011/1759799_4_8_4_a_484aa49d5fedba3b761c6096cb8d5aa9c9c0fd13_det_sb_swe_b40012dp03_battery_module_5kwh.jpg.jpg?width=3000"",""has_quantity_discount"":false,""scraped_at"":""2026-07-04T09:58:55.828Z""}"
Krannich Solar;1761771;1761771;SUNESS-H CONTROL BOX;BMS pro bateriové moduly SUNESS-H;Baterie;Sunwoda Energy;11168.58;21;ks;https://shop.krannich-solar.com/cs-cz/SUNESS-H-CONTROL-BOX/1761771;6 ks na skladě, poslední kusy;"{""categories"":[""Baterie""],""price_raw"":""11 168,58 Kč*"",""price_per_wp_raw"":"""",""price_per_wp_czk_without_vat"":null,""properties"":{},""image_url"":""https://cdn.shop.krannich-solar.com/media/1e/f5/c5/1753968979/1761771_6_3_8_4_6384846b900b7592fa9f6d57172a32a5e6045bbc_det_sba_sunwoda_suness_h_control_box_bcu.png.png?width=3000"",""has_quantity_discount"":false,""scraped_at"":""2026-07-04T09:58:58.272Z""}"
Krannich Solar;1755560;1755560;LITHIUM CABINET 21U PREINSTALLED BLACK;Bateriová skříň pro max. 6 modulů H48050 + BMS;Baterie;Telexion;5606.6;21;ks;https://shop.krannich-solar.com/cs-cz/LITHIUM-CABINET-21U-PREINSTALLED-BLACK/1755560;6 ks na skladě, poslední kusy;"{""categories"":[""Baterie"",""Výprodej""],""price_raw"":""5 606,60 Kč*"",""price_per_wp_raw"":"""",""price_per_wp_czk_without_vat"":null,""properties"":{},""image_url"":""https://cdn.shop.krannich-solar.com/media/2f/73/c7/1750077383/1755560_f_f_8_8_ff8882a7930f445d954a8fee461aba324097a064_cabinet.png.png?width=3000"",""has_quantity_discount"":false,""scraped_at"":""2026-07-04T09:58:58.272Z""}"
Krannich Solar;1762482;1762482;GW10K-ET-20 G2 + LYNX D;Set střídače 10 kW s baterií 20 kWh;Baterie se střídačem;GoodWe;136643.67;21;ks;https://shop.krannich-solar.com/cs-cz/GW10K-ET-20-G2-LYNX-D/1762482;3 ks na skladě, možné naskladnění: 28.08.2026;"{""categories"":[""Baterie se střídačem""],""price_raw"":""136 643,67 Kč*"",""price_per_wp_raw"":"""",""price_per_wp_czk_without_vat"":null,""properties"":{""AC jmenovitý výkon (kW)"":""10.00"",""Počet nezávislých MPPT (ks)"":""3"",""Využitelná kapacita (kWh)"":""20.00""},""image_url"":""https://cdn.shop.krannich-solar.com/media/1d/bd/aa/1774453967/1762482_7_a_3_2_7a32cf310087aa60ad7f9718cedbca8d560950f6_det_bp_gw_lx_d20.0_10_d_series_gw15k_et_20.png.png?width=3000"",""has_quantity_discount"":false,""scraped_at"":""2026-07-04T09:59:27.421Z""}"
Krannich Solar;1762502;1762502;GW10K-ET-20 G2 + LYNX D 10;Set střídače 10 kW s baterií 10 kWh;Baterie se střídačem;GoodWe;81161.36;21;ks;https://shop.krannich-solar.com/cs-cz/GW10K-ET-20-G2-LYNX-D-10/1762502;7 ks na skladě, možné naskladnění: 28.08.2026;"{""categories"":[""Baterie se střídačem""],""price_raw"":""81 161,36 Kč*"",""price_per_wp_raw"":"""",""price_per_wp_czk_without_vat"":null,""properties"":{""AC jmenovitý výkon (kW)"":""10.00"",""Počet nezávislých MPPT (ks)"":""3"",""Využitelná kapacita (kWh)"":""10.00""},""image_url"":""https://cdn.shop.krannich-solar.com/media/4c/1a/e0/1774452189/1762502_f_6_3_1_f631d5bbe23132217fd842c197a4b66014474fb2_det_bp_gw_lx_d10.0_10_d_series_gw15k_et_20.png.png?width=3000"",""has_quantity_discount"":false,""scraped_at"":""2026-07-04T09:59:27.420Z""}"
Krannich Solar;1762504;1762504;GW10K-ET-20 G2 + LYNX D 15;Set střídače 10 kW s baterií 15 kWh;Baterie se střídačem;GoodWe;108902.64;21;ks;https://shop.krannich-solar.com/cs-cz/GW10K-ET-20-G2-LYNX-D-15/1762504;4 ks na skladě, možné naskladnění: 28.08.2026;"{""categories"":[""Baterie se střídačem""],""price_raw"":""108 902,64 Kč*"",""price_per_wp_raw"":"""",""price_per_wp_czk_without_vat"":null,""properties"":{""AC jmenovitý výkon (kW)"":""10.00"",""Počet nezávislých MPPT (ks)"":""3"",""Využitelná kapacita (kWh)"":""15.00""},""image_url"":""https://cdn.shop.krannich-solar.com/media/61/6b/ba/1774452189/1762504_f_1_4_8_f148d25c23d127ba1ea4c34351661d0a55c5d9c4_det_bp_gw_lx_d15.0_10_d_series_gw6000_8000_et_20.png.png?width=3000"",""has_quantity_discount"":false,""scraped_at"":""2026-07-04T09:59:27.421Z""}"
Krannich Solar;1762445;1762445;GW125/261-ESA-LCN-G10;Bateriové úložiště 261 kWh se střídačem 125 kW;Baterie se střídačem;GoodWe;984465.45;21;ks;https://shop.krannich-solar.com/cs-cz/GW125-261-ESA-LCN-G10/1762445;0 ks na skladě, možné naskladnění: 30.09.2026;"{""categories"":[""Baterie se střídačem""],""price_raw"":""984 465,45 Kč*"",""price_per_wp_raw"":"""",""price_per_wp_czk_without_vat"":null,""properties"":{""AC jmenovitý výkon (kW)"":""125.00"",""Využitelná kapacita (kWh)"":""261.25""},""image_url"":""https://cdn.shop.krannich-solar.com/media/d6/46/g0/1774693429/1762445_c_e_4_1_ce411bb08049a7912b82a4d016db3797ea8e2e62_det_bp_gw_esa_i_c_outdoor_all_in_one_125_261_esa_lcn_g10.png.png?width=3000"",""has_quantity_discount"":false,""scraped_at"":""2026-07-04T09:59:37.243Z""}"
Krannich Solar;1761676;1761676;GW15K-ET-20 G2 + LYNX D 15 kWh;Set střídače 15 kW s baterií 15 kWh;Baterie se střídačem;GoodWe;110247.3;21;ks;https://shop.krannich-solar.com/cs-cz/GW15K-ET-20-G2-LYNX-D-15-kWh/1761676;0 ks na skladě, možné naskladnění: 31.07.2026;"{""categories"":[""Baterie se střídačem""],""price_raw"":""110 247,30 Kč*"",""price_per_wp_raw"":"""",""price_per_wp_czk_without_vat"":null,""properties"":{""AC jmenovitý výkon (kW)"":""15.00"",""Počet nezávislých MPPT (ks)"":""3"",""Využitelná kapacita (kWh)"":""15.00""},""image_url"":""https://cdn.shop.krannich-solar.com/media/af/f9/39/1774453966/1761676_f_c_5_e_fc5e7a251304256c3dba8f72dcbd579b6018ecca_det_bp_gw_lx_d15.0_10_d_series_gw6000_8000_et_20.png.png?width=3000"",""has_quantity_discount"":false,""scraped_at"":""2026-07-04T09:59:32.404Z""}"
Krannich Solar;1761677;1761677;GW15K-ET-20 G2 + LYNX D 20;Set střídače 15 kW s baterií 20 kWh;Baterie se střídačem;GoodWe;137988.33;21;ks;https://shop.krannich-solar.com/cs-cz/GW15K-ET-20-G2-LYNX-D-20/1761677;0 ks na skladě, možné naskladnění: 31.07.2026;"{""categories"":[""Baterie se střídačem""],""price_raw"":""137 988,33 Kč*"",""price_per_wp_raw"":"""",""price_per_wp_czk_without_vat"":null,""properties"":{""AC jmenovitý výkon (kW)"":""15.00"",""Počet nezávislých MPPT (ks)"":""3"",""Využitelná kapacita (kWh)"":""20.00""},""image_url"":""https://cdn.shop.krannich-solar.com/media/32/e2/7b/1774453966/1761677_6_e_f_d_6efd79b6a16cd0a2bef0d545660705cdf2c0df60_det_bp_gw_lx_d20.0_10_d_series_gw15k_et_20.png.png?width=3000"",""has_quantity_discount"":false,""scraped_at"":""2026-07-04T09:59:32.404Z""}"
Krannich Solar;1764106;1764106;GW5.1-BAT-D-G20 + GW3.6K-EHA-G20;Set střídače 3,6 kW s baterií 5 kWh;Baterie se střídačem;GoodWe;41881.69;21;ks;https://shop.krannich-solar.com/cs-cz/GW5.1-BAT-D-G20-GW3.6K-EHA-G20/1764106;0 ks na skladě, možné naskladnění: 16.09.2026;"{""categories"":[""Baterie se střídačem""],""price_raw"":""41 881,69 Kč*"",""price_per_wp_raw"":"""",""price_per_wp_czk_without_vat"":null,""properties"":{""AC jmenovitý výkon (kW)"":""3.60"",""Počet nezávislých MPPT (ks)"":""2"",""Využitelná kapacita (kWh)"":""5.00""},""image_url"":""https://cdn.shop.krannich-solar.com/media/d5/7c/4f/1776696771/1764106_8_1_e_9_81e98a8b26dd93da3d6a72716e7a3dc5d8f6275b_det_bp_esa_all_in_one_8.0kwh.png.png?width=3000"",""has_quantity_discount"":false,""scraped_at"":""2026-07-04T09:59:37.242Z""}"
Krannich Solar;1764105;1764105;GW5.1-BAT-D-G20 + GW3K-EHA-G20;Set střídače 3 kW s baterií 5 kWh;Baterie se střídačem;GoodWe;41597.24;21;ks;https://shop.krannich-solar.com/cs-cz/GW5.1-BAT-D-G20-GW3K-EHA-G20/1764105;0 ks na skladě, možné naskladnění: 19.08.2026;"{""categories"":[""Baterie se střídačem""],""price_raw"":""41 597,24 Kč*"",""price_per_wp_raw"":"""",""price_per_wp_czk_without_vat"":null,""properties"":{""AC jmenovitý výkon (kW)"":""3.00"",""Počet nezávislých MPPT (ks)"":""2"",""Využitelná kapacita (kWh)"":""5.00""},""image_url"":""https://cdn.shop.krannich-solar.com/media/16/57/g0/1776696770/1764105_2_8_3_2_28328c3951d6c253b69db8499ff4592d68e2b884_det_bp_esa_all_in_one_8.0kwh.png.png?width=3000"",""has_quantity_discount"":false,""scraped_at"":""2026-07-04T09:59:37.242Z""}"
Krannich Solar;1764107;1764107;GW5.1-BAT-D-G20 + GW5K-EHA-G20;Set střídače 5 kW s baterií 5 kWh;Baterie se střídačem;GoodWe;42476.55;21;ks;https://shop.krannich-solar.com/cs-cz/GW5.1-BAT-D-G20-GW5K-EHA-G20/1764107;0 ks na skladě, možné naskladnění: 12.08.2026;"{""categories"":[""Baterie se střídačem""],""price_raw"":""42 476,55 Kč*"",""price_per_wp_raw"":"""",""price_per_wp_czk_without_vat"":null,""properties"":{""AC jmenovitý výkon (kW)"":""5.00"",""Počet nezávislých MPPT (ks)"":""2"",""Využitelná kapacita (kWh)"":""5.00""},""image_url"":""https://cdn.shop.krannich-solar.com/media/66/g0/f9/1776696771/1764107_0_5_5_0_05507731a060e0983f05097cf815228d38c57578_det_bp_esa_all_in_one_8.0kwh.png.png?width=3000"",""has_quantity_discount"":false,""scraped_at"":""2026-07-04T09:59:34.819Z""}"
Krannich Solar;1758489;1758489;GW50K-ET-10 + LYNX C 156;Bateriové úložiště 156 kWh se střídačem 50 kW;Baterie se střídačem;GoodWe;679180.72;21;ks;https://shop.krannich-solar.com/cs-cz/GW50K-ET-10-LYNX-C-156/1758489;0 ks na skladě, možné naskladnění: 05.08.2026;"{""categories"":[""Baterie se střídačem""],""price_raw"":""679 180,72 Kč*"",""price_per_wp_raw"":"""",""price_per_wp_czk_without_vat"":null,""properties"":{""AC jmenovitý výkon (kW)"":""50.00"",""Počet nezávislých MPPT (ks)"":""4"",""Využitelná kapacita (kWh)"":""156.67""},""image_url"":""https://cdn.shop.krannich-solar.com/media/34/df/45/1752838571/1758489_8_a_a_2_8aa2d8bce65cd4bee75610ea8689c761b461f5bc_det_bbp_gw_lynx_c_series_101_156kwh_gw_50k_et.png.png?width=3000"",""has_quantity_discount"":false,""scraped_at"":""2026-07-04T09:59:34.819Z""}"
Krannich Solar;1763769;1763769;GW8.3-BAT-D-G20 + GW10K-ETA-G20;Set střídače 10 kW s baterií 16 kWh;Baterie se střídačem;GoodWe;98959.65;21;ks;https://shop.krannich-solar.com/cs-cz/GW8.3-BAT-D-G20-GW10K-ETA-G20/1763769;7 ks na skladě, možné naskladnění: 31.07.2026;"{""categories"":[""Baterie se střídačem""],""price_raw"":""98 959,65 Kč*"",""price_per_wp_raw"":"""",""price_per_wp_czk_without_vat"":null,""properties"":{""AC jmenovitý výkon (kW)"":""10.00"",""Počet nezávislých MPPT (ks)"":""4"",""Využitelná kapacita (kWh)"":""16.00""},""image_url"":""https://cdn.shop.krannich-solar.com/media/c3/08/bf/1776696766/1763769_4_5_a_f_45afbb41c07fc602468ba59454b3578fe9f7a346_det_bp_esa_all_in_one_16.0kwh.png.png?width=3000"",""has_quantity_discount"":false,""scraped_at"":""2026-07-04T09:59:24.967Z""}"
Krannich Solar;1763770;1763770;GW8.3-BAT-D-G20 + GW10K-ETA-G20;Set střídače 10 kW s baterií 24 kWh;Baterie se střídačem;GoodWe;135031.53;21;ks;https://shop.krannich-solar.com/cs-cz/GW8.3-BAT-D-G20-GW10K-ETA-G20/1763770;4 ks na skladě, možné naskladnění: 31.07.2026;"{""categories"":[""Baterie se střídačem""],""price_raw"":""135 031,53 Kč*"",""price_per_wp_raw"":"""",""price_per_wp_czk_without_vat"":null,""properties"":{""AC jmenovitý výkon (kW)"":""10.00"",""Počet nezávislých MPPT (ks)"":""4"",""Využitelná kapacita (kWh)"":""24.00""},""image_url"":""https://cdn.shop.krannich-solar.com/media/01/5a/20/1776696767/1763770_3_9_0_0_3900d50362621f2fcf699e117a6ac9325ca1cff7_det_bp_esa_all_in_one_24.0kwh.png.png?width=3000"",""has_quantity_discount"":false,""scraped_at"":""2026-07-04T09:59:27.421Z""}"
Krannich Solar;1763772;1763772;GW8.3-BAT-D-G20 + GW15K-ETA-G20;Kompletní sestava střídače s bateriemi;Baterie se střídačem;GoodWe;175732.49;21;ks;https://shop.krannich-solar.com/cs-cz/GW8.3-BAT-D-G20-GW15K-ETA-G20/1763772;0 ks na skladě, možné naskladnění: 05.08.2026;"{""categories"":[""Baterie se střídačem""],""price_raw"":""175 732,49 Kč*"",""price_per_wp_raw"":"""",""price_per_wp_czk_without_vat"":null,""properties"":{""AC jmenovitý výkon (kW)"":""15.00"",""Počet nezávislých MPPT (ks)"":""4"",""Využitelná kapacita (kWh)"":""32.00""},""image_url"":""https://cdn.shop.krannich-solar.com/media/0b/58/91/1776696768/1763772_7_c_b_5_7cb51786c4a136c05513762f97073d611bf99af8_det_bp_esa_all_in_one_32.0kwh.png.png?width=3000"",""has_quantity_discount"":false,""scraped_at"":""2026-07-04T09:59:32.404Z""}"
Krannich Solar;1763771;1763771;GW8.3-BAT-D-G20 + GW15K-ETA-G20;Set střídače 15 kW s baterií 24 kWh;Baterie se střídačem;GoodWe;139660.61;21;ks;https://shop.krannich-solar.com/cs-cz/GW8.3-BAT-D-G20-GW15K-ETA-G20/1763771;0 ks na skladě, možné naskladnění: 05.08.2026;"{""categories"":[""Baterie se střídačem""],""price_raw"":""139 660,61 Kč*"",""price_per_wp_raw"":"""",""price_per_wp_czk_without_vat"":null,""properties"":{""AC jmenovitý výkon (kW)"":""15.00"",""Počet nezávislých MPPT (ks)"":""4"",""Využitelná kapacita (kWh)"":""24.00""},""image_url"":""https://cdn.shop.krannich-solar.com/media/e3/ed/ca/1776696767/1763771_4_b_1_4_4b1449cfe29e3fff007f3ed55daf6ccd479b7498_det_bp_esa_all_in_one_24.0kwh.png.png?width=3000"",""has_quantity_discount"":false,""scraped_at"":""2026-07-04T09:59:32.404Z""}"
Krannich Solar;1763774;1763774;GW8.3-BAT-D-G20 + GW20K-ETA-G20;Kompletní sestava střídače s bateriemi;Baterie se střídačem;GoodWe;221346.5;21;ks;https://shop.krannich-solar.com/cs-cz/GW8.3-BAT-D-G20-GW20K-ETA-G20/1763774;0 ks na skladě, možné naskladnění: 05.08.2026;"{""categories"":[""Baterie se střídačem""],""price_raw"":""221 346,50 Kč*"",""price_per_wp_raw"":"""",""price_per_wp_czk_without_vat"":null,""properties"":{""AC jmenovitý výkon (kW)"":""20.00"",""Počet nezávislých MPPT (ks)"":""4"",""Využitelná kapacita (kWh)"":""40.00""},""image_url"":""https://cdn.shop.krannich-solar.com/media/be/cc/52/1776696768/1763774_8_e_1_c_8e1ce95a4060487e692a838b946fa3a66fdfb1ed_det_bp_esa_all_in_one_40.0kwh.png.png?width=3000"",""has_quantity_discount"":false,""scraped_at"":""2026-07-04T09:59:32.404Z""}"
Krannich Solar;1763773;1763773;GW8.3-BAT-D-G20 + GW20K-ETA-G20;Kompletní sestava střídače s bateriemi;Baterie se střídačem;GoodWe;185274.62;21;ks;https://shop.krannich-solar.com/cs-cz/GW8.3-BAT-D-G20-GW20K-ETA-G20/1763773;0 ks na skladě, možné naskladnění: 05.08.2026;"{""categories"":[""Baterie se střídačem""],""price_raw"":""185 274,62 Kč*"",""price_per_wp_raw"":"""",""price_per_wp_czk_without_vat"":null,""properties"":{""AC jmenovitý výkon (kW)"":""20.00"",""Počet nezávislých MPPT (ks)"":""4"",""Využitelná kapacita (kWh)"":""32.00""},""image_url"":""https://cdn.shop.krannich-solar.com/media/8f/8b/40/1776696768/1763773_f_2_2_b_f22bda08ce4352beed5838b739bb7a0ab199b3b8_det_bp_esa_all_in_one_32.0kwh.png.png?width=3000"",""has_quantity_discount"":false,""scraped_at"":""2026-07-04T09:59:32.404Z""}"
Krannich Solar;1764062;1764062;GW8.3-BAT-D-G20 + GW25K-ETA-G20;Kompletní sestava střídače s bateriemi;Baterie se střídačem;GoodWe;223777.08;21;ks;https://shop.krannich-solar.com/cs-cz/GW8.3-BAT-D-G20-GW25K-ETA-G20/1764062;0 ks na skladě, možné naskladnění: 16.09.2026;"{""categories"":[""Baterie se střídačem""],""price_raw"":""223 777,08 Kč*"",""price_per_wp_raw"":"""",""price_per_wp_czk_without_vat"":null,""properties"":{""AC jmenovitý výkon (kW)"":""25.00"",""Počet nezávislých MPPT (ks)"":""4"",""Využitelná kapacita (kWh)"":""40.00""},""image_url"":""https://cdn.shop.krannich-solar.com/media/d2/3c/b9/1776696770/1764062_d_0_0_c_d00c87e66caaabbc3f3089dd71fdb4820b9f9e94_det_bp_esa_all_in_one_40.0kwh.png.png?width=3000"",""has_quantity_discount"":false,""scraped_at"":""2026-07-04T09:59:37.242Z""}"
Krannich Solar;1764058;1764058;GW8.3-BAT-D-G20 + GW25K-ETA-G20;Kompletní sestava střídače s bateriemi;Baterie se střídačem;GoodWe;301675.84;21;ks;https://shop.krannich-solar.com/cs-cz/GW8.3-BAT-D-G20-GW25K-ETA-G20/1764058;0 ks na skladě, možné naskladnění: 23.09.2026;"{""categories"":[""Baterie se střídačem""],""price_raw"":""301 675,84 Kč*"",""price_per_wp_raw"":"""",""price_per_wp_czk_without_vat"":null,""properties"":{""AC jmenovitý výkon (kW)"":""25.00"",""Počet nezávislých MPPT (ks)"":""4"",""Využitelná kapacita (kWh)"":""56.00""},""image_url"":""https://cdn.shop.krannich-solar.com/media/46/98/d2/1776696770/1764058_3_f_9_2_3f924d7317e87ba50ee43a94dbb60f757ed98f09_det_bp_esa_all_in_one_56.0kwh_.png.png?width=3000"",""has_quantity_discount"":false,""scraped_at"":""2026-07-04T09:59:37.243Z""}"
Krannich Solar;1763775;1763775;GW8.3-BAT-D-G20 + GW29.999K-ETA-G20;Kompletní sestava střídače s bateriemi;Baterie se střídačem;GoodWe;262848.68;21;ks;https://shop.krannich-solar.com/cs-cz/GW8.3-BAT-D-G20-GW29.999K-ETA-G20/1763775;0 ks na skladě, možné naskladnění: 05.08.2026;"{""categories"":[""Baterie se střídačem""],""price_raw"":""262 848,68 Kč*"",""price_per_wp_raw"":"""",""price_per_wp_czk_without_vat"":null,""properties"":{""AC jmenovitý výkon (kW)"":""30.00"",""Počet nezávislých MPPT (ks)"":""4"",""Využitelná kapacita (kWh)"":""48.00""},""image_url"":""https://cdn.shop.krannich-solar.com/media/19/7d/36/1776696769/1763775_8_0_4_9_80494b5e7d7ee84c20daeb274115a3651dbf92ac_det_bp_esa_all_in_one_48.0kwh.png.png?width=3000"",""has_quantity_discount"":false,""scraped_at"":""2026-07-04T09:59:32.404Z""}"
Krannich Solar;1763776;1763776;GW8.3-BAT-D-G20 + GW29.999K-ETA-G20;Kompletní sestava střídače s bateriemi;Baterie se střídačem;GoodWe;340747.69;21;ks;https://shop.krannich-solar.com/cs-cz/GW8.3-BAT-D-G20-GW29.999K-ETA-G20/1763776;0 ks na skladě, možné naskladnění: 23.09.2026;"{""categories"":[""Baterie se střídačem""],""price_raw"":""340 747,69 Kč*"",""price_per_wp_raw"":"""",""price_per_wp_czk_without_vat"":null,""properties"":{""AC jmenovitý výkon (kW)"":""30.00"",""Počet nezávislých MPPT (ks)"":""4"",""Využitelná kapacita (kWh)"":""64.00""},""image_url"":""https://cdn.shop.krannich-solar.com/media/6c/69/78/1776696769/1763776_c_3_a_3_c3a33b34b925bf6fc76517e21f093991d6846f07_det_bp_esa_all_in_one_64.0kwh.png.png?width=3000"",""has_quantity_discount"":false,""scraped_at"":""2026-07-04T09:59:37.243Z""}"
Krannich Solar;1764108;1764108;GW8.3-BAT-D-G20 + GW3.6K-EHA-G20;Set střídače 3,6 kW s baterií 8 kWh;Baterie se střídačem;GoodWe;50320.21;21;ks;https://shop.krannich-solar.com/cs-cz/GW8.3-BAT-D-G20-GW3.6K-EHA-G20/1764108;0 ks na skladě, možné naskladnění: 16.09.2026;"{""categories"":[""Baterie se střídačem""],""price_raw"":""50 320,21 Kč*"",""price_per_wp_raw"":"""",""price_per_wp_czk_without_vat"":null,""properties"":{""AC jmenovitý výkon (kW)"":""3.60"",""Počet nezávislých MPPT (ks)"":""2"",""Využitelná kapacita (kWh)"":""8.00""},""image_url"":""https://cdn.shop.krannich-solar.com/media/97/f7/c4/1776696771/1764108_6_f_6_6_6f66c25422c2a5f6c70767522f75e705c9629517_det_bp_esa_all_in_one_8.0kwh.png.png?width=3000"",""has_quantity_discount"":false,""scraped_at"":""2026-07-04T09:59:37.242Z""}"
Krannich Solar;1764109;1764109;GW8.3-BAT-D-G20 + GW5K-EHA-G20;Set střídače 5 kW s baterií 8 kWh;Baterie se střídačem;GoodWe;50914.82;21;ks;https://shop.krannich-solar.com/cs-cz/GW8.3-BAT-D-G20-GW5K-EHA-G20/1764109;0 ks na skladě, možné naskladnění: 12.08.2026;"{""categories"":[""Baterie se střídačem""],""price_raw"":""50 914,82 Kč*"",""price_per_wp_raw"":"""",""price_per_wp_czk_without_vat"":null,""properties"":{""AC jmenovitý výkon (kW)"":""5.00"",""Počet nezávislých MPPT (ks)"":""2"",""Využitelná kapacita (kWh)"":""8.00""},""image_url"":""https://cdn.shop.krannich-solar.com/media/08/9d/fe/1776696772/1764109_8_f_e_0_8fe0e4689d5a22d82eb4f727e8799f15808105e9_det_bp_esa_all_in_one_8.0kwh.png.png?width=3000"",""has_quantity_discount"":false,""scraped_at"":""2026-07-04T09:59:34.819Z""}"
Krannich Solar;1763768;1763768;GW8.3-BAT-D-G20 + GW8K-ETA-G20;Set střídače 8 kW s baterií 16 kWh;Baterie se střídačem;GoodWe;98106.29;21;ks;https://shop.krannich-solar.com/cs-cz/GW8.3-BAT-D-G20-GW8K-ETA-G20/1763768;0 ks na skladě, možné naskladnění: 05.08.2026;"{""categories"":[""Baterie se střídačem""],""price_raw"":""98 106,29 Kč*"",""price_per_wp_raw"":"""",""price_per_wp_czk_without_vat"":null,""properties"":{""AC jmenovitý výkon (kW)"":""8.00"",""Počet nezávislých MPPT (ks)"":""3"",""Využitelná kapacita (kWh)"":""16.00""},""image_url"":""https://cdn.shop.krannich-solar.com/media/82/98/4f/1776696765/1763768_7_3_1_0_73103aabf518684bb98b80b6ce170267018435d3_det_bp_esa_all_in_one_16.0kwh.png.png?width=3000"",""has_quantity_discount"":false,""scraped_at"":""2026-07-04T09:59:32.404Z""}"
Krannich Solar;1763767;1763767;GW8.3-BAT-D-G20 + GW8K-ETA-G20;Set střídače 8 kW s baterií 8,3 kWh;Baterie se střídačem;GoodWe;62034.17;21;ks;https://shop.krannich-solar.com/cs-cz/GW8.3-BAT-D-G20-GW8K-ETA-G20/1763767;0 ks na skladě, možné naskladnění: 05.08.2026;"{""categories"":[""Baterie se střídačem""],""price_raw"":""62 034,17 Kč*"",""price_per_wp_raw"":"""",""price_per_wp_czk_without_vat"":null,""properties"":{""AC jmenovitý výkon (kW)"":""8.00"",""Počet nezávislých MPPT (ks)"":""3"",""Využitelná kapacita (kWh)"":""8.00""},""image_url"":""https://cdn.shop.krannich-solar.com/media/2c/ce/29/1776696767/1763767_6_b_7_2_6b72bc4a5996d92038cbf162ac83f91ea6638593_det_bp_esa_all_in_one_8.0kwh.png.png?width=3000"",""has_quantity_discount"":false,""scraped_at"":""2026-07-04T09:59:32.404Z""}"
Krannich Solar;1761469;1761469;LX D10.0-10 + GW10KN-ET PLUS;Set střídače 10 kW s baterií 10 kWh;Baterie se střídačem;GoodWe;73154.5;21;ks;https://shop.krannich-solar.com/cs-cz/LX-D10.0-10-GW10KN-ET-PLUS/1761469;7 ks na skladě, možné naskladnění: 28.08.2026;"{""categories"":[""Baterie se střídačem""],""price_raw"":""73 154,50 Kč*"",""price_per_wp_raw"":"""",""price_per_wp_czk_without_vat"":null,""properties"":{""AC jmenovitý výkon (kW)"":""10.00"",""Počet nezávislých MPPT (ks)"":""2"",""Využitelná kapacita (kWh)"":""10.00""},""image_url"":""https://cdn.shop.krannich-solar.com/media/bf/7e/9a/1773773498/1761469_c_0_9_1_c0915f5fc3f69fd645d347c7f551d0cec6eb3a8d_det_bp_gw_lx_d10.0_10_gw5_10kn_et_plus_.png.png?width=3000"",""has_quantity_discount"":false,""scraped_at"":""2026-07-04T09:59:24.967Z""}"
Krannich Solar;1761943;1761943;LX D10.0-10 + GW12K-ET-20;Set střídače 12 kW s baterií 10 kWh;Baterie se střídačem;GoodWe;81911.17;21;ks;https://shop.krannich-solar.com/cs-cz/LX-D10.0-10-GW12K-ET-20/1761943;0 ks na skladě, možné naskladnění: 02.09.2026;"{""categories"":[""Baterie se střídačem""],""price_raw"":""81 911,17 Kč*"",""price_per_wp_raw"":"""",""price_per_wp_czk_without_vat"":null,""properties"":{""AC jmenovitý výkon (kW)"":""12.00"",""Počet nezávislých MPPT (ks)"":""3"",""Využitelná kapacita (kWh)"":""10.00""},""image_url"":""https://cdn.shop.krannich-solar.com/media/3a/01/44/1776266593/1761943_2_4_3_3_2433397be76fb21fb03a6764c864057eed0bfda1_det_bp_gw_lx_d10.0_10_d_series_gw15k_et_20.png.png?width=3000"",""has_quantity_discount"":false,""scraped_at"":""2026-07-04T09:59:37.242Z""}"
Krannich Solar;1761468;1761468;LX D15.0-10 + GW10KN-ET PLUS;Set střídače 10 kW s baterií 15 kWh;Baterie se střídačem;GoodWe;100895.53;21;ks;https://shop.krannich-solar.com/cs-cz/LX-D15.0-10-GW10KN-ET-PLUS/1761468;4 ks na skladě, možné naskladnění: 28.08.2026;"{""categories"":[""Baterie se střídačem""],""price_raw"":""100 895,53 Kč*"",""price_per_wp_raw"":"""",""price_per_wp_czk_without_vat"":null,""properties"":{""AC jmenovitý výkon (kW)"":""10.00"",""Počet nezávislých MPPT (ks)"":""2"",""Využitelná kapacita (kWh)"":""15.00""},""image_url"":""https://cdn.shop.krannich-solar.com/media/5d/51/3c/1773773498/1761468_1_3_1_f_131f638249bb920dc8ad15452ed07f97906b22f6_det_bp_gw_lx_d15.0_10_gw10kn_et_plus_.png.png?width=3000"",""has_quantity_discount"":false,""scraped_at"":""2026-07-04T09:59:27.421Z""}"
Krannich Solar;1761944;1761944;LX D15.0-10 + GW12K-ET-20;Set střídače 12 kW s baterií 15 kWh;Baterie se střídačem;GoodWe;109652.45;21;ks;https://shop.krannich-solar.com/cs-cz/LX-D15.0-10-GW12K-ET-20/1761944;0 ks na skladě, možné naskladnění: 02.09.2026;"{""categories"":[""Baterie se střídačem""],""price_raw"":""109 652,45 Kč*"",""price_per_wp_raw"":"""",""price_per_wp_czk_without_vat"":null,""properties"":{""AC jmenovitý výkon (kW)"":""12.00"",""Počet nezávislých MPPT (ks)"":""3"",""Využitelná kapacita (kWh)"":""15.00""},""image_url"":""https://cdn.shop.krannich-solar.com/media/b2/d6/9a/1776266593/1761944_5_e_d_e_5ede7ce4424dcc9f505802f7f7580467bbc79e9c_det_bp_gw_lx_d15.0_10_d_series_gw6000_8000_et_20.png.png?width=3000"",""has_quantity_discount"":false,""scraped_at"":""2026-07-04T09:59:37.242Z""}"
Krannich Solar;1761678;1761678;LX D25.0-10 + GW15K-ET-20;Set střídače 15 kW s baterií 25 kWh;Baterie se střídačem;GoodWe;166687.48;21;ks;https://shop.krannich-solar.com/cs-cz/LX-D25.0-10-GW15K-ET-20/1761678;0 ks na skladě, možné naskladnění: 31.07.2026;"{""categories"":[""Baterie se střídačem""],""price_raw"":""166 687,48 Kč*"",""price_per_wp_raw"":"""",""price_per_wp_czk_without_vat"":null,""properties"":{""AC jmenovitý výkon (kW)"":""15.00"",""Počet nezávislých MPPT (ks)"":""3"",""Využitelná kapacita (kWh)"":""25.00""},""image_url"":""https://cdn.shop.krannich-solar.com/media/52/f5/aa/1776266592/1761678_0_f_2_9_0f2983491543c4644402eca6532926e305176cbe_det_bp_gw_lx_d25.0_10_d_series_gw15k_et_20.png.png?width=3000"",""has_quantity_discount"":false,""scraped_at"":""2026-07-04T09:59:32.403Z""}"
Krannich Solar;1758488;1758488;Lynx C LX C101-10 + 50K-ET;HV bateriové úložiště, 101.38 kWh, 3-fázové;Baterie se střídačem;GoodWe;483866.84;21;ks;https://shop.krannich-solar.com/cs-cz/Lynx-C-LX-C101-10-50K-ET/1758488;0 ks na skladě, možné naskladnění: 29.07.2026;"{""categories"":[""Baterie se střídačem""],""price_raw"":""483 866,84 Kč*"",""price_per_wp_raw"":"""",""price_per_wp_czk_without_vat"":null,""properties"":{""AC jmenovitý výkon (kW)"":""50.00"",""Počet nezávislých MPPT (ks)"":""4"",""Využitelná kapacita (kWh)"":""101.38""},""image_url"":""https://cdn.shop.krannich-solar.com/media/85/b0/ef/1750435115/1758488_3_8_2_3_3823dafba6e3099a74e7119a3cc4921e0e6472ca_det_bbp_gw_lynx_c_series_101_156kwh_gw_50k_et.png.png?width=3000"",""has_quantity_discount"":false,""scraped_at"":""2026-07-04T09:59:32.403Z""}"
Krannich Solar;1761588;1761588;Set GW50K-ET-10 + LYNX C 120-10;Bateriové úložiště 120 kWh se střídačem 50 kW;Baterie se střídačem;GoodWe;548508.13;21;ks;https://shop.krannich-solar.com/cs-cz/Set-GW50K-ET-10-LYNX-C-120-10/1761588;0 ks na skladě, možné naskladnění: 29.07.2026;"{""categories"":[""Baterie se střídačem""],""price_raw"":""548 508,13 Kč*"",""price_per_wp_raw"":"""",""price_per_wp_czk_without_vat"":null,""properties"":{""AC jmenovitý výkon (kW)"":""50.00"",""Počet nezávislých MPPT (ks)"":""4"",""Využitelná kapacita (kWh)"":""119.81""},""image_url"":""https://cdn.shop.krannich-solar.com/media/7a/d7/ca/1752842170/1761588_3_8_2_3_3823dafba6e3099a74e7119a3cc4921e0e6472ca_det_bbp_gw_lynx_c_series_101_156kwh_gw_50k_et.png.png?width=3000"",""has_quantity_discount"":false,""scraped_at"":""2026-07-04T09:59:32.403Z""}"
Krannich Solar;1761589;1761589;Set GW50K-ET-10 + LYNX C 138-10;Bateriové úložiště 138 kWh se střídačem 50 kW;Baterie se střídačem;GoodWe;615464.08;21;ks;https://shop.krannich-solar.com/cs-cz/Set-GW50K-ET-10-LYNX-C-138-10/1761589;0 ks na skladě, možné naskladnění: 29.07.2026;"{""categories"":[""Baterie se střídačem""],""price_raw"":""615 464,08 Kč*"",""price_per_wp_raw"":"""",""price_per_wp_czk_without_vat"":null,""properties"":{""AC jmenovitý výkon (kW)"":""50.00"",""Počet nezávislých MPPT (ks)"":""4"",""Využitelná kapacita (kWh)"":""138.24""},""image_url"":""https://cdn.shop.krannich-solar.com/media/2f/81/66/1752838572/1761589_3_8_2_3_3823dafba6e3099a74e7119a3cc4921e0e6472ca_det_bbp_gw_lynx_c_series_101_156kwh_gw_50k_et.png.png?width=3000"",""has_quantity_discount"":false,""scraped_at"":""2026-07-04T09:59:32.403Z""}"
Krannich Solar;1759273;1759273;LUNA2000-107-1S11;Bateriové úložiště 107,5 kWh se střídačem 108 kW;Baterie se střídačem;Huawei;736069.77;21;ks;https://shop.krannich-solar.com/cs-cz/LUNA2000-107-1S11/1759273;0 ks na skladě, možné naskladnění: 12.08.2026;"{""categories"":[""Baterie se střídačem""],""price_raw"":""736 069,77 Kč*"",""price_per_wp_raw"":"""",""price_per_wp_czk_without_vat"":null,""properties"":{""AC jmenovitý výkon (kW)"":""108.00"",""Využitelná kapacita (kWh)"":""107.50""},""image_url"":""https://cdn.shop.krannich-solar.com/media/0e/00/5e/1773768121/1759273_9_c_b_9_9cb9e814313243c2f837751823a81e34292c9a92_krannich_stor_huawei_luna2000_215kwh_2s10a_image.png.png?width=3000"",""has_quantity_discount"":false,""scraped_at"":""2026-07-04T09:59:37.241Z""}"
Krannich Solar;1759272;1759272;LUNA2000-161-2S11;Bateriové úložiště 161 kWh se střídačem 108 kW;Baterie se střídačem;Huawei;893186.99;21;ks;https://shop.krannich-solar.com/cs-cz/LUNA2000-161-2S11/1759272;0 ks na skladě, možné naskladnění: 12.08.2026;"{""categories"":[""Baterie se střídačem""],""price_raw"":""893 186,99 Kč*"",""price_per_wp_raw"":"""",""price_per_wp_czk_without_vat"":null,""properties"":{""AC jmenovitý výkon (kW)"":""108.00"",""Využitelná kapacita (kWh)"":""161.30""},""image_url"":""https://cdn.shop.krannich-solar.com/media/a2/27/df/1773768120/1759272_9_c_b_9_9cb9e814313243c2f837751823a81e34292c9a92_krannich_stor_huawei_luna2000_215kwh_2s10a_image.png.png?width=3000"",""has_quantity_discount"":false,""scraped_at"":""2026-07-04T09:59:37.241Z""}"
Krannich Solar;1758616;1758616;LUNA2000-215-2S10;HV bateriový systém, 215.0 kWh kapacita, 108 kW WR;Baterie se střídačem;Huawei;938684.11;21;ks;https://shop.krannich-solar.com/cs-cz/LUNA2000-215-2S10/1758616;0 ks na skladě, možné naskladnění: 05.08.2026;"{""categories"":[""Baterie se střídačem""],""price_raw"":""938 684,11 Kč*"",""price_per_wp_raw"":"""",""price_per_wp_czk_without_vat"":null,""properties"":{""AC jmenovitý výkon (kW)"":""108.00"",""Využitelná kapacita (kWh)"":""215.00""},""image_url"":""https://cdn.shop.krannich-solar.com/media/81/7f/4e/1750077774/1758616_9_c_b_9_9cb9e814313243c2f837751823a81e34292c9a92_krannich_stor_huawei_luna2000_215kwh_2s10a_image.png.png?width=3000"",""has_quantity_discount"":false,""scraped_at"":""2026-07-04T09:59:34.819Z""}"
Krannich Solar;1763629;1763629;LUNA2000-241-2S1;HV bateriový systém, 241.0 kWh kapacita, 108 kW WR;Baterie se střídačem;Huawei;998575.8;21;ks;https://shop.krannich-solar.com/cs-cz/LUNA2000-241-2S1/1763629;0 ks na skladě, možné naskladnění: 05.08.2026;"{""categories"":[""Baterie se střídačem""],""price_raw"":""998 575,80 Kč*"",""price_per_wp_raw"":"""",""price_per_wp_czk_without_vat"":null,""properties"":{""AC jmenovitý výkon (kW)"":""108.00"",""Využitelná kapacita (kWh)"":""241.00""},""image_url"":""https://cdn.shop.krannich-solar.com/media/71/e0/40/1779722495/1763629_1_a_8_2_1a82d501d671e545bde35ec60897d9aa69e9cf0a_det_stor_huawei_luna2000_241kwh_2s1.png.png?width=3000"",""has_quantity_discount"":false,""scraped_at"":""2026-07-04T09:59:32.404Z""}"
Krannich Solar;1755891;1755891;PowerShaper 2;Bateriové úložiště 100 kWh se střídačem 100 kW;Baterie se střídačem;Pixii;1187536.42;21;ks;https://shop.krannich-solar.com/cs-cz/PowerShaper-2/1755891;0 ks na skladě, možné naskladnění: 05.08.2026;"{""categories"":[""Baterie se střídačem""],""price_raw"":""1 187 536,42 Kč*"",""price_per_wp_raw"":"""",""price_per_wp_czk_without_vat"":null,""properties"":{""AC jmenovitý výkon (kW)"":""100.00"",""Využitelná kapacita (kWh)"":""83.33""},""image_url"":""https://cdn.shop.krannich-solar.com/media/70/db/bc/1772806069/1755891_5_6_1_d_561d926aefdb915c139d171c94e6c7145e973d5b_det_bbp_pixii_powershaper2.jpg.jpg?width=3000"",""has_quantity_discount"":false,""scraped_at"":""2026-07-04T09:59:34.818Z""}"
Krannich Solar;1755889;1755889;PowerShaper 2;Bateriové úložiště 50 kWh se střídačem 50 kW;Baterie se střídačem;Pixii;591093.07;21;ks;https://shop.krannich-solar.com/cs-cz/PowerShaper-2/1755889;0 ks na skladě, možné naskladnění: 05.08.2026;"{""categories"":[""Baterie se střídačem""],""price_raw"":""591 093,07 Kč*"",""price_per_wp_raw"":"""",""price_per_wp_czk_without_vat"":null,""properties"":{""AC jmenovitý výkon (kW)"":""50.00"",""Využitelná kapacita (kWh)"":""41.66""},""image_url"":""https://cdn.shop.krannich-solar.com/media/20/19/1a/1772806069/1755889_8_0_f_9_80f96c0a3d1047d0440e11de9576e96c57b13414_det_bbp_pixii_powershaper2.jpg.jpg?width=3000"",""has_quantity_discount"":false,""scraped_at"":""2026-07-04T09:59:34.818Z""}"
Krannich Solar;1757617;1757617;PowerShaper XL;Bateriové úložiště 400 kWh se střídačem 120 kW;Baterie se střídačem;Pixii;2520201.34;21;ks;https://shop.krannich-solar.com/cs-cz/PowerShaper-XL/1757617;0 ks na skladě, možné naskladnění: 05.08.2026;"{""categories"":[""Baterie se střídačem""],""price_raw"":""2 520 201,34 Kč*"",""price_per_wp_raw"":"""",""price_per_wp_czk_without_vat"":null,""properties"":{""AC jmenovitý výkon (kW)"":""120.00"",""Využitelná kapacita (kWh)"":""360.00""},""image_url"":""https://cdn.shop.krannich-solar.com/media/40/60/f0/1772806070/1757617_8_5_e_a_85ea063f18232b0539403ee80ef1e9c6b8483d48_det_sba_pix_powershaperxl_cabinet_outdoor__1_.png.png?width=3000"",""has_quantity_discount"":false,""scraped_at"":""2026-07-04T09:59:34.818Z""}"
Krannich Solar;1757616;1757616;PowerShaper XL;Bateriové úložiště 200 kWh se střídačem 60 kW;Baterie se střídačem;Pixii;1257425.65;21;ks;https://shop.krannich-solar.com/cs-cz/PowerShaper-XL/1757616;0 ks na skladě, možné naskladnění: 05.08.2026;"{""categories"":[""Baterie se střídačem""],""price_raw"":""1 257 425,65 Kč*"",""price_per_wp_raw"":"""",""price_per_wp_czk_without_vat"":null,""properties"":{""AC jmenovitý výkon (kW)"":""60.00"",""Využitelná kapacita (kWh)"":""180.00""},""image_url"":""https://cdn.shop.krannich-solar.com/media/c7/ea/eb/1772806070/1757616_8_5_e_a_85ea063f18232b0539403ee80ef1e9c6b8483d48_det_sba_pix_powershaperxl_cabinet_outdoor__1_.png.png?width=3000"",""has_quantity_discount"":false,""scraped_at"":""2026-07-04T09:59:34.818Z""}"
Krannich Solar;1762506;1762506;GW10K-ET-20 + FORCE-H2 13.5;Set střídače 10 kW s baterií 13,5 kWh;Baterie se střídačem;Pylontech + GoodWe;88114.56;21;ks;https://shop.krannich-solar.com/cs-cz/GW10K-ET-20-FORCE-H2-13.5/1762506;32 ks na skladě, možné naskladnění: 12.08.2026;"{""categories"":[""Baterie se střídačem""],""price_raw"":""88 114,56 Kč*"",""price_per_wp_raw"":"""",""price_per_wp_czk_without_vat"":null,""properties"":{""AC jmenovitý výkon (kW)"":""10.00"",""Počet nezávislých MPPT (ks)"":""3"",""Využitelná kapacita (kWh)"":""13.50""},""image_url"":""https://cdn.shop.krannich-solar.com/media/2b/83/72/1776266595/1762506_d_2_9_d_d29df3f8a948a373e505cd4b5b717ef04c760942_det_bp_pt_96v_force_h2_13.5_gw6000_8000_10k_et_20.png.png?width=3000"",""has_quantity_discount"":false,""scraped_at"":""2026-07-04T09:59:24.966Z""}"
Krannich Solar;1761976;1761976;GW10K-ET-20 + Force-H3 14.7;Set střídače 10 kW s baterií 14,7 kWh;Baterie se střídačem;Pylontech + GoodWe;89199.75;21;ks;https://shop.krannich-solar.com/cs-cz/GW10K-ET-20-Force-H3-14.7/1761976;121 ks na skladě, možné naskladnění: 13.08.2026;"{""categories"":[""Baterie se střídačem""],""price_raw"":""89 199,75 Kč*"",""price_per_wp_raw"":"""",""price_per_wp_czk_without_vat"":null,""properties"":{""AC jmenovitý výkon (kW)"":""10.00"",""Počet nezávislých MPPT (ks)"":""3"",""Využitelná kapacita (kWh)"":""14.73""},""image_url"":""https://cdn.shop.krannich-solar.com/media/dd/c2/c7/1776266595/1761976_9_4_9_6_9496a626b6a0b3d2f46d05fc86ce909f29de85ad_det_bp_pt_102.4v_force_h3_14.7_gw10K_ET_20.png.png?width=3000"",""has_quantity_discount"":false,""scraped_at"":""2026-07-04T09:59:24.966Z""}"
Krannich Solar;1761980;1761980;GW10K-ET-20 + Force-H3 9.7;Set střídače 10 kW s baterií 9,7 kWh;Baterie se střídačem;Pylontech + GoodWe;71161.87;21;ks;https://shop.krannich-solar.com/cs-cz/GW10K-ET-20-Force-H3-9.7/1761980;121 ks na skladě, možné naskladnění: 13.08.2026;"{""categories"":[""Baterie se střídačem""],""price_raw"":""71 161,87 Kč*"",""price_per_wp_raw"":"""",""price_per_wp_czk_without_vat"":null,""properties"":{""AC jmenovitý výkon (kW)"":""10.00"",""Počet nezávislých MPPT (ks)"":""2"",""Využitelná kapacita (kWh)"":""9.69""},""image_url"":""https://cdn.shop.krannich-solar.com/media/40/5a/e7/1776266594/1761980_0_7_3_0_0730d154551d6bcd3bdfe61099393ba7c3b9aa5c_det_bp_pt_102.4v_force_h3_9.7_gw10_15K_ET_20.png.png?width=3000"",""has_quantity_discount"":false,""scraped_at"":""2026-07-04T09:59:24.965Z""}"
Krannich Solar;1761461;1761461;GW10KN-ET PLUS + FORCE-H1 17,76 kWh;Set střídače 10 kW s baterií 17,76 kWh;Baterie se střídačem;Pylontech + GoodWe;96617.1;21;ks;https://shop.krannich-solar.com/cs-cz/GW10KN-ET-PLUS-FORCE-H1-17-76-kWh/1761461;4 ks na skladě, poslední kusy;"{""categories"":[""Baterie se střídačem""],""price_raw"":""96 617,10 Kč*"",""price_per_wp_raw"":"""",""price_per_wp_czk_without_vat"":null,""properties"":{""AC jmenovitý výkon (kW)"":""10.00"",""Počet nezávislých MPPT (ks)"":""2"",""Využitelná kapacita (kWh)"":""16.90""},""image_url"":""https://cdn.shop.krannich-solar.com/media/ae/e4/47/1773679900/1761461_e_b_5_a_eb5afafa038e3c5dc7f702abe6cc5388e4149053_det_bp_pt_48v_force_h1_16.9_gw_gw10kn_et_plus.png.png?width=3000"",""has_quantity_discount"":false,""scraped_at"":""2026-07-04T09:59:27.421Z""}"
Krannich Solar;1761462;1761462;GW10KN-ET PLUS + FORCE-H1 21,31 kWh;Set střídače 10 kW s baterií 21,31 kWh;Baterie se střídačem;Pylontech + GoodWe;110710.47;21;ks;https://shop.krannich-solar.com/cs-cz/GW10KN-ET-PLUS-FORCE-H1-21-31-kWh/1761462;3 ks na skladě, poslední kusy;"{""categories"":[""Baterie se střídačem""],""price_raw"":""110 710,47 Kč*"",""price_per_wp_raw"":"""",""price_per_wp_czk_without_vat"":null,""properties"":{""AC jmenovitý výkon (kW)"":""10.00"",""Počet nezávislých MPPT (ks)"":""2"",""Využitelná kapacita (kWh)"":""20.20""},""image_url"":""https://cdn.shop.krannich-solar.com/media/bf/cd/2b/1773679901/1761462_a_8_8_4_a884c65db0eb44a39aa92da366c85f6de92f3a38_det_bp_pt_48v_force_h1_20.2_gw_gw10kn_et_plus.png.png?width=3000"",""has_quantity_discount"":false,""scraped_at"":""2026-07-04T09:59:27.421Z""}"
Krannich Solar;1761463;1761463;GW10KN-ET PLUS + FORCE-H2 7,1 kWh;Set střídače 10 kW s baterií 7,1 kWh;Baterie se střídačem;Pylontech + GoodWe;53290.11;21;ks;https://shop.krannich-solar.com/cs-cz/GW10KN-ET-PLUS-FORCE-H2-7-1-kWh/1761463;35 ks na skladě, možné naskladnění: 05.08.2026;"{""categories"":[""Baterie se střídačem""],""price_raw"":""53 290,11 Kč*"",""price_per_wp_raw"":"""",""price_per_wp_czk_without_vat"":null,""properties"":{""AC jmenovitý výkon (kW)"":""192.00"",""Počet nezávislých MPPT (ks)"":""2"",""Využitelná kapacita (kWh)"":""6.70""},""image_url"":""https://cdn.shop.krannich-solar.com/media/cb/77/a6/1773773497/1761463_8_7_7_c_877c67d0160ddc9bf6be4c30d336a675b8c1bfae_det_bp_pt_96v_force_h2_6.7_gw_gw10kn_et_plus.png.png?width=3000"",""has_quantity_discount"":false,""scraped_at"":""2026-07-04T09:59:24.966Z""}"
Krannich Solar;1761977;1761977;GW12K-ET-20 + Force-H3 14.7;Set střídače 12 kW s baterií 14,7 kWh;Baterie se střídačem;Pylontech + GoodWe;89949.32;21;ks;https://shop.krannich-solar.com/cs-cz/GW12K-ET-20-Force-H3-14.7/1761977;0 ks na skladě, možné naskladnění: 02.09.2026;"{""categories"":[""Baterie se střídačem""],""price_raw"":""89 949,32 Kč*"",""price_per_wp_raw"":"""",""price_per_wp_czk_without_vat"":null,""properties"":{""AC jmenovitý výkon (kW)"":""12.00"",""Počet nezávislých MPPT (ks)"":""3"",""Využitelná kapacita (kWh)"":""14.73""},""image_url"":""https://cdn.shop.krannich-solar.com/media/df/8f/44/1776266593/1761977_9_4_9_6_9496a626b6a0b3d2f46d05fc86ce909f29de85ad_det_bp_pt_102.4v_force_h3_14.7_gw10K_ET_20.png.png?width=3000"",""has_quantity_discount"":false,""scraped_at"":""2026-07-04T09:59:37.242Z""}"
Krannich Solar;1761981;1761981;GW15K-ET-20 + Force-H3 19.5;Set střídače 15 kW s baterií 19,5 kWh;Baterie se střídačem;Pylontech + GoodWe;108582.05;21;ks;https://shop.krannich-solar.com/cs-cz/GW15K-ET-20-Force-H3-19.5/1761981;0 ks na skladě, možné naskladnění: 31.07.2026;"{""categories"":[""Baterie se střídačem""],""price_raw"":""108 582,05 Kč*"",""price_per_wp_raw"":"""",""price_per_wp_czk_without_vat"":null,""properties"":{""AC jmenovitý výkon (kW)"":""15.00"",""Počet nezávislých MPPT (ks)"":""3"",""Využitelná kapacita (kWh)"":""19.48""},""image_url"":""https://cdn.shop.krannich-solar.com/media/42/77/b4/1776423224/1761981_e_2_f_4_e2f4a29df85b08b3c8658e759bec52925d4cb2f7_det_bp_pt_102.4v_force_h3_19.5_gw10K_ET_20.png.png?width=3000"",""has_quantity_discount"":false,""scraped_at"":""2026-07-04T09:59:32.403Z""}"
Krannich Solar;1761979;1761979;GW8000-ET-20 + Force-H3 9.7;Set střídače 8 kW s baterií 9,7 kWh;Baterie se střídačem;Pylontech + GoodWe;70773.87;21;ks;https://shop.krannich-solar.com/cs-cz/GW8000-ET-20-Force-H3-9.7/1761979;12 ks na skladě, možné naskladnění: 06.10.2026;"{""categories"":[""Baterie se střídačem""],""price_raw"":""70 773,87 Kč*"",""price_per_wp_raw"":"""",""price_per_wp_czk_without_vat"":null,""properties"":{""AC jmenovitý výkon (kW)"":""8.00"",""Počet nezávislých MPPT (ks)"":""2"",""Využitelná kapacita (kWh)"":""9.69""},""image_url"":""https://cdn.shop.krannich-solar.com/media/8e/95/9f/1776266594/1761979_0_7_3_0_0730d154551d6bcd3bdfe61099393ba7c3b9aa5c_det_bp_pt_102.4v_force_h3_9.7_gw10_15K_ET_20.png.png?width=3000"",""has_quantity_discount"":false,""scraped_at"":""2026-07-04T09:59:24.967Z""}"
Krannich Solar;1762538;1762538;GW8KN-ET PLUS + FORCE-H2 10.1;Set střídače 8 kW s baterií 10,1 kWh;Baterie se střídačem;Pylontech + GoodWe;74317.77;21;ks;https://shop.krannich-solar.com/cs-cz/GW8KN-ET-PLUS-FORCE-H2-10.1/1762538;12 ks na skladě, možné naskladnění: 06.10.2026;"{""categories"":[""Baterie se střídačem""],""price_raw"":""74 317,77 Kč*"",""price_per_wp_raw"":"""",""price_per_wp_czk_without_vat"":null,""properties"":{""AC jmenovitý výkon (kW)"":""8.00"",""Počet nezávislých MPPT (ks)"":""2"",""Využitelná kapacita (kWh)"":""10.10""},""image_url"":""https://cdn.shop.krannich-solar.com/media/7f/2a/e7/1776266595/1762538_a_d_2_f_ad2f7b654fa03772671c9c24b4e653e0ae42cf0d_det_bp_pt_96v_force_h2_10.1_gw6000_8000_10k_et_20.png.png?width=3000"",""has_quantity_discount"":false,""scraped_at"":""2026-07-04T09:59:24.967Z""}"
Krannich Solar;1761467;1761467;Set GW10KN-ET PLUS + FORCE-H2 14,2 kWh;Set střídače 10 kW s baterií 14,2 kWh;Baterie se střídačem;Pylontech + GoodWe;80107.46;21;ks;https://shop.krannich-solar.com/cs-cz/Set-GW10KN-ET-PLUS-FORCE-H2-14-2-kWh/1761467;32 ks na skladě, možné naskladnění: 12.08.2026;"{""categories"":[""Baterie se střídačem""],""price_raw"":""80 107,46 Kč*"",""price_per_wp_raw"":"""",""price_per_wp_czk_without_vat"":null,""properties"":{""AC jmenovitý výkon (kW)"":""10.00"",""Počet nezávislých MPPT (ks)"":""2"",""Využitelná kapacita (kWh)"":""13.50""},""image_url"":""https://cdn.shop.krannich-solar.com/media/6a/fa/63/1773679901/1761467_3_f_6_2_3f627868cd2b225588c4ded6c4a3607df8bca5c3_det_bp_pt_96v_force_h2_14.2_gw_gw10kn_et_plus.png.png?width=3000"",""has_quantity_discount"":false,""scraped_at"":""2026-07-04T09:59:24.966Z""}"
Krannich Solar;1755555;1755555;Set RCT Power Storage DC 10.0 + Battery 11.5 kWh;Kompletní sestava střídače s bateriemi a měřením;Baterie se střídačem;RCT Power;105369.17;21;ks;https://shop.krannich-solar.com/cs-cz/Set-RCT-Power-Storage-DC-10.0-Battery-11.5-kWh/1755555;1 ks na skladě, možné naskladnění: 22.07.2026;"{""categories"":[""Baterie se střídačem"",""Výprodej""],""price_raw"":""105 369,17 Kč*"",""price_per_wp_raw"":"""",""price_per_wp_czk_without_vat"":null,""properties"":{""AC jmenovitý výkon (kW)"":""10.00"",""Počet nezávislých MPPT (ks)"":""2"",""Využitelná kapacita (kWh)"":""10.37""},""image_url"":""https://cdn.shop.krannich-solar.com/media/cc/97/4c/1782647500/1755555_b_5_1_0_b5103b9a8d916fccf7439fc282201857ae89da9a_set_5.jpg.jpg?width=3000"",""has_quantity_discount"":false,""scraped_at"":""2026-07-04T09:59:29.828Z""}"
Krannich Solar;1755554;1755554;Set RCT Power Storage DC 10.0 + Battery 9.6 kWh;Kompletní sestava střídače s bateriemi a měřením;Baterie se střídačem;RCT Power;94644.36;21;ks;https://shop.krannich-solar.com/cs-cz/Set-RCT-Power-Storage-DC-10.0-Battery-9.6-kWh/1755554;2 ks na skladě, možné naskladnění: 22.07.2026;"{""categories"":[""Baterie se střídačem"",""Výprodej""],""price_raw"":""94 644,36 Kč*"",""price_per_wp_raw"":"""",""price_per_wp_czk_without_vat"":null,""properties"":{""AC jmenovitý výkon (kW)"":""10.00"",""Počet nezávislých MPPT (ks)"":""2"",""Využitelná kapacita (kWh)"":""8.64""},""image_url"":""https://cdn.shop.krannich-solar.com/media/88/3f/1a/1782647500/1755554_7_8_a_8_78a80453c74ac82d27b49c7ffa3d4256c83db3c4_set_4.jpg.jpg?width=3000"",""has_quantity_discount"":false,""scraped_at"":""2026-07-04T09:59:29.827Z""}"
Krannich Solar;1762096;1762096;ESI-10K-T1 + BTS E10-DS5;Set střídače 10 kW a baterie 10,24 kWh;Baterie se střídačem;SOFAR;66567.47;21;ks;https://shop.krannich-solar.com/cs-cz/ESI-10K-T1-BTS-E10-DS5/1762096;3 ks na skladě, možné naskladnění: 05.08.2026;"{""categories"":[""Baterie se střídačem""],""price_raw"":""66 567,47 Kč*"",""price_per_wp_raw"":"""",""price_per_wp_czk_without_vat"":null,""properties"":{""AC jmenovitý výkon (kW)"":""10.00"",""Počet nezávislých MPPT (ks)"":""3"",""Využitelná kapacita (kWh)"":""9.50""},""image_url"":""https://cdn.shop.krannich-solar.com/media/50/1e/4d/1761035812/1762096_f_f_2_6_ff2663b5a0d1ab6272b3658385bc94e80fea1a62_det_bp_sof_bts_e10_ds5_esi_5_12k_t1.png.png?width=3000"",""has_quantity_discount"":false,""scraped_at"":""2026-07-04T09:59:27.422Z""}"
Krannich Solar;1762097;1762097;ESI-10K-T1 + BTS E15-DS5;Set střídače 10 kW a baterie 15,36 kWh;Baterie se střídačem;SOFAR;85992.93;21;ks;https://shop.krannich-solar.com/cs-cz/ESI-10K-T1-BTS-E15-DS5/1762097;2 ks na skladě, možné naskladnění: 05.08.2026;"{""categories"":[""Baterie se střídačem""],""price_raw"":""85 992,93 Kč*"",""price_per_wp_raw"":"""",""price_per_wp_czk_without_vat"":null,""properties"":{""AC jmenovitý výkon (kW)"":""10.00"",""Počet nezávislých MPPT (ks)"":""3"",""Využitelná kapacita (kWh)"":""14.25""},""image_url"":""https://cdn.shop.krannich-solar.com/media/81/d0/3c/1761035813/1762097_d_b_a_e_dbae03d4a7f94465d5d375a22a66e0776c1efc11_det_bp_sof_bts_e15_ds5_esi_5_12k_t1.png.png?width=3000"",""has_quantity_discount"":false,""scraped_at"":""2026-07-04T09:59:29.828Z""}"
Krannich Solar;1762099;1762099;ESI-12K-T1 + BTS E10-DS5;Set střídače 12 kW a baterie 10,24 kWh;Baterie se střídačem;SOFAR;69940.89;21;ks;https://shop.krannich-solar.com/cs-cz/ESI-12K-T1-BTS-E10-DS5/1762099;3 ks na skladě, možné naskladnění: 05.08.2026;"{""categories"":[""Baterie se střídačem""],""price_raw"":""69 940,89 Kč*"",""price_per_wp_raw"":"""",""price_per_wp_czk_without_vat"":null,""properties"":{""AC jmenovitý výkon (kW)"":""12.00"",""Počet nezávislých MPPT (ks)"":""3"",""Využitelná kapacita (kWh)"":""9.50""},""image_url"":""https://cdn.shop.krannich-solar.com/media/e5/d1/73/1761035813/1762099_0_1_1_a_011ace9273954c984c1a670e77e7171154d0a80b_det_bp_sof_bts_e10_ds5_esi_5_12k_t1.png.png?width=3000"",""has_quantity_discount"":false,""scraped_at"":""2026-07-04T09:59:27.421Z""}"
Krannich Solar;1762100;1762100;ESI-12K-T1 + BTS E15-DS5;Set střídače 12 kW a baterie 15,36 kWh;Baterie se střídačem;SOFAR;89366.35;21;ks;https://shop.krannich-solar.com/cs-cz/ESI-12K-T1-BTS-E15-DS5/1762100;2 ks na skladě, možné naskladnění: 05.08.2026;"{""categories"":[""Baterie se střídačem""],""price_raw"":""89 366,35 Kč*"",""price_per_wp_raw"":"""",""price_per_wp_czk_without_vat"":null,""properties"":{""AC jmenovitý výkon (kW)"":""12.00"",""Počet nezávislých MPPT (ks)"":""3"",""Využitelná kapacita (kWh)"":""14.25""},""image_url"":""https://cdn.shop.krannich-solar.com/media/53/2b/ed/1761035813/1762100_4_0_b_0_40b0a05289f584ab8405a602718f95d4760eeb5a_det_bp_sof_bts_e15_ds5_esi_5_12k_t1.png.png?width=3000"",""has_quantity_discount"":false,""scraped_at"":""2026-07-04T09:59:29.828Z""}"
Krannich Solar;1757494;1757494;HYD 10KTL-3PH + BTS E10-DS5;Set střídače 10 kW a baterie 10,24 kWh;Baterie se střídačem;SOFAR;69256.07;21;ks;https://shop.krannich-solar.com/cs-cz/HYD-10KTL-3PH-BTS-E10-DS5/1757494;3 ks na skladě, možné naskladnění: 05.08.2026;"{""categories"":[""Baterie se střídačem""],""price_raw"":""69 256,07 Kč*"",""price_per_wp_raw"":"""",""price_per_wp_czk_without_vat"":null,""properties"":{""AC jmenovitý výkon (kW)"":""10.00"",""Počet nezávislých MPPT (ks)"":""2"",""Využitelná kapacita (kWh)"":""9.50""},""image_url"":""https://cdn.shop.krannich-solar.com/media/bb/62/25/1750077727/1757494_0_2_2_3_0223b83cad85c5485740f959667effe37b733b88_det_bp_sof_bts_e10_d5_hyd_xktl_3ph.png.png?width=3000"",""has_quantity_discount"":false,""scraped_at"":""2026-07-04T09:59:27.422Z""}"
Krannich Solar;1757495;1757495;HYD 10KTL-3PH + BTS E15-DS5;Set střídače 10 kW a baterie 15,36 kWh;Baterie se střídačem;SOFAR;88681.53;21;ks;https://shop.krannich-solar.com/cs-cz/HYD-10KTL-3PH-BTS-E15-DS5/1757495;2 ks na skladě, možné naskladnění: 05.08.2026;"{""categories"":[""Baterie se střídačem""],""price_raw"":""88 681,53 Kč*"",""price_per_wp_raw"":"""",""price_per_wp_czk_without_vat"":null,""properties"":{""AC jmenovitý výkon (kW)"":""10.00"",""Počet nezávislých MPPT (ks)"":""2"",""Využitelná kapacita (kWh)"":""14.25""},""image_url"":""https://cdn.shop.krannich-solar.com/media/79/0e/fb/1752834964/1757495_b_6_4_f_b64fb0cdd55b2ff0cb247cf7acece93f22cdf513_det_bp_sof_bts_e15_d5_hyd_xktl_3ph.png.png?width=3000"",""has_quantity_discount"":false,""scraped_at"":""2026-07-04T09:59:29.828Z""}"
Krannich Solar;1757361;1757361;HYD 15KTL-3PH + BTS E10-DS5;Set střídače 15 kW a baterie 10,24 kWh;Baterie se střídačem;SOFAR;75957.55;21;ks;https://shop.krannich-solar.com/cs-cz/HYD-15KTL-3PH-BTS-E10-DS5/1757361;0 ks na skladě, možné naskladnění: 05.08.2026;"{""categories"":[""Baterie se střídačem""],""price_raw"":""75 957,55 Kč*"",""price_per_wp_raw"":"""",""price_per_wp_czk_without_vat"":null,""properties"":{""AC jmenovitý výkon (kW)"":""15.00"",""Počet nezávislých MPPT (ks)"":""2"",""Využitelná kapacita (kWh)"":""9.50""},""image_url"":""https://cdn.shop.krannich-solar.com/media/da/81/3f/1753711567/1757361_3_b_6_d_3b6d4a2ec65742f89d7768e11f74f41d1774ea57_det_bp_sof_bts_e10_d5_hyd_xktl_3ph.png.png?width=3000"",""has_quantity_discount"":false,""scraped_at"":""2026-07-04T09:59:34.819Z""}"
Krannich Solar;1757362;1757362;HYD 15KTL-3PH + BTS E15-DS5;Set střídače 15 kW a baterie 15,36 kWh;Baterie se střídačem;SOFAR;95383.02;21;ks;https://shop.krannich-solar.com/cs-cz/HYD-15KTL-3PH-BTS-E15-DS5/1757362;0 ks na skladě, možné naskladnění: 05.08.2026;"{""categories"":[""Baterie se střídačem""],""price_raw"":""95 383,02 Kč*"",""price_per_wp_raw"":"""",""price_per_wp_czk_without_vat"":null,""properties"":{""AC jmenovitý výkon (kW)"":""15.00"",""Počet nezávislých MPPT (ks)"":""2"",""Využitelná kapacita (kWh)"":""14.25""},""image_url"":""https://cdn.shop.krannich-solar.com/media/49/6d/0c/1753711568/1757362_6_b_e_4_6be4efd8b957c489a41c9c00e49c629afd33678f_det_bp_sof_bts_e15_d5_hyd_xktl_3ph.png.png?width=3000"",""has_quantity_discount"":false,""scraped_at"":""2026-07-04T09:59:34.819Z""}"
Krannich Solar;1757364;1757364;HYD 20KTL-3PH + BTS E10-DS5;Set střídače 20 kW a baterie 10,24 kWh;Baterie se střídačem;SOFAR;77921.08;21;ks;https://shop.krannich-solar.com/cs-cz/HYD-20KTL-3PH-BTS-E10-DS5/1757364;0 ks na skladě, možné naskladnění: 05.08.2026;"{""categories"":[""Baterie se střídačem""],""price_raw"":""77 921,08 Kč*"",""price_per_wp_raw"":"""",""price_per_wp_czk_without_vat"":null,""properties"":{""AC jmenovitý výkon (kW)"":""20.00"",""Počet nezávislých MPPT (ks)"":""2"",""Využitelná kapacita (kWh)"":""9.50""},""image_url"":""https://cdn.shop.krannich-solar.com/media/01/41/6b/1756470979/1757364_4_1_3_1_413135d92feedd6333149773c06e20623bc5457d_det_bp_sof_bts_e10_d5_hyd_xktl_3ph.png.png?width=3000"",""has_quantity_discount"":false,""scraped_at"":""2026-07-04T09:59:34.819Z""}"
Krannich Solar;1757365;1757365;HYD 20KTL-3PH + BTS E15-DS5;Set střídače 20 kW a baterie 15,36 kWh;Baterie se střídačem;SOFAR;97346.54;21;ks;https://shop.krannich-solar.com/cs-cz/HYD-20KTL-3PH-BTS-E15-DS5/1757365;0 ks na skladě, možné naskladnění: 05.08.2026;"{""categories"":[""Baterie se střídačem""],""price_raw"":""97 346,54 Kč*"",""price_per_wp_raw"":"""",""price_per_wp_czk_without_vat"":null,""properties"":{""AC jmenovitý výkon (kW)"":""20.00"",""Počet nezávislých MPPT (ks)"":""2"",""Využitelná kapacita (kWh)"":""14.25""},""image_url"":""https://cdn.shop.krannich-solar.com/media/4b/2a/a9/1756470979/1757365_8_9_f_0_89f0eea4e75d5c4666f6796836956f05ae8c549b_det_bp_sof_bts_e15_d5_hyd_xktl_3ph.png.png?width=3000"",""has_quantity_discount"":false,""scraped_at"":""2026-07-04T09:59:34.818Z""}"
Krannich Solar;1757360;1757360;HYD 8KTL-3PH + BTS E10-DS5;Set střídače 8 kW a baterie 10,24 kWh;Baterie se střídačem;SOFAR;69185.5;21;ks;https://shop.krannich-solar.com/cs-cz/HYD-8KTL-3PH-BTS-E10-DS5/1757360;3 ks na skladě, možné naskladnění: 05.08.2026;"{""categories"":[""Baterie se střídačem""],""price_raw"":""69 185,50 Kč*"",""price_per_wp_raw"":"""",""price_per_wp_czk_without_vat"":null,""properties"":{""AC jmenovitý výkon (kW)"":""8.00"",""Počet nezávislých MPPT (ks)"":""2"",""Využitelná kapacita (kWh)"":""9.50""},""image_url"":""https://cdn.shop.krannich-solar.com/media/04/a9/8e/1753711567/1757360_0_2_2_3_0223b83cad85c5485740f959667effe37b733b88_det_bp_sof_bts_e10_d5_hyd_xktl_3ph.png.png?width=3000"",""has_quantity_discount"":false,""scraped_at"":""2026-07-04T09:59:27.422Z""}"
Krannich Solar;1756958;1756958;CSS-OD COMMERCIAL STORAGE SYSTEM;Komerční bateriové úložiště 102,4 kWh;Baterie se střídačem;SolarEdge;723872.74;21;ks;https://shop.krannich-solar.com/cs-cz/CSS-OD-COMMERCIAL-STORAGE-SYSTEM/1756958;0 ks na skladě, možné naskladnění: 22.07.2026;"{""categories"":[""Baterie se střídačem""],""price_raw"":""723 872,74 Kč*"",""price_per_wp_raw"":"""",""price_per_wp_czk_without_vat"":null,""properties"":{""AC jmenovitý výkon (kW)"":""50.00"",""Využitelná kapacita (kWh)"":""92.16""},""image_url"":""https://cdn.shop.krannich-solar.com/media/d8/13/00/1750077686/1756958_2_1_a_9_21a9579e4ca59862a132614e34d84811c95ed669_det_bbp_se_css_od_commercial_storage_system.png.png?width=3000"",""has_quantity_discount"":false,""scraped_at"":""2026-07-04T09:59:29.829Z""}"
Krannich Solar;1763474;1763474;CSS-OU-197*PCS050*ONE Controller;Bateriové úložiště 187 kWh se střídačem 100 kW;Baterie se střídačem;SolarEdge;1176601.61;21;ks;https://shop.krannich-solar.com/cs-cz/CSS-OU-197-PCS050-ONE-Controller/1763474;0 ks na skladě, možné naskladnění: 05.08.2026;"{""categories"":[""Baterie se střídačem""],""price_raw"":""1 176 601,61 Kč*"",""price_per_wp_raw"":"""",""price_per_wp_czk_without_vat"":null,""properties"":{""AC jmenovitý výkon (kW)"":""100.00"",""Využitelná kapacita (kWh)"":""187.15""},""image_url"":""https://cdn.shop.krannich-solar.com/media/06/ea/00/1772806073/1763474_e_b_7_5_eb75654c8d1e55346b25e9e0bf4a257b76d2284a_det_sbc_se_css_od_197_commercial_storage_system_100.png.png?width=3000"",""has_quantity_discount"":false,""scraped_at"":""2026-07-04T09:59:34.818Z""}"
Krannich Solar;1763473;1763473;CSS-OU-197*PCS050*ONE Controller;Bateriové úložiště 187 kWh se střídačem 50 kW;Baterie se střídačem;SolarEdge;1094848.06;21;ks;https://shop.krannich-solar.com/cs-cz/CSS-OU-197-PCS050-ONE-Controller/1763473;0 ks na skladě, možné naskladnění: 05.08.2026;"{""categories"":[""Baterie se střídačem""],""price_raw"":""1 094 848,06 Kč*"",""price_per_wp_raw"":"""",""price_per_wp_czk_without_vat"":null,""properties"":{""AC jmenovitý výkon (kW)"":""50.00"",""Využitelná kapacita (kWh)"":""187.15""},""image_url"":""https://cdn.shop.krannich-solar.com/media/9a/bc/74/1772806073/1763473_1_2_9_2_12923b08bad73fedc1635754e3c084b14e45b0ea_det_sbc_se_css_od_197_commercial_storage_system_50.png.png?width=3000"",""has_quantity_discount"":false,""scraped_at"":""2026-07-04T09:59:34.818Z""}"
Krannich Solar;1758498;1758498;AELIO-P50B100;Komerční bateriové úložiště s hybridním střídačem;Baterie se střídačem;SolaX Power;633027.39;21;ks;https://shop.krannich-solar.com/cs-cz/AELIO-P50B100/1758498;0 ks na skladě, možné naskladnění: 28.07.2026;"{""categories"":[""Baterie se střídačem""],""price_raw"":""633 027,39 Kč*"",""price_per_wp_raw"":"""",""price_per_wp_czk_without_vat"":null,""properties"":{""AC jmenovitý výkon (kW)"":""50.00"",""Počet nezávislých MPPT (ks)"":""5"",""Využitelná kapacita (kWh)"":""100.00""},""image_url"":""https://cdn.shop.krannich-solar.com/media/81/31/e0/1750077800/1758498_a_0_d_0_a0d0978c2a51beeca767d25999a000a2ddc0acb1_det_bbp_solax_aelio_p50b100.png.png?width=3000"",""has_quantity_discount"":false,""scraped_at"":""2026-07-04T09:59:29.829Z""}"
Krannich Solar;1758500;1758500;AELIO-P50B200;Komerční bateriové úložiště s hybridním střídačem;Baterie se střídačem;SolaX Power;1090963.7;21;ks;https://shop.krannich-solar.com/cs-cz/AELIO-P50B200/1758500;0 ks na skladě, možné naskladnění: 05.08.2026;"{""categories"":[""Baterie se střídačem""],""price_raw"":""1 090 963,70 Kč*"",""price_per_wp_raw"":"""",""price_per_wp_czk_without_vat"":null,""properties"":{""AC jmenovitý výkon (kW)"":""50.00"",""Počet nezávislých MPPT (ks)"":""5"",""Využitelná kapacita (kWh)"":""180.00""},""image_url"":""https://cdn.shop.krannich-solar.com/media/2b/b6/47/1750077807/1758500_a_3_1_2_a3121ecda92c256546eb006464603d576ec0eed9_P50_60_B200.png.png?width=3000"",""has_quantity_discount"":false,""scraped_at"":""2026-07-04T09:59:34.819Z""}"
Krannich Solar;1758499;1758499;AELIO-P60B100;Komerční bateriové úložiště s hybridním střídačem;Baterie se střídačem;SolaX Power;636337.27;21;ks;https://shop.krannich-solar.com/cs-cz/AELIO-P60B100/1758499;0 ks na skladě, možné naskladnění: 10.08.2026;"{""categories"":[""Baterie se střídačem""],""price_raw"":""636 337,27 Kč*"",""price_per_wp_raw"":"""",""price_per_wp_czk_without_vat"":null,""properties"":{""AC jmenovitý výkon (kW)"":""60.00"",""Počet nezávislých MPPT (ks)"":""6"",""Využitelná kapacita (kWh)"":""100.00""},""image_url"":""https://cdn.shop.krannich-solar.com/media/21/5e/27/1750077802/1758499_f_8_e_d_f8ed5c6278cac41bfe81d3c93dd33a787fea0119_det_bbp_solax_aelio_p50b100.png.png?width=3000"",""has_quantity_discount"":false,""scraped_at"":""2026-07-04T09:59:34.819Z""}"
Krannich Solar;1758501;1758501;AELIO-P60B200;Komerční bateriové úložiště s hybridním střídačem;Baterie se střídačem;SolaX Power;1094273.82;21;ks;https://shop.krannich-solar.com/cs-cz/AELIO-P60B200/1758501;0 ks na skladě, možné naskladnění: 10.08.2026;"{""categories"":[""Baterie se střídačem""],""price_raw"":""1 094 273,82 Kč*"",""price_per_wp_raw"":"""",""price_per_wp_czk_without_vat"":null,""properties"":{""AC jmenovitý výkon (kW)"":""60.00"",""Počet nezávislých MPPT (ks)"":""6"",""Využitelná kapacita (kWh)"":""200.00""},""image_url"":""https://cdn.shop.krannich-solar.com/media/82/97/88/1750077811/1758501_4_5_c_3_45c31ef00ca250d3f4e1f1c99a40025e7a3147c0_P50_60_B200.png.png?width=3000"",""has_quantity_discount"":false,""scraped_at"":""2026-07-04T09:59:34.819Z""}"
Krannich Solar;1762117;1762117;MAINTENANCE AELIO P50/60B100;Servisní služby údržby systému AELIO P50/60B100;Baterie se střídačem;SolaX Power;66687.51;21;ks;https://shop.krannich-solar.com/cs-cz/MAINTENANCE-AELIO-P50-60B100/1762117;žádná skladová položka, objednávka na zakázku, dodání od: 18.07.2026;"{""categories"":[""Baterie se střídačem""],""price_raw"":""66 687,51 Kč*"",""price_per_wp_raw"":"""",""price_per_wp_czk_without_vat"":null,""properties"":{},""image_url"":""https://cdn.shop.krannich-solar.com/media/36/c6/33/1773849183/1762117_9_a_8_1_9a8146c95a127b50334f9db620c86b8a407fea68_Krannich_Icon_service.png.png?width=3000"",""has_quantity_discount"":false,""scraped_at"":""2026-07-04T09:59:29.829Z""}"
Krannich Solar;1762118;1762118;MAINTENANCE AELIO P50/60B200;Servisní služby údržby systému AELIO P50/60B200;Baterie se střídačem;SolaX Power;106700.01;21;ks;https://shop.krannich-solar.com/cs-cz/MAINTENANCE-AELIO-P50-60B200/1762118;žádná skladová položka, objednávka na zakázku, dodání od: 18.07.2026;"{""categories"":[""Baterie se střídačem""],""price_raw"":""106 700,01 Kč*"",""price_per_wp_raw"":"""",""price_per_wp_czk_without_vat"":null,""properties"":{},""image_url"":""https://cdn.shop.krannich-solar.com/media/c2/f2/8f/1773849183/1762118_9_c_e_1_9ce186ab545017056f04e57615de235de5499c01_Krannich_Icon_service.png.png?width=3000"",""has_quantity_discount"":false,""scraped_at"":""2026-07-04T09:59:29.828Z""}"
Krannich Solar;1762119;1762119;MAINTENANCE TRENE P100B215;Servisní služby údržby systému TRENE P100B215;Baterie se střídačem;SolaX Power;114702.51;21;ks;https://shop.krannich-solar.com/cs-cz/MAINTENANCE-TRENE-P100B215/1762119;žádná skladová položka, objednávka na zakázku, dodání od: 18.07.2026;"{""categories"":[""Baterie se střídačem""],""price_raw"":""114 702,51 Kč*"",""price_per_wp_raw"":"""",""price_per_wp_czk_without_vat"":null,""properties"":{},""image_url"":""https://cdn.shop.krannich-solar.com/media/23/8c/ec/1773849183/1762119_c_6_1_3_c613d19167d6d7e211871a2f1da003186c480106_Krannich_Icon_service.png.png?width=3000"",""has_quantity_discount"":false,""scraped_at"":""2026-07-04T09:59:29.828Z""}"
Krannich Solar;1762120;1762120;MAINTENANCE TRENE P125B261;Servisní služby údržby systému TRENE P125B261;Baterie se střídačem;SolaX Power;139243.51;21;ks;https://shop.krannich-solar.com/cs-cz/MAINTENANCE-TRENE-P125B261/1762120;žádná skladová položka, objednávka na zakázku, dodání od: 18.07.2026;"{""categories"":[""Baterie se střídačem""],""price_raw"":""139 243,51 Kč*"",""price_per_wp_raw"":"""",""price_per_wp_czk_without_vat"":null,""properties"":{},""image_url"":""https://cdn.shop.krannich-solar.com/media/27/ae/aa/1773849184/1762120_8_7_d_c_87dc81016156289656c9a2bfab38f4b57ffb7ce2_Krannich_Icon_service.png.png?width=3000"",""has_quantity_discount"":false,""scraped_at"":""2026-07-04T09:59:29.828Z""}"
Krannich Solar;1763885;1763885;Set SolaX X3 HYBRID 10.0 D G4.4 + T-BAT H 11.5 kWh;Kompletní sestava střídače s bateriemi a měřením;Baterie se střídačem;SolaX Power;96810.62;21;ks;https://shop.krannich-solar.com/cs-cz/Set-SolaX-X3-HYBRID-10.0-D-G4.4-T-BAT-H-11.5-kWh/1763885;7 ks na skladě, možné naskladnění: 28.08.2026;"{""categories"":[""Baterie se střídačem""],""price_raw"":""96 810,62 Kč*"",""price_per_wp_raw"":"""",""price_per_wp_czk_without_vat"":null,""properties"":{""AC jmenovitý výkon (kW)"":""10.00"",""Počet nezávislých MPPT (ks)"":""2"",""Využitelná kapacita (kWh)"":""10.20""},""image_url"":""https://cdn.shop.krannich-solar.com/media/77/94/2a/1773418167/1763885_8_9_e_6_89e6f4c610879e72f617ad2eafe69ed901370064_det_bp_solax_x3_hybrid_10.0_d_g4.4_t_bat_h11.5_dtsu666.png.png?width=3000"",""has_quantity_discount"":false,""scraped_at"":""2026-07-04T09:59:27.420Z""}"
Krannich Solar;1763888;1763888;Set SolaX X3 HYBRID 10.0 D G4.4 + T-BAT H 17.3 kWh;Kompletní sestava střídače s bateriemi a měřením;Baterie se střídačem;SolaX Power;126031.38;21;ks;https://shop.krannich-solar.com/cs-cz/Set-SolaX-X3-HYBRID-10.0-D-G4.4-T-BAT-H-17.3-kWh/1763888;3 ks na skladě, možné naskladnění: 28.08.2026;"{""categories"":[""Baterie se střídačem""],""price_raw"":""126 031,38 Kč*"",""price_per_wp_raw"":"""",""price_per_wp_czk_without_vat"":null,""properties"":{""AC jmenovitý výkon (kW)"":""10.00"",""Počet nezávislých MPPT (ks)"":""2"",""Využitelná kapacita (kWh)"":""15.30""},""image_url"":""https://cdn.shop.krannich-solar.com/media/5e/82/80/1773418167/1763888_2_5_d_2_25d2ebaae33a23072738f940feccb51f169b24d3_det_bp_solax_x3_hybrid_10.0_d_g4.4_t_bat_h17.3_dtsu666.png.png?width=3000"",""has_quantity_discount"":false,""scraped_at"":""2026-07-04T09:59:27.421Z""}"
Krannich Solar;1763890;1763890;Set SolaX X3 HYBRID 10.0 D G4.4 + T-BAT H 23.2 kWh;Kompletní sestava střídače s bateriemi a měřením;Baterie se střídačem;SolaX Power;155252.15;21;ks;https://shop.krannich-solar.com/cs-cz/Set-SolaX-X3-HYBRID-10.0-D-G4.4-T-BAT-H-23.2-kWh/1763890;2 ks na skladě, možné naskladnění: 28.08.2026;"{""categories"":[""Baterie se střídačem""],""price_raw"":""155 252,15 Kč*"",""price_per_wp_raw"":"""",""price_per_wp_czk_without_vat"":null,""properties"":{""AC jmenovitý výkon (kW)"":""10.00"",""Počet nezávislých MPPT (ks)"":""2"",""Využitelná kapacita (kWh)"":""20.40""},""image_url"":""https://cdn.shop.krannich-solar.com/media/af/b7/16/1773418168/1763890_7_f_9_c_7f9c0bfadab9a354db14e14e72baf952e1d1865e_det_bp_solax_x3_hybrid_10.0_d_g4.4_t_bat_h23.2_dtsu666.png.png?width=3000"",""has_quantity_discount"":false,""scraped_at"":""2026-07-04T09:59:29.828Z""}"
Krannich Solar;1759556;1759556;Set SolaX X3 HYBRID 10.0 G4 PRO + HV-S 10.0 kWh;Kompletní sestava střídače s bateriemi a měřením;Baterie se střídačem;SolaX Power;105518.06;21;ks;https://shop.krannich-solar.com/cs-cz/Set-SolaX-X3-HYBRID-10.0-G4-PRO-HV-S-10.0-kWh/1759556;19 ks na skladě, možné naskladnění: 07.08.2026;"{""categories"":[""Baterie se střídačem""],""price_raw"":""105 518,06 Kč*"",""price_per_wp_raw"":"""",""price_per_wp_czk_without_vat"":null,""properties"":{""AC jmenovitý výkon (kW)"":""10.00"",""Počet nezávislých MPPT (ks)"":""3"",""Využitelná kapacita (kWh)"":""9.20""},""image_url"":""https://cdn.shop.krannich-solar.com/media/5e/be/76/1773604321/1759556_0_1_1_5_011501bb2fd10e8d2ebd499d3d9c57c1c6670642_det_bp_solax_t_bat_hs10_x3_hyb_8.0_15.0_p_g4.png.png?width=3000"",""has_quantity_discount"":false,""scraped_at"":""2026-07-04T09:59:24.967Z""}"
Krannich Solar;1763941;1763941;Set SolaX X3 HYBRID 10.0 G4 PRO + HV-S 14.4 kWh;Kompletní sestava střídače s bateriemi a měřením;Baterie se střídačem;SolaX Power;121033.7;21;ks;https://shop.krannich-solar.com/cs-cz/Set-SolaX-X3-HYBRID-10.0-G4-PRO-HV-S-14.4-kWh/1763941;28 ks na skladě, poslední kusy;"{""categories"":[""Baterie se střídačem""],""price_raw"":""121 033,70 Kč*"",""price_per_wp_raw"":"""",""price_per_wp_czk_without_vat"":null,""properties"":{""AC jmenovitý výkon (kW)"":""10.00"",""Počet nezávislých MPPT (ks)"":""3"",""Využitelná kapacita (kWh)"":""13.20""},""image_url"":""https://cdn.shop.krannich-solar.com/media/cb/0a/3a/1774257990/1763941_c_6_c_e_c6cec0d604e6fbcd8e2205b63bba3502b69e1e13_det_bp_t_bat_hs_10.0_x3_hyb_8.0_15.0_p_g4_pro.png.png?width=3000"",""has_quantity_discount"":false,""scraped_at"":""2026-07-04T09:59:24.967Z""}"
Krannich Solar;1759563;1759563;Set SolaX X3 HYBRID 10.0 G4 PRO + HV-S 15.0 kWh;Kompletní sestava střídače s bateriemi a měřením;Baterie se střídačem;SolaX Power;134531.49;21;ks;https://shop.krannich-solar.com/cs-cz/Set-SolaX-X3-HYBRID-10.0-G4-PRO-HV-S-15.0-kWh/1759563;12 ks na skladě, možné naskladnění: 07.08.2026;"{""categories"":[""Baterie se střídačem""],""price_raw"":""134 531,49 Kč*"",""price_per_wp_raw"":"""",""price_per_wp_czk_without_vat"":null,""properties"":{""AC jmenovitý výkon (kW)"":""10.00"",""Počet nezávislých MPPT (ks)"":""3"",""Využitelná kapacita (kWh)"":""13.80""},""image_url"":""https://cdn.shop.krannich-solar.com/media/ec/09/da/1773604322/1759563_b_1_8_4_b184f083d324bc3189fd82cdc0245acabeb85d74_det_bp_solax_t_bat_hs15.0_x3_hyb_8.0_15.0_p_g4.png.png?width=3000"",""has_quantity_discount"":false,""scraped_at"":""2026-07-04T09:59:24.967Z""}"
Krannich Solar;1763942;1763942;Set SolaX X3 HYBRID 10.0 G4 PRO + HV-S 18.0 kWh;Kompletní sestava střídače s bateriemi a měřením;Baterie se střídačem;SolaX Power;139419.32;21;ks;https://shop.krannich-solar.com/cs-cz/Set-SolaX-X3-HYBRID-10.0-G4-PRO-HV-S-18.0-kWh/1763942;28 ks na skladě, poslední kusy;"{""categories"":[""Baterie se střídačem""],""price_raw"":""139 419,32 Kč*"",""price_per_wp_raw"":"""",""price_per_wp_czk_without_vat"":null,""properties"":{""AC jmenovitý výkon (kW)"":""10.00"",""Počet nezávislých MPPT (ks)"":""3"",""Využitelná kapacita (kWh)"":""16.50""},""image_url"":""https://cdn.shop.krannich-solar.com/media/12/20/9b/1774259565/1763942_5_2_7_1_527193b2b922ab0f8a14ee518488cdf88b3af231_det_bp_t_bat_hs_12.5_x3_hyb_8.0_15.0_p_g4_pro.png.png?width=3000"",""has_quantity_discount"":false,""scraped_at"":""2026-07-04T09:59:24.966Z""}"
Krannich Solar;1763943;1763943;Set SolaX X3 HYBRID 10.0 G4 PRO + HV-S 21.6 kWh;Kompletní sestava střídače s bateriemi a měřením;Baterie se střídačem;SolaX Power;157804.95;21;ks;https://shop.krannich-solar.com/cs-cz/Set-SolaX-X3-HYBRID-10.0-G4-PRO-HV-S-21.6-kWh/1763943;28 ks na skladě, poslední kusy;"{""categories"":[""Baterie se střídačem""],""price_raw"":""157 804,95 Kč*"",""price_per_wp_raw"":"""",""price_per_wp_czk_without_vat"":null,""properties"":{""AC jmenovitý výkon (kW)"":""10.00"",""Počet nezávislých MPPT (ks)"":""3"",""Využitelná kapacita (kWh)"":""19.80""},""image_url"":""https://cdn.shop.krannich-solar.com/media/69/3d/d4/1774259565/1763943_f_9_0_2_f902241182abc88279dbf4194f3ac3d53579d018_det_bp_t_bat_hs_15.0_x3_hyb_10.0_15.0_p_g4_pro.png.png?width=3000"",""has_quantity_discount"":false,""scraped_at"":""2026-07-04T09:59:24.966Z""}"
Krannich Solar;1763891;1763891;Set SolaX X3 HYBRID 10.0 G4 PRO + T-BAT H 11.5 kWh;Kompletní sestava střídače s bateriemi a měřením;Baterie se střídačem;SolaX Power;98263.68;21;ks;https://shop.krannich-solar.com/cs-cz/Set-SolaX-X3-HYBRID-10.0-G4-PRO-T-BAT-H-11.5-kWh/1763891;7 ks na skladě, možné naskladnění: 28.08.2026;"{""categories"":[""Baterie se střídačem""],""price_raw"":""98 263,68 Kč*"",""price_per_wp_raw"":"""",""price_per_wp_czk_without_vat"":null,""properties"":{""AC jmenovitý výkon (kW)"":""10.00"",""Počet nezávislých MPPT (ks)"":""3"",""Využitelná kapacita (kWh)"":""10.20""},""image_url"":""https://cdn.shop.krannich-solar.com/media/b8/16/68/1773418347/1763891_f_7_7_7_f7773b9c4d0cd5280f273671c2fc74dfe7b7a104_det_bp_solax_x3_hybrid_10.0_p_g4_pro_t_bat_h11.5_dtsu666.png.png?width=3000"",""has_quantity_discount"":false,""scraped_at"":""2026-07-04T09:59:24.967Z""}"
Krannich Solar;1763892;1763892;Set SolaX X3 HYBRID 10.0 G4 PRO + T-BAT H 17.3 kWh;Kompletní sestava střídače s bateriemi a měřením;Baterie se střídačem;SolaX Power;127484.44;21;ks;https://shop.krannich-solar.com/cs-cz/Set-SolaX-X3-HYBRID-10.0-G4-PRO-T-BAT-H-17.3-kWh/1763892;3 ks na skladě, možné naskladnění: 28.08.2026;"{""categories"":[""Baterie se střídačem""],""price_raw"":""127 484,44 Kč*"",""price_per_wp_raw"":"""",""price_per_wp_czk_without_vat"":null,""properties"":{""AC jmenovitý výkon (kW)"":""10.00"",""Počet nezávislých MPPT (ks)"":""3"",""Využitelná kapacita (kWh)"":""15.30""},""image_url"":""https://cdn.shop.krannich-solar.com/media/b9/65/82/1773418348/1763892_d_0_c_f_d0cf4efb092a2d5c227fcb0d33ff692f9be1ff17_det_bp_solax_x3_hybrid_10.0_p_g4_pro_t_bat_h17.3_dtsu666.png.png?width=3000"",""has_quantity_discount"":false,""scraped_at"":""2026-07-04T09:59:27.421Z""}"
Krannich Solar;1763893;1763893;Set SolaX X3 HYBRID 10.0 G4 PRO + T-BAT H 23.2 kWh;Kompletní sestava střídače s bateriemi a měřením;Baterie se střídačem;SolaX Power;156705.21;21;ks;https://shop.krannich-solar.com/cs-cz/Set-SolaX-X3-HYBRID-10.0-G4-PRO-T-BAT-H-23.2-kWh/1763893;2 ks na skladě, možné naskladnění: 28.08.2026;"{""categories"":[""Baterie se střídačem""],""price_raw"":""156 705,21 Kč*"",""price_per_wp_raw"":"""",""price_per_wp_czk_without_vat"":null,""properties"":{""AC jmenovitý výkon (kW)"":""10.00"",""Počet nezávislých MPPT (ks)"":""3"",""Využitelná kapacita (kWh)"":""20.40""},""image_url"":""https://cdn.shop.krannich-solar.com/media/d8/62/82/1773418348/1763893_6_a_4_b_6a4bef50709ea8ed633981f9115725a49c022437_det_bp_solax_x3_hybrid_10.0_p_g4_pro_t_bat_h23.2_dtsu666.png.png?width=3000"",""has_quantity_discount"":false,""scraped_at"":""2026-07-04T09:59:29.828Z""}"
Krannich Solar;1763945;1763945;Set SolaX X3 HYBRID 15.0 G4 PRO + HV-S 18.0 kWh;Kompletní sestava střídače s bateriemi a měřením;Baterie se střídačem;SolaX Power;160020.19;21;ks;https://shop.krannich-solar.com/cs-cz/Set-SolaX-X3-HYBRID-15.0-G4-PRO-HV-S-18.0-kWh/1763945;0 ks na skladě, dostupnost na vyžádání, -;"{""categories"":[""Baterie se střídačem""],""price_raw"":""160 020,19 Kč*"",""price_per_wp_raw"":"""",""price_per_wp_czk_without_vat"":null,""properties"":{""AC jmenovitý výkon (kW)"":""15.00"",""Počet nezávislých MPPT (ks)"":""3"",""Využitelná kapacita (kWh)"":""16.50""},""image_url"":""https://cdn.shop.krannich-solar.com/media/81/ea/ff/1774259566/1763945_c_0_7_b_c07b29807de24af0066708b327df5b0f01ef42eb_det_bp_t_bat_hs_12.5_x3_hyb_8.0_15.0_p_g4_pro.png.png?width=3000"",""has_quantity_discount"":false,""scraped_at"":""2026-07-04T09:59:37.243Z""}"
Krannich Solar;1759542;1759542;Set SolaX X3-Hybrid 10.0-P G4 + T-BAT H 12.0 kWh;Kompletní sestava střídače s bateriemi a měřením;Baterie se střídačem;SolaX Power;114656.92;21;ks;https://shop.krannich-solar.com/cs-cz/Set-SolaX-X3-Hybrid-10.0-P-G4-T-BAT-H-12.0-kWh/1759542;0 ks na skladě, možné naskladnění: 14.08.2026;"{""categories"":[""Baterie se střídačem""],""price_raw"":""114 656,92 Kč*"",""price_per_wp_raw"":"""",""price_per_wp_czk_without_vat"":null,""properties"":{""AC jmenovitý výkon (kW)"":""10.00"",""Počet nezávislých MPPT (ks)"":""3"",""Využitelná kapacita (kWh)"":""10.90""},""image_url"":""https://cdn.shop.krannich-solar.com/media/12/83/22/1773602494/1759542_3_9_4_8_394861a3e876cd8ac49467f17e8706022ce68960_det_bp_solax_t_bat_h12.0_x3_hyb_10.0_15.0_p_g4_pro.png.png?width=3000"",""has_quantity_discount"":false,""scraped_at"":""2026-07-04T09:59:37.242Z""}"
Krannich Solar;1759539;1759539;Set SolaX X3-Hybrid 10.0-P G4 + T-BAT H 9.0 kWh;Kompletní sestava střídače s bateriemi a měřením;Baterie se střídačem;SolaX Power;94068.67;21;ks;https://shop.krannich-solar.com/cs-cz/Set-SolaX-X3-Hybrid-10.0-P-G4-T-BAT-H-9.0-kWh/1759539;0 ks na skladě, možné naskladnění: 14.08.2026;"{""categories"":[""Baterie se střídačem""],""price_raw"":""94 068,67 Kč*"",""price_per_wp_raw"":"""",""price_per_wp_czk_without_vat"":null,""properties"":{""AC jmenovitý výkon (kW)"":""10.00"",""Počet nezávislých MPPT (ks)"":""3"",""Využitelná kapacita (kWh)"":""8.30""},""image_url"":""https://cdn.shop.krannich-solar.com/media/c7/59/63/1752825954/1759539_9_f_a_5_9fa5ef13ee1a24e3a20552fb9c0850881bd2deee_det_bp_solax_t_bat_h9.0_x3_hyb_5.0_15.0_p_g4_pro.png.png?width=3000"",""has_quantity_discount"":false,""scraped_at"":""2026-07-04T09:59:37.242Z""}"
Krannich Solar;1758495;1758495;SOLAX TRENE-P100B215;Komerční bateriové úložiště (chlazené vzduchem);Baterie se střídačem;SolaX Power;1068575.85;21;ks;https://shop.krannich-solar.com/cs-cz/SOLAX-TRENE-P100B215/1758495;0 ks na skladě, možné naskladnění: 29.07.2026;"{""categories"":[""Baterie se střídačem""],""price_raw"":""1 068 575,85 Kč*"",""price_per_wp_raw"":"""",""price_per_wp_czk_without_vat"":null,""properties"":{""AC jmenovitý výkon (kW)"":""100.00"",""Využitelná kapacita (kWh)"":""193.50""},""image_url"":""https://cdn.shop.krannich-solar.com/media/55/39/91/1750077809/1758495_5_c_6_4_5c640c27ba0bf7c9a013aa199415da0bae4d06ca_det_bbp_solax_trene_p100b2151.png.png?width=3000"",""has_quantity_discount"":false,""scraped_at"":""2026-07-04T09:59:32.403Z""}"
Krannich Solar;1759469;1759469;SOLAX TRENE-P125B261L-E;Komerční bateriové úložiště (chlazené kapalinou);Baterie se střídačem;SolaX Power;1169138.43;21;ks;https://shop.krannich-solar.com/cs-cz/SOLAX-TRENE-P125B261L-E/1759469;0 ks na skladě, možné naskladnění: 29.07.2026;"{""categories"":[""Baterie se střídačem""],""price_raw"":""1 169 138,43 Kč*"",""price_per_wp_raw"":"""",""price_per_wp_czk_without_vat"":null,""properties"":{""AC jmenovitý výkon (kW)"":""125.00"",""Využitelná kapacita (kWh)"":""234.90""},""image_url"":""https://cdn.shop.krannich-solar.com/media/c6/4c/b6/1750077847/1759469_b_9_5_9_b9598bb48ca5c6fc6d46a6c334463698923bca4a_det_bbp_solax_trene_p125b261l_e.png.png?width=3000"",""has_quantity_discount"":false,""scraped_at"":""2026-07-04T09:59:32.403Z""}"
Krannich Solar;1763143;1763143;T-BAT HS50E 10.2 KWH + X3-IES-10K S1;Set střídače s 10 kW s baterií 10,2 kWh;Baterie se střídačem;SolaX Power;100672.43;21;ks;https://shop.krannich-solar.com/cs-cz/T-BAT-HS50E-10.2-KWH-X3-IES-10K-S1/1763143;6 ks na skladě, možné naskladnění: 05.08.2026;"{""categories"":[""Baterie se střídačem""],""price_raw"":""100 672,43 Kč*"",""price_per_wp_raw"":"""",""price_per_wp_czk_without_vat"":null,""properties"":{""AC jmenovitý výkon (kW)"":""10.00"",""Počet nezávislých MPPT (ks)"":""2"",""Využitelná kapacita (kWh)"":""9.20""},""image_url"":""https://cdn.shop.krannich-solar.com/media/e2/ee/1c/1771967204/1763143_f_5_6_6_f566e194def9d4ec5009c66b62ead97407311ab1_det_bp_solax_x3_ies_tower2_3_phase_meter_dtsu666_chint.png.png?width=3000"",""has_quantity_discount"":false,""scraped_at"":""2026-07-04T09:59:27.420Z""}"
Krannich Solar;1761002;1761002;T-BAT HS50E 15.3 KWH + X3-IES-10K S1;Set střídače 10 kW s baterií 15,3 kWh;Baterie se střídačem;SolaX Power;127306.93;21;ks;https://shop.krannich-solar.com/cs-cz/T-BAT-HS50E-15.3-KWH-X3-IES-10K-S1/1761002;5 ks na skladě, možné naskladnění: 12.08.2026;"{""categories"":[""Baterie se střídačem""],""price_raw"":""127 306,93 Kč*"",""price_per_wp_raw"":"""",""price_per_wp_czk_without_vat"":null,""properties"":{""AC jmenovitý výkon (kW)"":""10.00"",""Počet nezávislých MPPT (ks)"":""2"",""Využitelná kapacita (kWh)"":""13.80""},""image_url"":""https://cdn.shop.krannich-solar.com/media/d4/c3/0e/1771967206/1761002_b_7_9_4_b794d1ab1dbdf1b85d66b522103f43a1dd04c9ec_det_bp_solax_x3_ies_tower3_3_phase_meter_dtsu666_chint.png.png?width=3000"",""has_quantity_discount"":false,""scraped_at"":""2026-07-04T09:59:27.420Z""}"
Krannich Solar;1763145;1763145;T-BAT HS50E 15.3 KWH + X3-IES-15K S1;Set střídače 15 kW s baterií 15,3 kWh;Baterie se střídačem;SolaX Power;131349.65;21;ks;https://shop.krannich-solar.com/cs-cz/T-BAT-HS50E-15.3-KWH-X3-IES-15K-S1/1763145;5 ks na skladě, možné naskladnění: 12.08.2026;"{""categories"":[""Baterie se střídačem""],""price_raw"":""131 349,65 Kč*"",""price_per_wp_raw"":"""",""price_per_wp_czk_without_vat"":null,""properties"":{""AC jmenovitý výkon (kW)"":""15.00"",""Počet nezávislých MPPT (ks)"":""2"",""Využitelná kapacita (kWh)"":""13.80""},""image_url"":""https://cdn.shop.krannich-solar.com/media/a5/77/51/1771967205/1763145_b_7_9_4_b794d1ab1dbdf1b85d66b522103f43a1dd04c9ec_det_bp_solax_x3_ies_tower3_3_phase_meter_dtsu666_chint.png.png?width=3000"",""has_quantity_discount"":false,""scraped_at"":""2026-07-04T09:59:27.420Z""}"
Krannich Solar;1763149;1763149;T-BAT HS50E 20.4 KWH + X3-IES-15K S1;Set střídače 15 kW s baterií 20,4 kWh;Baterie se střídačem;SolaX Power;166358.17;21;ks;https://shop.krannich-solar.com/cs-cz/T-BAT-HS50E-20.4-KWH-X3-IES-15K-S1/1763149;0 ks na skladě, možné naskladnění: 27.07.2026;"{""categories"":[""Baterie se střídačem""],""price_raw"":""166 358,17 Kč*"",""price_per_wp_raw"":"""",""price_per_wp_czk_without_vat"":null,""properties"":{""AC jmenovitý výkon (kW)"":""15.00"",""Počet nezávislých MPPT (ks)"":""2"",""Využitelná kapacita (kWh)"":""18.40""},""image_url"":""https://cdn.shop.krannich-solar.com/media/ab/d9/66/1771967205/1763149_1_7_0_a_170a3a50e10ada7f95f3ff0eb861bc7d70862d14_det_bp_solax_x3_ies_tower4_3_phase_meter_dtsu666_chint.png.png?width=3000"",""has_quantity_discount"":false,""scraped_at"":""2026-07-04T09:59:29.829Z""}"
Krannich Solar;1763306;1763306;TRENE - P500B1044L-2H;Komerční baterie 1044 kWh se střídačem 500 kW;Baterie se střídačem;SolaX Power;4433192.09;21;ks;https://shop.krannich-solar.com/cs-cz/TRENE-P500B1044L-2H/1763306;0 ks na skladě, možné naskladnění: 28.10.2026;"{""categories"":[""Baterie se střídačem""],""price_raw"":""4 433 192,09 Kč*"",""price_per_wp_raw"":"""",""price_per_wp_czk_without_vat"":null,""properties"":{""AC jmenovitý výkon (kW)"":""500.00"",""Využitelná kapacita (kWh)"":""991.00""},""image_url"":""https://cdn.shop.krannich-solar.com/media/ba/2a/3b/1779805315/1763306_3_8_9_9_3899fbb23d86b4531cc7d59524348d78f42e61eb_det_sbc_solax_trene_p500b1044L_2h.png.png?width=3000"",""has_quantity_discount"":false,""scraped_at"":""2026-07-04T09:59:37.243Z""}"
Krannich Solar;1762156;1762156;E2BR-S112K-C + M2HT-50-150;Bateriové úložiště 112 kWh se střídačem 50 kW;Baterie se střídačem;Solinteg;519392.12;21;ks;https://shop.krannich-solar.com/cs-cz/E2BR-S112K-C-M2HT-50-150/1762156;0 ks na skladě, možné naskladnění: 24.07.2026;"{""categories"":[""Baterie se střídačem""],""price_raw"":""519 392,12 Kč*"",""price_per_wp_raw"":"""",""price_per_wp_czk_without_vat"":null,""properties"":{""AC jmenovitý výkon (kW)"":""50.00"",""Počet nezávislých MPPT (ks)"":""4"",""Využitelná kapacita (kWh)"":""101.25""},""image_url"":""https://cdn.shop.krannich-solar.com/media/5c/5c/a9/1758616584/1762156_4_0_9_4_4094beffac872dd165f82eccba8125912d283710_det_bp_sog_energy_storage_system_pth_25_50k_s64_112.5kwh.png.png?width=3000"",""has_quantity_discount"":false,""scraped_at"":""2026-07-04T09:59:29.829Z""}"
Krannich Solar;1762146;1762146;E2BR-S96K-C + M2HT-50-150;Bateriové úložiště 96 kWh se střídačem 50 kW;Baterie se střídačem;Solinteg;492594.66;21;ks;https://shop.krannich-solar.com/cs-cz/E2BR-S96K-C-M2HT-50-150/1762146;0 ks na skladě, možné naskladnění: 24.07.2026;"{""categories"":[""Baterie se střídačem""],""price_raw"":""492 594,66 Kč*"",""price_per_wp_raw"":"""",""price_per_wp_czk_without_vat"":null,""properties"":{""AC jmenovitý výkon (kW)"":""50.00"",""Počet nezávislých MPPT (ks)"":""4"",""Využitelná kapacita (kWh)"":""86.76""},""image_url"":""https://cdn.shop.krannich-solar.com/media/ce/ec/9b/1758616584/1762146_6_5_8_8_658872b0b297656ac6da0f8a796659c925d8dbb9_det_bp_sog_energy_storage_system_pth_25_50k_s64_112.5kwh.png.png?width=3000"",""has_quantity_discount"":false,""scraped_at"":""2026-07-04T09:59:29.829Z""}"
Krannich Solar;1762439;1762439;Integ E Series E2BR-96kWh + MHT-50K-100;Bateriové úložiště 96 kWh / 50 kW;Baterie se střídačem;Solinteg;363375.85;21;ks;https://shop.krannich-solar.com/cs-cz/Integ-E-Series-E2BR-96kWh-MHT-50K-100/1762439;14 ks na skladě, možné naskladnění: 31.07.2026;"{""categories"":[""Baterie se střídačem""],""price_raw"":""363 375,85 Kč*"",""price_per_wp_raw"":"""",""price_per_wp_czk_without_vat"":null,""properties"":{""AC jmenovitý výkon (kW)"":""50.00"",""Počet nezávislých MPPT (ks)"":""4"",""Využitelná kapacita (kWh)"":""86.76""},""image_url"":""https://cdn.shop.krannich-solar.com/media/99/1f/4b/1761035814/1762439_7_5_f_c_75fcdb115bfb6baf7c79252a184970a1ad2df0cd_det_bp_sog_mht_50k_100_e2br_r.png.png?width=3000"",""has_quantity_discount"":false,""scraped_at"":""2026-07-04T09:59:24.967Z""}"
Krannich Solar;1762190;1762190;MHT-10K-25 + EBA-B5K1;Set střídače 10 kW s baterií 10 kWh;Baterie se střídačem;Solinteg;54965.78;21;ks;https://shop.krannich-solar.com/cs-cz/MHT-10K-25-EBA-B5K1/1762190;21 ks na skladě, možné naskladnění: 05.08.2026;"{""categories"":[""Baterie se střídačem""],""price_raw"":""54 965,78 Kč*"",""price_per_wp_raw"":"""",""price_per_wp_czk_without_vat"":null,""properties"":{""AC jmenovitý výkon (kW)"":""10.00""},""image_url"":""https://cdn.shop.krannich-solar.com/media/2d/10/5f/1758544579/1762190_8_5_f_f_85ffd5ed865bafcc6c2088eae16ac08997000626_det_bp_sog_mht_10k_25_eba_b5k1_10kwh.png.png?width=3000"",""has_quantity_discount"":false,""scraped_at"":""2026-07-04T09:59:24.967Z""}"
Krannich Solar;1758269;1758269;MHT-10K-25 + EBS-B2K-B 10,24 KWH;Set střídače 10 kW s baterií 10,24 kWh;Baterie se střídačem;Solinteg;85966.5;21;ks;https://shop.krannich-solar.com/cs-cz/MHT-10K-25-EBS-B2K-B-10-24-KWH/1758269;0 ks na skladě, dostupnost na vyžádání, -;"{""categories"":[""Baterie se střídačem""],""price_raw"":""85 966,50 Kč*"",""price_per_wp_raw"":"""",""price_per_wp_czk_without_vat"":null,""properties"":{""AC jmenovitý výkon (kW)"":""10.00"",""Využitelná kapacita (kWh)"":""10.24""},""image_url"":""https://cdn.shop.krannich-solar.com/media/e4/cc/f6/1750077775/1758269_1_4_d_f_14dff437db5cd2cccaeff8f72d5661500d32d86c_Akce_dodavatelu__3_.png.png?width=3000"",""has_quantity_discount"":false,""scraped_at"":""2026-07-04T09:59:39.297Z""}"
Krannich Solar;1762121;1762121;MHT-10K-25 + FORCE-H2 10.1 kWh;Set střídače 10 kW s baterií 10,1 kWh;Baterie se střídačem;Solinteg + Pylontech;72092.59;21;ks;https://shop.krannich-solar.com/cs-cz/MHT-10K-25-FORCE-H2-10.1-kWh/1762121;35 ks na skladě, možné naskladnění: 05.08.2026;"{""categories"":[""Baterie se střídačem""],""price_raw"":""72 092,59 Kč*"",""price_per_wp_raw"":"""",""price_per_wp_czk_without_vat"":null,""properties"":{""AC jmenovitý výkon (kW)"":""10.00"",""Počet nezávislých MPPT (ks)"":""2"",""Využitelná kapacita (kWh)"":""10.10""},""image_url"":""https://cdn.shop.krannich-solar.com/media/1a/59/cc/1756976779/1762121_4_a_8_4_4a8488924b3660d37c1731a5a233b9b74afe27d6_det_bp_pt_96v_force_h2_10.1_mht_10k_25.png.png?width=3000"",""has_quantity_discount"":false,""scraped_at"":""2026-07-04T09:59:24.966Z""}"
Krannich Solar;1758134;1758134;SET SH10T-V11 + SBH100;Set střídače 10 kW s baterií 10 kWh;Baterie se střídačem;Sungrow;110383.1;21;ks;https://shop.krannich-solar.com/cs-cz/SET-SH10T-V11-SBH100/1758134;4 ks na skladě, možné naskladnění: 29.07.2026;"{""categories"":[""Baterie se střídačem""],""price_raw"":""110 383,10 Kč*"",""price_per_wp_raw"":"""",""price_per_wp_czk_without_vat"":null,""properties"":{""AC jmenovitý výkon (kW)"":""10.00"",""Počet nezávislých MPPT (ks)"":""2"",""Využitelná kapacita (kWh)"":""10.00""},""image_url"":""https://cdn.shop.krannich-solar.com/media/27/80/59/1750077764/1758134_0_7_b_c_07bc7eda64a7036d88880bfc1426c0a558d52f76_Akce_dodavatelu__2_.png.png?width=3000"",""has_quantity_discount"":false,""scraped_at"":""2026-07-04T09:59:27.421Z""}"
Krannich Solar;1763701;1763701;ST255CS-2H;Bateriové úložiště 255 kWh se střídačem 125 kW;Baterie se střídačem;Sungrow;901961.85;21;ks;https://shop.krannich-solar.com/cs-cz/ST255CS-2H/1763701;0 ks na skladě, možné naskladnění: 12.08.2026;"{""categories"":[""Baterie se střídačem""],""price_raw"":""901 961,85 Kč*"",""price_per_wp_raw"":"""",""price_per_wp_czk_without_vat"":null,""properties"":{""AC jmenovitý výkon (kW)"":""125.00"",""Využitelná kapacita (kWh)"":""257.00""},""image_url"":""https://cdn.shop.krannich-solar.com/media/6e/24/36/1776075702/1763701_5_7_a_4_57a47c57e62253a0cfc2f78ab528cb7db6447110_PowerStack_2.0__1_.png.png?width=3000"",""has_quantity_discount"":false,""scraped_at"":""2026-07-04T09:59:37.241Z""}"
Krannich Solar;1763244;1763244;ST510CS-4H;Bateriové úložiště 514 kWh se střídačem 125 kW;Baterie se střídačem;Sungrow;1957923.82;21;ks;https://shop.krannich-solar.com/cs-cz/ST510CS-4H/1763244;0 ks na skladě, možné naskladnění: 12.08.2026;"{""categories"":[""Baterie se střídačem""],""price_raw"":""1 957 923,82 Kč*"",""price_per_wp_raw"":"""",""price_per_wp_czk_without_vat"":null,""properties"":{""AC jmenovitý výkon (kW)"":""125.00"",""Využitelná kapacita (kWh)"":""514.00""},""image_url"":""https://cdn.shop.krannich-solar.com/media/4d/6e/61/1773074288/1763244_3_6_0_c_360c6fc41819098869625d60c77aa9ad06dffee7_det_sbc_sung_powerstack_st510kwh_125kw_4h.png.png?width=3000"",""has_quantity_discount"":false,""scraped_at"":""2026-07-04T09:59:37.241Z""}"
Krannich Solar;1763360;1763360;CIESS-L-261;Bateriové úložiště 261 kWh / 125 kW;Baterie se střídačem;Sunwoda Energy;1119229.01;21;ks;https://shop.krannich-solar.com/cs-cz/CIESS-L-261/1763360;0 ks na skladě, možné naskladnění: 05.08.2026;"{""categories"":[""Baterie se střídačem""],""price_raw"":""1 119 229,01 Kč*"",""price_per_wp_raw"":"""",""price_per_wp_czk_without_vat"":null,""properties"":{""AC jmenovitý výkon (kW)"":""125.00"",""Využitelná kapacita (kWh)"":""261.00""},""image_url"":""https://cdn.shop.krannich-solar.com/media/65/1d/2d/1773074286/1763360_8_c_e_9_8ce9712f5045a72b79ed8dea45d049cb3b6e1a10_det_sbc_sunwoda_oasis_l_261__1_.png.png?width=3000"",""has_quantity_discount"":false,""scraped_at"":""2026-07-04T09:59:34.818Z""}"
Krannich Solar;1763387;1763387;OASIS L261 ALL-IN-ONE STS;Bateriové úložistě 261 kWh / 125 kW;Baterie se střídačem;Sunwoda Energy;1240884.73;21;ks;https://shop.krannich-solar.com/cs-cz/OASIS-L261-ALL-IN-ONE-STS/1763387;0 ks na skladě, možné naskladnění: 05.08.2026;"{""categories"":[""Baterie se střídačem""],""price_raw"":""1 240 884,73 Kč*"",""price_per_wp_raw"":"""",""price_per_wp_czk_without_vat"":null,""properties"":{""AC jmenovitý výkon (kW)"":""125.00"",""Využitelná kapacita (kWh)"":""261.00""},""image_url"":""https://cdn.shop.krannich-solar.com/media/f4/e2/3c/1773074286/1763387_0_1_9_9_019935bfbe912f35b1779980646f0fff79a83f43_det_sbc_sunwoda_oasis_l261_all_in_one.png.png?width=3000"",""has_quantity_discount"":false,""scraped_at"":""2026-07-04T09:59:32.404Z""}"
Krannich Solar;1719728;1719728;AC ADD-ON 22/25;Podložka pro horizontální uchycení panelu;Konstrukce;K2 Systems;13.34;21;ks;https://shop.krannich-solar.com/cs-cz/AC-ADD-ON-22-25/1719728;52 ks na skladě, možné naskladnění: 05.08.2026;"{""categories"":[""Konstrukce""],""price_raw"":""13,34 Kč*"",""price_per_wp_raw"":"""",""price_per_wp_czk_without_vat"":null,""properties"":{},""image_url"":""https://cdn.shop.krannich-solar.com/media/0e/bd/67/1750078054/1719728_6_7_4_9_6749413f425b2f686ec05eb3333bce1a3daea0d3_det_m_ac_add_on_22_25.jpg.jpg?width=3000"",""has_quantity_discount"":false,""scraped_at"":""2026-07-04T10:00:23.555Z""}"
Krannich Solar;1740905;1740905;AC ADD-ON 30;Podložka pro horizontální uchycení panelu;Konstrukce;K2 Systems;10.91;21;ks;https://shop.krannich-solar.com/cs-cz/AC-ADD-ON-30/1740905;70 ks na skladě, možné naskladnění: 05.08.2026;"{""categories"":[""Konstrukce""],""price_raw"":""10,91 Kč*"",""price_per_wp_raw"":"""",""price_per_wp_czk_without_vat"":null,""properties"":{},""image_url"":""https://cdn.shop.krannich-solar.com/media/8c/e3/e4/1750077582/1740905_e_5_e_c_e5ec7cdef91566f47586ac26a79ccad4a68f4f0c_det_m_ac_add_on_30.jpg.jpg?width=3000"",""has_quantity_discount"":false,""scraped_at"":""2026-07-04T10:00:21.238Z""}"
Krannich Solar;1734440;1734440;AC CLB 36/50;K2 Climber s podelným otvorem;Konstrukce;K2 Systems;18.67;21;ks;https://shop.krannich-solar.com/cs-cz/AC-CLB-36-50/1734440;126 ks na skladě, možné naskladnění: 05.08.2026;"{""categories"":[""Konstrukce""],""price_raw"":""18,67 Kč*"",""price_per_wp_raw"":"""",""price_per_wp_czk_without_vat"":null,""properties"":{},""image_url"":""https://cdn.shop.krannich-solar.com/media/f3/b9/0c/1750077967/1734440_b_d_5_2_bd5277571969f0e3a74eb8d662bd67cdf3305c5b_det_m_ac_clb_36_48.jpg.jpg?width=3000"",""has_quantity_discount"":false,""scraped_at"":""2026-07-04T10:00:16.365Z""}"
Krannich Solar;1743404;1743404;AC CLB CR M10;;Konstrukce;K2 Systems;17.22;21;ks;https://shop.krannich-solar.com/cs-cz/AC-CLB-CR-M10/1743404;122 ks na skladě, možné naskladnění: 05.08.2026;"{""categories"":[""Konstrukce""],""price_raw"":""17,22 Kč*"",""price_per_wp_raw"":"""",""price_per_wp_czk_without_vat"":null,""properties"":{},""image_url"":""https://cdn.shop.krannich-solar.com/media/0e/29/46/1750077942/1743404_e_e_4_7_ee477b941299c0bdd7e8dfca00eb6cb8aaa72cf6_det_m_ac_clb_cr_m10.jpg.jpg?width=3000"",""has_quantity_discount"":false,""scraped_at"":""2026-07-04T10:00:16.365Z""}"
Krannich Solar;1734304;1734304;AC CLB CR M12;K2 Climber 36/50 pro závesný šroub M12;Konstrukce;K2 Systems;17.22;21;ks;https://shop.krannich-solar.com/cs-cz/AC-CLB-CR-M12/1734304;8097 ks na skladě, možné naskladnění: 05.08.2026;"{""categories"":[""Konstrukce""],""price_raw"":""17,22 Kč*"",""price_per_wp_raw"":"""",""price_per_wp_czk_without_vat"":null,""properties"":{},""image_url"":""https://cdn.shop.krannich-solar.com/media/ac/75/68/1750077961/1734304_2_0_f_d_20fdec972ce493c7e8944aef654fbaf16c99abe8_det_m_ac_clb_cr_m12.jpg.jpg?width=3000"",""has_quantity_discount"":false,""scraped_at"":""2026-07-04T10:00:01.714Z""}"
Krannich Solar;1726481;1726481;AC HB AP M10 40x83x6 ALU;Hliníkový adaptér pro M10, 40x83x6 mm;Konstrukce;K2 Systems;19.89;21;ks;https://shop.krannich-solar.com/cs-cz/AC-HB-AP-M10-40x83x6-ALU/1726481;331 ks na skladě, možné naskladnění: 05.08.2026;"{""categories"":[""Konstrukce""],""price_raw"":""19,89 Kč*"",""price_per_wp_raw"":"""",""price_per_wp_czk_without_vat"":null,""properties"":{},""image_url"":""https://cdn.shop.krannich-solar.com/media/87/96/9f/1750077291/1726481_7_f_5_2_7f5285ba6372a4748292f7b70cc2551c01f14a61_det_m_ac_hb_ap_m10_40x83x6_alu.jpg.jpg?width=3000"",""has_quantity_discount"":false,""scraped_at"":""2026-07-04T10:00:09.006Z""}"
Krannich Solar;1743310;1743310;AC HB AP M10 ZÁVĚSNÝ ŠROUB;Hliníková přechodová deska pro závěsné šrouby M10;Konstrukce;K2 Systems;31.53;21;ks;https://shop.krannich-solar.com/cs-cz/AC-HB-AP-M10-ZAVESNY-SROUB/1743310;40 ks na skladě, možné naskladnění: 13.07.2026;"{""categories"":[""Konstrukce""],""price_raw"":""31,53 Kč*"",""price_per_wp_raw"":"""",""price_per_wp_czk_without_vat"":null,""properties"":{},""image_url"":""https://cdn.shop.krannich-solar.com/media/56/af/b0/1750077939/1743310_0_6_f_7_06f7837ea042d13e5656116968bdb6581f0780ad_det_m_ac_hb_ap_m10_hanger_bolt_climber.jpg.jpg?width=3000"",""has_quantity_discount"":false,""scraped_at"":""2026-07-04T10:00:23.556Z""}"
Krannich Solar;1728949;1728949;AC HB AP M12 40x90;hliníkový adaptér M12, 40x90mm;Konstrukce;K2 Systems;20.37;21;ks;https://shop.krannich-solar.com/cs-cz/AC-HB-AP-M12-40x90/1728949;126 ks na skladě, možné naskladnění: 05.08.2026;"{""categories"":[""Konstrukce""],""price_raw"":""20,37 Kč*"",""price_per_wp_raw"":"""",""price_per_wp_czk_without_vat"":null,""properties"":{},""image_url"":""https://cdn.shop.krannich-solar.com/media/00/67/a6/1750077702/1728949_3_8_a_d_38ad14860587df22bc279ea2c1cbc28edc741f12_det_m_ac_hb_ap_m12_40x90.jpg.jpg?width=3000"",""has_quantity_discount"":false,""scraped_at"":""2026-07-04T10:00:16.365Z""}"
Krannich Solar;1734229;1734229;AC HB AP M12 HANGER BOLT CLIMBER;Hliníková deska pro kombivruty M12;Konstrukce;K2 Systems;25.22;21;ks;https://shop.krannich-solar.com/cs-cz/AC-HB-AP-M12-HANGER-BOLT-CLIMBER/1734229;295 ks na skladě, možné naskladnění: 05.08.2026;"{""categories"":[""Konstrukce""],""price_raw"":""25,22 Kč*"",""price_per_wp_raw"":"""",""price_per_wp_czk_without_vat"":null,""properties"":{},""image_url"":""https://cdn.shop.krannich-solar.com/media/dd/fe/36/1750077951/1734229_3_3_9_6_3396713cd8b44c157385cbb39f0fc30c2fa634af_det_m_ac_hb_ap_m12_hanger_bolt_climber.jpg.jpg?width=3000"",""has_quantity_discount"":false,""scraped_at"":""2026-07-04T10:00:11.503Z""}"
Krannich Solar;1740568;1740568;AC L SG;K2 SlideGuard, protiskluzové zařízení;Konstrukce;K2 Systems;111.31;21;ks;https://shop.krannich-solar.com/cs-cz/AC-L-SG/1740568;0 ks na skladě, možné naskladnění: 05.08.2026;"{""categories"":[""Konstrukce""],""price_raw"":""111,31 Kč*"",""price_per_wp_raw"":"""",""price_per_wp_czk_without_vat"":null,""properties"":{},""image_url"":""https://cdn.shop.krannich-solar.com/media/b5/d4/03/1750078036/1740568_2_9_3_8_2938b6d5420363d5fa0defa0559d08ef59ced058_det_a_m_ac_slideguard.jpg.jpg?width=3000"",""has_quantity_discount"":false,""scraped_at"":""2026-07-04T10:02:53.339Z""}"
Krannich Solar;1713188;1713188;AC SD G;Distanční podložka ve tvaru G, 2mm;Konstrukce;K2 Systems;6.06;21;ks;https://shop.krannich-solar.com/cs-cz/AC-SD-G/1713188;112 ks na skladě, možné naskladnění: 05.08.2026;"{""categories"":[""Konstrukce""],""price_raw"":""6,06 Kč*"",""price_per_wp_raw"":"""",""price_per_wp_czk_without_vat"":null,""properties"":{},""image_url"":""https://cdn.shop.krannich-solar.com/media/93/a2/d2/1750077258/1713188_5_6_f_2_56f2b743ac5ace943e0f589640c0032ff25b4663_det_m_ac_sd_g.jpg.jpg?width=3000"",""has_quantity_discount"":false,""scraped_at"":""2026-07-04T10:00:18.764Z""}"
Krannich Solar;1716944;1716944;AC SD GFM;Distancní podložka z PA;Konstrukce;K2 Systems;6.79;21;ks;https://shop.krannich-solar.com/cs-cz/AC-SD-GFM/1716944;931 ks na skladě, možné naskladnění: 05.08.2026;"{""categories"":[""Konstrukce""],""price_raw"":""6,79 Kč*"",""price_per_wp_raw"":"""",""price_per_wp_czk_without_vat"":null,""properties"":{},""image_url"":""https://cdn.shop.krannich-solar.com/media/65/c7/13/1750077981/1716944_d_a_1_f_da1f61f32fb2f9b8adacf79861a8c1a33d61a1b6_det_m_ac_sd_gfm.jpg.jpg?width=3000"",""has_quantity_discount"":false,""scraped_at"":""2026-07-04T10:00:04.097Z""}"
Krannich Solar;1734199;1734199;AC StairPlate pro Micro Inverter / Optimizer;Sada pro připojení optimizérů na profil K2;Konstrukce;K2 Systems;64.26;21;ks;https://shop.krannich-solar.com/cs-cz/AC-StairPlate-pro-Micro-Inverter-Optimizer/1734199;385 ks na skladě, možné naskladnění: 05.08.2026;"{""categories"":[""Konstrukce""],""price_raw"":""64,26 Kč*"",""price_per_wp_raw"":"""",""price_per_wp_czk_without_vat"":null,""properties"":{},""image_url"":""https://cdn.shop.krannich-solar.com/media/ac/e2/b5/1750077953/1734199_e_8_9_b_e89b9c7eb75dc5b1d481af1cb83c845bbb772ed1_det_m_ac_stairplate_set.jpg.jpg?width=3000"",""has_quantity_discount"":false,""scraped_at"":""2026-07-04T10:00:09.005Z""}"
Krannich Solar;1760019;1760019;AddOn XS;;Konstrukce;K2 Systems;19.64;21;ks;https://shop.krannich-solar.com/cs-cz/AddOn-XS/1760019;0 ks na skladě, možné naskladnění: 05.08.2026;"{""categories"":[""Konstrukce""],""price_raw"":""19,64 Kč*"",""price_per_wp_raw"":"""",""price_per_wp_czk_without_vat"":null,""properties"":{},""image_url"":""https://cdn.shop.krannich-solar.com/media/9a/7f/88/1774693427/1760019_7_2_3_a_723a945018c5ca5a7036447503f707b240c8cd53_det_m_ac_addon_xs.png.png?width=3000"",""has_quantity_discount"":false,""scraped_at"":""2026-07-04T10:02:41.026Z""}"
Krannich Solar;1762795;1762795;BasicClip CSM Adapter;;Konstrukce;K2 Systems;8.73;21;ks;https://shop.krannich-solar.com/cs-cz/BasicClip-CSM-Adapter/1762795;10 ks na skladě, možné naskladnění: 05.08.2026;"{""categories"":[""Konstrukce""],""price_raw"":""8,73 Kč*"",""price_per_wp_raw"":"""",""price_per_wp_czk_without_vat"":null,""properties"":{},""image_url"":""https://cdn.shop.krannich-solar.com/media/59/34/19/1771600032/1762795_2_6_d_c_26dcb50a7640d6fba5f8610657ded2cc4bcfb774_det_m_ac_basicclip_csm_adapter.png.png?width=3000"",""has_quantity_discount"":false,""scraped_at"":""2026-07-04T10:00:30.749Z""}"
Krannich Solar;1718344;1718344;BasicRail 2,10;Montážní profil BasicRail, délka 2,10 m;Konstrukce;K2 Systems;292.21;21;ks;https://shop.krannich-solar.com/cs-cz/BasicRail-2-10/1718344;0 ks na skladě, možné naskladnění: 05.08.2026;"{""categories"":[""Konstrukce""],""price_raw"":""292,21 Kč*"",""price_per_wp_raw"":"""",""price_per_wp_czk_without_vat"":null,""properties"":{},""image_url"":""https://cdn.shop.krannich-solar.com/media/79/91/d2/1771796202/1718344_5_d_5_d_5d5d61201c3c9e6fdab2e9ba2a54d3d7cafa9144_det_m_rk2_basicrail_2_10.jpg.jpg?width=3000"",""has_quantity_discount"":false,""scraped_at"":""2026-07-04T10:02:45.848Z""}"
Krannich Solar;1733100;1733100;BasicRail 22 - 2,25;;Konstrukce;K2 Systems;302.4;21;ks;https://shop.krannich-solar.com/cs-cz/BasicRail-22-2-25/1733100;0 ks na skladě, možné naskladnění: 05.08.2026;"{""categories"":[""Konstrukce""],""price_raw"":""302,40 Kč*"",""price_per_wp_raw"":"""",""price_per_wp_czk_without_vat"":null,""properties"":{},""image_url"":""https://cdn.shop.krannich-solar.com/media/cc/0f/c6/1771822080/1733100_9_9_0_9_9909f51d7d157fd2329549652963a7d4c884d1a6_det_m_rk2_basicrail_2_25.jpg.jpg?width=3000"",""has_quantity_discount"":false,""scraped_at"":""2026-07-04T10:02:45.848Z""}"
Krannich Solar;1757651;1757651;BasicRail 22 - 2,40;;Konstrukce;K2 Systems;354.78;21;ks;https://shop.krannich-solar.com/cs-cz/BasicRail-22-2-40/1757651;20 ks na skladě, možné naskladnění: 13.07.2026;"{""categories"":[""Konstrukce""],""price_raw"":""354,78 Kč*"",""price_per_wp_raw"":"""",""price_per_wp_czk_without_vat"":null,""properties"":{},""image_url"":""https://cdn.shop.krannich-solar.com/media/68/a4/4d/1750077725/1757651_c_1_7_5_c175b2b170f11b4b8dbc9096a0cb83119e7e4ce8_det_m_rk2_basicrail_2_40.jpg.jpg?width=3000"",""has_quantity_discount"":false,""scraped_at"":""2026-07-04T10:00:28.308Z""}"
Krannich Solar;1753613;1753613;BasicRail 22 - 2,50;;Konstrukce;K2 Systems;335.86;21;ks;https://shop.krannich-solar.com/cs-cz/BasicRail-22-2-50/1753613;1 ks na skladě, možné naskladnění: 05.08.2026;"{""categories"":[""Konstrukce""],""price_raw"":""335,86 Kč*"",""price_per_wp_raw"":"""",""price_per_wp_czk_without_vat"":null,""properties"":{},""image_url"":""https://cdn.shop.krannich-solar.com/media/52/de/ff/1750077305/1753613_2_f_e_d_2fed27b15e51045710740c9af07a91037186f706_det_m_rk2_sr_22_105_5_50.jpg.jpg?width=3000"",""has_quantity_discount"":false,""scraped_at"":""2026-07-04T10:00:33.084Z""}"
Krannich Solar;1753611;1753611;BasicRail 22 - 4,80;;Konstrukce;K2 Systems;624.2;21;ks;https://shop.krannich-solar.com/cs-cz/BasicRail-22-4-80/1753611;2915 ks na skladě, možné naskladnění: 05.08.2026;"{""categories"":[""Konstrukce""],""price_raw"":""624,20 Kč*"",""price_per_wp_raw"":"""",""price_per_wp_czk_without_vat"":null,""properties"":{},""image_url"":""https://cdn.shop.krannich-solar.com/media/47/e7/42/1750077299/1753611_8_b_d_a_8bda00ae2f524ec6c2d049b3f9047f630a8f3950_det_m_rk2_basicrail_4_80.jpg.jpg?width=3000"",""has_quantity_discount"":false,""scraped_at"":""2026-07-04T10:00:01.714Z""}"
Krannich Solar;1753610;1753610;BasicRail 22 - 5,95;;Konstrukce;K2 Systems;773.82;21;ks;https://shop.krannich-solar.com/cs-cz/BasicRail-22-5-95/1753610;462 ks na skladě, možné naskladnění: 05.08.2026;"{""categories"":[""Konstrukce""],""price_raw"":""773,82 Kč*"",""price_per_wp_raw"":"""",""price_per_wp_czk_without_vat"":null,""properties"":{},""image_url"":""https://cdn.shop.krannich-solar.com/media/0b/3b/47/1750077295/1753610_2_f_e_d_2fed27b15e51045710740c9af07a91037186f706_det_m_rk2_sr_22_105_5_50.jpg.jpg?width=3000"",""has_quantity_discount"":false,""scraped_at"":""2026-07-04T10:00:09.005Z""}"
Krannich Solar;1715673;1715673;BasicRail BasicClip;Montážní držák pro BasicRail;Konstrukce;K2 Systems;13.58;21;ks;https://shop.krannich-solar.com/cs-cz/BasicRail-BasicClip/1715673;9540 ks na skladě, možné naskladnění: 05.08.2026;"{""categories"":[""Konstrukce""],""price_raw"":""13,58 Kč*"",""price_per_wp_raw"":"""",""price_per_wp_czk_without_vat"":null,""properties"":{},""image_url"":""https://cdn.shop.krannich-solar.com/media/84/79/a2/1750077933/1715673_0_b_9_f_0b9fc1c04252a00ced52a104205a86d00ec48bd7_det_m_rf_basicrail_basicclip.jpg.jpg?width=3000"",""has_quantity_discount"":false,""scraped_at"":""2026-07-04T10:00:01.713Z""}"
Krannich Solar;1717187;1717187;BasicRail BasicConnector Set;Spojovací set pro K2 BasicRail;Konstrukce;K2 Systems;26.68;21;ks;https://shop.krannich-solar.com/cs-cz/BasicRail-BasicConnector-Set/1717187;3436 ks na skladě, možné naskladnění: 05.08.2026;"{""categories"":[""Konstrukce""],""price_raw"":""26,68 Kč*"",""price_per_wp_raw"":"""",""price_per_wp_czk_without_vat"":null,""properties"":{},""image_url"":""https://cdn.shop.krannich-solar.com/media/15/65/cf/1750077986/1717187_8_e_a_5_8ea5104f0b5e526ddb91f6bb828537b8fc296cef_det_m_rc_basicrail_basicconnector_set.jpg.jpg?width=3000"",""has_quantity_discount"":false,""scraped_at"":""2026-07-04T10:00:01.714Z""}"
Krannich Solar;1717213;1717213;BasicRail BasicLock 22 Set;K2 BasicLock set pro BasicRail 22;Konstrukce;K2 Systems;49.47;21;ks;https://shop.krannich-solar.com/cs-cz/BasicRail-BasicLock-22-Set/1717213;280 ks na skladě, možné naskladnění: 05.08.2026;"{""categories"":[""Konstrukce""],""price_raw"":""49,47 Kč*"",""price_per_wp_raw"":"""",""price_per_wp_czk_without_vat"":null,""properties"":{},""image_url"":""https://cdn.shop.krannich-solar.com/media/18/1a/b5/1750077989/1717213_d_5_5_2_d5529b1e7e355ff91f54078b97f5511f7184d87c_det_m_ac_basicrail_basiclock_22_set.jpg.jpg?width=3000"",""has_quantity_discount"":false,""scraped_at"":""2026-07-04T10:00:11.504Z""}"
Krannich Solar;1753772;1753772;BlackCover SingleRail 36;Černý kryt pro SingleRail 36 / SingleRail 36 light;Konstrukce;K2 Systems;62.57;21;ks;https://shop.krannich-solar.com/cs-cz/BlackCover-SingleRail-36/1753772;200 ks na skladě, možné naskladnění: 05.08.2026;"{""categories"":[""Konstrukce""],""price_raw"":""62,57 Kč*"",""price_per_wp_raw"":"""",""price_per_wp_czk_without_vat"":null,""properties"":{},""image_url"":""https://cdn.shop.krannich-solar.com/media/2a/a3/78/1750077309/1753772_3_9_e_c_39ec09209813147e381c4100446859939e9dc0bf_det_m_ac_blackcover_singlerail_36.jpg.jpg?width=3000"",""has_quantity_discount"":false,""scraped_at"":""2026-07-04T10:00:13.918Z""}"
Krannich Solar;1764083;1764083;BlackCover SingleRail 50;;Konstrukce;K2 Systems;71.54;21;ks;https://shop.krannich-solar.com/cs-cz/BlackCover-SingleRail-50/1764083;0 ks na skladě, možné naskladnění: 05.08.2026;"{""categories"":[""Konstrukce""],""price_raw"":""71,54 Kč*"",""price_per_wp_raw"":"""",""price_per_wp_czk_without_vat"":null,""properties"":{},""image_url"":""https://cdn.shop.krannich-solar.com/media/e7/70/fd/1776266017/1764083_8_5_0_9_850932876a1be9892d30cda660255156a1ae5021_det_m_ac_blackcover_singlerail_50.png.png?width=3000"",""has_quantity_discount"":false,""scraped_at"":""2026-07-04T10:00:35.470Z""}"
Krannich Solar;1729287;1729287;Cable Manager PA66W;Kabelová úchytka;Konstrukce;K2 Systems;5.09;21;ks;https://shop.krannich-solar.com/cs-cz/Cable-Manager-PA66W/1729287;6642 ks na skladě, možné naskladnění: 13.07.2026;"{""categories"":[""Konstrukce""],""price_raw"":""5,09 Kč*"",""price_per_wp_raw"":"""",""price_per_wp_czk_without_vat"":null,""properties"":{},""image_url"":""https://cdn.shop.krannich-solar.com/media/1c/27/7a/1750077734/1729287_4_1_1_7_411730f55baa25c7f934294e0c2506774b299615_det_m_ac_cable_manager_pa66w.jpg.jpg?width=3000"",""has_quantity_discount"":false,""scraped_at"":""2026-07-04T10:00:01.714Z""}"
Krannich Solar;1756507;1756507;CarrierRail 2,97;;Konstrukce;K2 Systems;1223.9;21;ks;https://shop.krannich-solar.com/cs-cz/CarrierRail-2-97/1756507;0 ks na skladě, možné naskladnění: 05.08.2026;"{""categories"":[""Konstrukce""],""price_raw"":""1 223,90 Kč*"",""price_per_wp_raw"":"""",""price_per_wp_czk_without_vat"":null,""properties"":{},""image_url"":""https://cdn.shop.krannich-solar.com/media/7d/5b/a0/1772190423/1756507_6_e_d_9_6ed949757c23c1ac664f4c23d3a559b128f2dd93_det_m_i_carrierrail.png.png?width=3000"",""has_quantity_discount"":false,""scraped_at"":""2026-07-04T10:02:41.026Z""}"
Krannich Solar;1756380;1756380;CarrierRail AntiSlip Plate;;Konstrukce;K2 Systems;13.58;21;ks;https://shop.krannich-solar.com/cs-cz/CarrierRail-AntiSlip-Plate/1756380;17 ks na skladě, možné naskladnění: 05.08.2026;"{""categories"":[""Konstrukce""],""price_raw"":""13,58 Kč*"",""price_per_wp_raw"":"""",""price_per_wp_czk_without_vat"":null,""properties"":{},""image_url"":""https://cdn.shop.krannich-solar.com/media/f7/df/7b/1772190423/1756380_f_8_b_7_f8b794f64c01c16249d0460c084bfa1a0d87afff_det_m_k2_carrierrail_antislip_plate_2004288.png.png?width=3000"",""has_quantity_discount"":false,""scraped_at"":""2026-07-04T10:00:30.748Z""}"
Krannich Solar;1756508;1756508;CarrierRail PE tape, 20 m;Těsnící páska;Konstrukce;K2 Systems;188.42;21;ks;https://shop.krannich-solar.com/cs-cz/CarrierRail-PE-tape-20-m/1756508;0 ks na skladě, možné naskladnění: 05.08.2026;"{""categories"":[""Konstrukce""],""price_raw"":""188,42 Kč*"",""price_per_wp_raw"":"""",""price_per_wp_czk_without_vat"":null,""properties"":{},""image_url"":""https://cdn.shop.krannich-solar.com/media/f9/05/02/1772190422/1756508_a_0_d_a_a0da6d95fb19ed9350675dbd5f2c511062047e10_det_m_i_carrierrail_epdm_20m.png.png?width=3000"",""has_quantity_discount"":false,""scraped_at"":""2026-07-04T10:02:41.026Z""}"
Krannich Solar;1734424;1734424;CC SET RK2 36/50/SingleRail;36/50 s kulatým otvorem;Konstrukce;K2 Systems;33.47;21;ks;https://shop.krannich-solar.com/cs-cz/CC-SET-RK2-36-50-SingleRail/1734424;654 ks na skladě, možné naskladnění: 05.08.2026;"{""categories"":[""Konstrukce""],""price_raw"":""33,47 Kč*"",""price_per_wp_raw"":"""",""price_per_wp_czk_without_vat"":null,""properties"":{},""image_url"":""https://cdn.shop.krannich-solar.com/media/91/25/fd/1761032239/1734424_9_9_f_2_99f290ff11aada65e7da5d7d1ec19d2252a92465_det_m_ac_k2_climber_set_2003145.png.png?width=3000"",""has_quantity_discount"":false,""scraped_at"":""2026-07-04T10:00:06.620Z""}"
Krannich Solar;1733795;1733795;CC SET RK2L/M/A SS;Sada krížových konektoru pro lišty K2;Konstrukce;K2 Systems;76.15;21;ks;https://shop.krannich-solar.com/cs-cz/CC-SET-RK2L-M-A-SS/1733795;210 ks na skladě, možné naskladnění: 05.08.2026;"{""categories"":[""Konstrukce""],""price_raw"":""76,15 Kč*"",""price_per_wp_raw"":"""",""price_per_wp_czk_without_vat"":null,""properties"":{},""image_url"":""https://cdn.shop.krannich-solar.com/media/7c/14/57/1750077935/1733795_4_7_5_4_4754b620a7ba4f95190c87845c4d110c9f1f05ee_det_m_cc_set_rk2l_m_a__sn_m8_ss_.jpg.jpg?width=3000"",""has_quantity_discount"":false,""scraped_at"":""2026-07-04T10:00:13.917Z""}"
Krannich Solar;1762789;1762789;Climber 36/50 Solo long-hole;;Konstrukce;K2 Systems;18.67;21;ks;https://shop.krannich-solar.com/cs-cz/Climber-36-50-Solo-long-hole/1762789;0 ks na skladě, možné naskladnění: 05.08.2026;"{""categories"":[""Konstrukce""],""price_raw"":""18,67 Kč*"",""price_per_wp_raw"":"""",""price_per_wp_czk_without_vat"":null,""properties"":{},""image_url"":""https://cdn.shop.krannich-solar.com/media/e0/ef/d4/1771600030/1762789_a_9_8_1_a981a6c063905b144f837dd4ef21e18c8da0fc1b_det_m_ac_clb_36_48.jpg.jpg?width=3000"",""has_quantity_discount"":false,""scraped_at"":""2026-07-04T10:02:45.847Z""}"
Krannich Solar;1741508;1741508;Climber 63 Set;Hliníková svorka pro SingleRail 63;Konstrukce;K2 Systems;51.41;21;ks;https://shop.krannich-solar.com/cs-cz/Climber-63-Set/1741508;0 ks na skladě, možné naskladnění: 05.08.2026;"{""categories"":[""Konstrukce""],""price_raw"":""51,41 Kč*"",""price_per_wp_raw"":"""",""price_per_wp_czk_without_vat"":null,""properties"":{},""image_url"":""https://cdn.shop.krannich-solar.com/media/2e/46/90/1750077374/1741508_6_5_4_8_6548e83c57617568ce548f200226627efb1cf16c_det_m_pr_climber_63_set.jpg.jpg?width=3000"",""has_quantity_discount"":false,""scraped_at"":""2026-07-04T10:02:58.218Z""}"
Krannich Solar;1763601;1763601;CrossConnector Clip;;Konstrukce;K2 Systems;4.61;21;ks;https://shop.krannich-solar.com/cs-cz/CrossConnector-Clip/1763601;0 ks na skladě, možné naskladnění: 05.08.2026;"{""categories"":[""Konstrukce""],""price_raw"":""4,61 Kč*"",""price_per_wp_raw"":"""",""price_per_wp_czk_without_vat"":null,""properties"":{},""image_url"":""https://cdn.shop.krannich-solar.com/media/aa/b2/g0/1771600031/1763601_1_d_2_f_1d2fa7e19769efd541697aed7d9f5c9f39c3d643_det_m_i_insertionrail_2.0_crossconnector_clip.png.png?width=3000"",""has_quantity_discount"":false,""scraped_at"":""2026-07-04T10:02:43.435Z""}"
Krannich Solar;1745868;1745868;CrossRail 36 - 4,40;;Konstrukce;K2 Systems;646.02;21;ks;https://shop.krannich-solar.com/cs-cz/CrossRail-36-4-40/1745868;140 ks na skladě, možné naskladnění: 05.08.2026;"{""categories"":[""Konstrukce""],""price_raw"":""646,02 Kč*"",""price_per_wp_raw"":"""",""price_per_wp_czk_without_vat"":null,""properties"":{},""image_url"":""https://cdn.shop.krannich-solar.com/media/72/53/30/1750078036/1745868_6_3_4_1_6341dbf32eab1b0a3c8d46d44405709c6dde6b8d_det_m_rk2_cr_36_160_4_30.jpg.jpg?width=3000"",""has_quantity_discount"":false,""scraped_at"":""2026-07-04T10:00:16.364Z""}"
Krannich Solar;1754766;1754766;CrossRail 36 - 4,80;;Konstrukce;K2 Systems;972.91;21;ks;https://shop.krannich-solar.com/cs-cz/CrossRail-36-4-80/1754766;0 ks na skladě, možné naskladnění: 05.08.2026;"{""categories"":[""Konstrukce""],""price_raw"":""972,91 Kč*"",""price_per_wp_raw"":"""",""price_per_wp_czk_without_vat"":null,""properties"":{},""image_url"":""https://cdn.shop.krannich-solar.com/media/65/ec/80/1750408840/1754766_a_9_5_6_a956d4c06af7f55073c553fbca1bc162c602a3da_det_m_rk2_crossrail_36_4_80.jpg.jpg?width=3000"",""has_quantity_discount"":false,""scraped_at"":""2026-07-04T10:02:55.732Z""}"
Krannich Solar;1756686;1756686;CrossRail 73 Connector;;Konstrukce;K2 Systems;87.06;21;ks;https://shop.krannich-solar.com/cs-cz/CrossRail-73-Connector/1756686;40 ks na skladě, možné naskladnění: 05.08.2026;"{""categories"":[""Konstrukce""],""price_raw"":""87,06 Kč*"",""price_per_wp_raw"":"""",""price_per_wp_czk_without_vat"":null,""properties"":{},""image_url"":""https://cdn.shop.krannich-solar.com/media/e6/be/49/1767883014/1756686_7_b_e_2_7be25d6a8bcd6fe02b7a94a228a02549f2d2360f_det_m_pr_crossrail_73_connector.png.png?width=3000"",""has_quantity_discount"":false,""scraped_at"":""2026-07-04T10:00:23.556Z""}"
Krannich Solar;1756688;1756688;"CrossRail 73; 4.55 m";;Konstrukce;K2 Systems;957.63;21;ks;https://shop.krannich-solar.com/cs-cz/CrossRail-73-4.55-m/1756688;15 ks na skladě, možné naskladnění: 05.08.2026;"{""categories"":[""Konstrukce""],""price_raw"":""957,63 Kč*"",""price_per_wp_raw"":"""",""price_per_wp_czk_without_vat"":null,""properties"":{},""image_url"":""https://cdn.shop.krannich-solar.com/media/0e/70/ea/1767881233/1756688_4_2_0_3_4203b2bdac061e3e84da4951faf427a9043f039a_det_m_pr_rk2_crossrail_73_4.55m.png.png?width=3000"",""has_quantity_discount"":false,""scraped_at"":""2026-07-04T10:00:30.748Z""}"
Krannich Solar;1757700;1757700;D-Dome 6.10 Base Set;Základní sada pro D-Dome 6.10;Konstrukce;K2 Systems;961.51;21;ks;https://shop.krannich-solar.com/cs-cz/D-Dome-6.10-Base-Set/1757700;596 ks na skladě, možné naskladnění: 05.08.2026;"{""categories"":[""Konstrukce""],""price_raw"":""961,51 Kč*"",""price_per_wp_raw"":"""",""price_per_wp_czk_without_vat"":null,""properties"":{},""image_url"":""https://cdn.shop.krannich-solar.com/media/be/fd/a5/1750077733/1757700_2_c_a_d_2cadad89dffee0c6ee2449659f0ccf02c83a4d76_det_m_rk2_d_dome_6.10_base_set__2480x75x77_5_.png.png?width=3000"",""has_quantity_discount"":false,""scraped_at"":""2026-07-04T10:00:06.620Z""}"
Krannich Solar;1744177;1744177;D-Dome 6.10 Base Set L (2480x75x77,5mm);;Konstrukce;K2 Systems;882.22;21;ks;https://shop.krannich-solar.com/cs-cz/D-Dome-6.10-Base-Set-L-2480x75x77-5mm/1744177;2 ks na skladě, poslední kusy;"{""categories"":[""Konstrukce""],""price_raw"":""882,22 Kč*"",""price_per_wp_raw"":"""",""price_per_wp_czk_without_vat"":null,""properties"":{},""image_url"":""https://cdn.shop.krannich-solar.com/media/d9/6b/44/1751761168/1744177_b_7_0_0_b7006d05e8ebd5b7b2c30259ba51e9d9a0504bb4_det_m_do_d_dome_6.10_base_set_l.jpg.jpg?width=3000"",""has_quantity_discount"":false,""scraped_at"":""2026-07-04T10:00:33.084Z""}"
Krannich Solar;1760023;1760023;D-Dome 6.10 Base Set LS;Předmontovaná sada pro systém D-Dome 6.10 LS;Konstrukce;K2 Systems;719.74;21;ks;https://shop.krannich-solar.com/cs-cz/D-Dome-6.10-Base-Set-LS/1760023;76 ks na skladě, možné naskladnění: 05.08.2026;"{""categories"":[""Konstrukce""],""price_raw"":""719,74 Kč*"",""price_per_wp_raw"":"""",""price_per_wp_czk_without_vat"":null,""properties"":{},""image_url"":""https://cdn.shop.krannich-solar.com/media/65/a3/f1/1754028389/1760023_8_1_a_d_81ad31538d47023cb83cb441e2b536ad5b1c3f99_det_m_rk2_d_dome_6.10_base_set_ls__2650x75_3x76_7_.png.png?width=3000"",""has_quantity_discount"":false,""scraped_at"":""2026-07-04T10:00:21.238Z""}"
Krannich Solar;1757347;1757347;D-Dome 6.15 Base Set;Předmontovaná sada pro systém D-Dome 6.15;Konstrukce;K2 Systems;961.51;21;ks;https://shop.krannich-solar.com/cs-cz/D-Dome-6.15-Base-Set/1757347;155 ks na skladě, možné naskladnění: 05.08.2026;"{""categories"":[""Konstrukce""],""price_raw"":""961,51 Kč*"",""price_per_wp_raw"":"""",""price_per_wp_czk_without_vat"":null,""properties"":{},""image_url"":""https://cdn.shop.krannich-solar.com/media/c6/9b/86/1750077718/1757347_1_a_5_7_1a57a366c78bc38e16092e5c5f370c5b6dd8d996_det_m_rk2_d_dome_6.15_base_set__2480x75x77_5_.png.png?width=3000"",""has_quantity_discount"":false,""scraped_at"":""2026-07-04T10:00:13.919Z""}"
Krannich Solar;1759971;1759971;Dome 6 Connector 195 Set;Spojovací set profilu pro Dome 6;Konstrukce;K2 Systems;128.53;21;ks;https://shop.krannich-solar.com/cs-cz/Dome-6-Connector-195-Set/1759971;720 ks na skladě, možné naskladnění: 05.08.2026;"{""categories"":[""Konstrukce""],""price_raw"":""128,53 Kč*"",""price_per_wp_raw"":"""",""price_per_wp_czk_without_vat"":null,""properties"":{},""image_url"":""https://cdn.shop.krannich-solar.com/media/6a/5e/60/1779243930/1759971_4_a_e_e_4aee2c1fad3e82a1c4953cb43c4c615954262eee_det_m_do_dome_6.10_connector_bonding_set.jpg.jpg?width=3000"",""has_quantity_discount"":false,""scraped_at"":""2026-07-04T10:00:06.620Z""}"
Krannich Solar;1744340;1744340;Dome 6 Connector 195 Set;Spojovací set profilu pro Dome 6;Konstrukce;K2 Systems;128.53;21;ks;https://shop.krannich-solar.com/cs-cz/Dome-6-Connector-195-Set/1744340;14 ks na skladě, poslední kusy;"{""categories"":[""Konstrukce""],""price_raw"":""128,53 Kč*"",""price_per_wp_raw"":"""",""price_per_wp_czk_without_vat"":null,""properties"":{},""image_url"":""https://cdn.shop.krannich-solar.com/media/f5/56/53/1750077999/1744340_0_9_8_d_098dc2beeaf8cc41772818d93c36d9a2698e17d6_det_m_do_dome_6.10_connector_bonding_set.jpg.jpg?width=3000"",""has_quantity_discount"":false,""scraped_at"":""2026-07-04T10:00:30.749Z""}"
Krannich Solar;1752076;1752076;DOME 6 CONNECTOR SET (495mm);;Konstrukce;K2 Systems;184.3;21;ks;https://shop.krannich-solar.com/cs-cz/DOME-6-CONNECTOR-SET-495mm/1752076;34 ks na skladě, možné naskladnění: 05.08.2026;"{""categories"":[""Konstrukce""],""price_raw"":""184,30 Kč*"",""price_per_wp_raw"":"""",""price_per_wp_czk_without_vat"":null,""properties"":{},""image_url"":""https://cdn.shop.krannich-solar.com/media/1e/14/d9/1750077199/1752076_4_2_f_f_42ff90ed88406a98f21be2b8b43a042300193cf3_2004178.jpg.jpg?width=3000"",""has_quantity_discount"":false,""scraped_at"":""2026-07-04T10:00:25.932Z""}"
Krannich Solar;1733174;1733174;Dome 6 Porter long;;Konstrukce;K2 Systems;449.84;21;ks;https://shop.krannich-solar.com/cs-cz/Dome-6-Porter-long/1733174;139 ks na skladě, možné naskladnění: 05.08.2026;"{""categories"":[""Konstrukce""],""price_raw"":""449,84 Kč*"",""price_per_wp_raw"":"""",""price_per_wp_czk_without_vat"":null,""properties"":{},""image_url"":""https://cdn.shop.krannich-solar.com/media/c7/c0/42/1761034018/1733174_2_1_b_0_21b0a6a82c474e76a2f4b4b37cf73169eaac1f04_det_m_rk2_dome_porter_long_2003151.png.png?width=3000"",""has_quantity_discount"":false,""scraped_at"":""2026-07-04T10:00:16.365Z""}"
Krannich Solar;1733173;1733173;Dome 6 Porter short;;Konstrukce;K2 Systems;335.38;21;ks;https://shop.krannich-solar.com/cs-cz/Dome-6-Porter-short/1733173;77 ks na skladě, možné naskladnění: 05.08.2026;"{""categories"":[""Konstrukce""],""price_raw"":""335,38 Kč*"",""price_per_wp_raw"":"""",""price_per_wp_czk_without_vat"":null,""properties"":{},""image_url"":""https://cdn.shop.krannich-solar.com/media/41/cf/8e/1761034015/1733173_e_5_b_7_e5b7c4ccde819a95ec92214579f02f6f4b37f91c_det_m_rk2_dome_porter_short_2003150.png.png?width=3000"",""has_quantity_discount"":false,""scraped_at"":""2026-07-04T10:00:21.238Z""}"
Krannich Solar;1764902;1764902;Dome 6 XPress Connector Set;Spojovací set profilu pro Dome 6;Konstrukce;K2 Systems;85.85;21;ks;https://shop.krannich-solar.com/cs-cz/Dome-6-XPress-Connector-Set/1764902;200 ks na skladě, možné naskladnění: 05.08.2026;"{""categories"":[""Konstrukce""],""price_raw"":""85,85 Kč*"",""price_per_wp_raw"":"""",""price_per_wp_czk_without_vat"":null,""properties"":{},""image_url"":""https://cdn.shop.krannich-solar.com/media/e1/e2/bf/1782460316/1764902_2_5_c_2_25c2ecc357413de35484cb154d44d505e062652b_det_m_do_dome_6_xpress_connector_set.png.png?width=3000"",""has_quantity_discount"":false,""scraped_at"":""2026-07-04T10:00:13.918Z""}"
Krannich Solar;1750890;1750890;Dome 6.0 Peak;;Konstrukce;K2 Systems;63.78;21;ks;https://shop.krannich-solar.com/cs-cz/Dome-6.0-Peak/1750890;99 ks na skladě, možné naskladnění: 05.08.2026;"{""categories"":[""Konstrukce""],""price_raw"":""63,78 Kč*"",""price_per_wp_raw"":"""",""price_per_wp_czk_without_vat"":null,""properties"":{},""image_url"":""https://cdn.shop.krannich-solar.com/media/b8/9e/a8/1750077145/1750890_6_b_4_e_6b4ea161eda9d9f245d07eddea366517f5845e3b_det_m_do_dome_6.0_peak.jpg.jpg?width=3000"",""has_quantity_discount"":false,""scraped_at"":""2026-07-04T10:00:18.766Z""}"
Krannich Solar;1748007;1748007;Dome 6.10 Peak - new;;Konstrukce;K2 Systems;83.18;21;ks;https://shop.krannich-solar.com/cs-cz/Dome-6.10-Peak-new/1748007;937 ks na skladě, možné naskladnění: 13.07.2026;"{""categories"":[""Konstrukce""],""price_raw"":""83,18 Kč*"",""price_per_wp_raw"":"""",""price_per_wp_czk_without_vat"":null,""properties"":{},""image_url"":""https://cdn.shop.krannich-solar.com/media/9e/90/d8/1750173982/1748007_5_b_8_5_5b858191cf6ea648b83b1a7b8f15f838cbe413f6_det_m_do_dome_6.10_peak___new.jpg.jpg?width=3000"",""has_quantity_discount"":false,""scraped_at"":""2026-07-04T10:00:04.097Z""}"
Krannich Solar;1760022;1760022;Dome 6.10 Peak LS;;Konstrukce;K2 Systems;66.45;21;ks;https://shop.krannich-solar.com/cs-cz/Dome-6.10-Peak-LS/1760022;24 ks na skladě, možné naskladnění: 05.08.2026;"{""categories"":[""Konstrukce""],""price_raw"":""66,45 Kč*"",""price_per_wp_raw"":"""",""price_per_wp_czk_without_vat"":null,""properties"":{},""image_url"":""https://cdn.shop.krannich-solar.com/media/8f/a4/30/1754028389/1760022_0_7_f_e_07fe06f94130a6a39b18f190752197dad452fb61_det_m_do_dome_6.10_peak_ls.png.png?width=3000"",""has_quantity_discount"":false,""scraped_at"":""2026-07-04T10:00:25.933Z""}"
Krannich Solar;1748008;1748008;Dome 6.10 SD;Prední nosný modul pro systém Dome 6.10;Konstrukce;K2 Systems;35.65;21;ks;https://shop.krannich-solar.com/cs-cz/Dome-6.10-SD/1748008;126 ks na skladě, možné naskladnění: 13.07.2026;"{""categories"":[""Konstrukce""],""price_raw"":""35,65 Kč*"",""price_per_wp_raw"":"""",""price_per_wp_czk_without_vat"":null,""properties"":{},""image_url"":""https://cdn.shop.krannich-solar.com/media/f1/2e/55/1750173987/1748008_b_7_8_3_b783e770912ee339c9ef7da7a01c5fc3a55abcc8_det_m_do_dome_6.10_sd.jpg.jpg?width=3000"",""has_quantity_discount"":false,""scraped_at"":""2026-07-04T10:00:16.365Z""}"
Krannich Solar;1752331;1752331;Dome 6.15 Peak;;Konstrukce;K2 Systems;118.34;21;ks;https://shop.krannich-solar.com/cs-cz/Dome-6.15-Peak/1752331;89 ks na skladě, možné naskladnění: 14.07.2026;"{""categories"":[""Konstrukce""],""price_raw"":""118,34 Kč*"",""price_per_wp_raw"":"""",""price_per_wp_czk_without_vat"":null,""properties"":{},""image_url"":""https://cdn.shop.krannich-solar.com/media/f1/7b/81/1750077210/1752331_a_9_3_a_a93a652564d9ba4e98f39f69347aeb5ed56d4f14_det_m_do_dome_6.15_peak.jpg.jpg?width=3000"",""has_quantity_discount"":false,""scraped_at"":""2026-07-04T10:00:18.766Z""}"
Krannich Solar;1752332;1752332;Dome 6.15 SD;Nosný prvek modulu pro systém Dome 6.15;Konstrukce;K2 Systems;40.01;21;ks;https://shop.krannich-solar.com/cs-cz/Dome-6.15-SD/1752332;254 ks na skladě, možné naskladnění: 05.08.2026;"{""categories"":[""Konstrukce""],""price_raw"":""40,01 Kč*"",""price_per_wp_raw"":"""",""price_per_wp_czk_without_vat"":null,""properties"":{},""image_url"":""https://cdn.shop.krannich-solar.com/media/57/6c/44/1750077217/1752332_1_d_6_7_1d67fb52893535795feb8f66591282ce9f29ab71_det_m_do_dome_6.15_sd.jpg.jpg?width=3000"",""has_quantity_discount"":false,""scraped_at"":""2026-07-04T10:00:11.504Z""}"
Krannich Solar;1750715;1750715;Dome FixPro L (-> Kolejnice);Upevňovací příslušenství pro systém Dome 6;Konstrukce;K2 Systems;772.36;21;ks;https://shop.krannich-solar.com/cs-cz/Dome-FixPro-L-Kolejnice/1750715;172 ks na skladě, možné naskladnění: 05.08.2026;"{""categories"":[""Konstrukce""],""price_raw"":""772,36 Kč*"",""price_per_wp_raw"":"""",""price_per_wp_czk_without_vat"":null,""properties"":{},""image_url"":""https://cdn.shop.krannich-solar.com/media/e4/87/a2/1750077148/1750715_a_1_a_8_a1a8fa0d7f834326e4596a3ecf4cf3e0a655ff6a_det_m_do_dome_fixpro_l.jpg.jpg?width=3000"",""has_quantity_discount"":false,""scraped_at"":""2026-07-04T10:00:13.919Z""}"
Krannich Solar;1751466;1751466;Dome FixPro S (-> Schiene);;Konstrukce;K2 Systems;574.97;21;ks;https://shop.krannich-solar.com/cs-cz/Dome-FixPro-S-Schiene/1751466;37 ks na skladě, možné naskladnění: 05.08.2026;"{""categories"":[""Konstrukce""],""price_raw"":""574,97 Kč*"",""price_per_wp_raw"":"""",""price_per_wp_czk_without_vat"":null,""properties"":{},""image_url"":""https://cdn.shop.krannich-solar.com/media/cc/ea/7e/1750077173/1751466_6_5_4_7_65477117da2e1590d7a046e2f6ac6e6c95733e4e_det_m_do_dome_fixpro_s.jpg.jpg?width=3000"",""has_quantity_discount"":false,""scraped_at"":""2026-07-04T10:00:23.556Z""}"
Krannich Solar;1733707;1733707;Dome Mat S 380;Elastická protiskluzová ochranná podložka z EPDM;Konstrukce;K2 Systems;63.54;21;ks;https://shop.krannich-solar.com/cs-cz/Dome-Mat-S-380/1733707;982 ks na skladě, možné naskladnění: 13.07.2026;"{""categories"":[""Konstrukce""],""price_raw"":""63,54 Kč*"",""price_per_wp_raw"":"""",""price_per_wp_czk_without_vat"":null,""properties"":{},""image_url"":""https://cdn.shop.krannich-solar.com/media/32/6f/3c/1750077936/1733707_b_1_1_3_b113caf72dbd685c4f8bd71513c8167fe22a5d4b_det_m_ac_mat_s_support_pad.jpg.jpg?width=3000"",""has_quantity_discount"":false,""scraped_at"":""2026-07-04T10:00:04.097Z""}"
Krannich Solar;1729555;1729555;Dome Mat V;Elastická protiskluzová ochranná podložka z EPDM;Konstrukce;K2 Systems;58.2;21;ks;https://shop.krannich-solar.com/cs-cz/Dome-Mat-V/1729555;57 ks na skladě, poslední kusy;"{""categories"":[""Konstrukce""],""price_raw"":""58,20 Kč*"",""price_per_wp_raw"":"""",""price_per_wp_czk_without_vat"":null,""properties"":{},""image_url"":""https://cdn.shop.krannich-solar.com/media/95/70/81/1750077796/1729555_d_0_2_e_d02e0042e904af03a22a8ed7b8aec607d23e8658_det_dome_v_mat_v_2002849.jpg.jpg?width=3000"",""has_quantity_discount"":false,""scraped_at"":""2026-07-04T10:00:21.239Z""}"
Krannich Solar;1750592;1750592;DOME PORTER FLEX (-> lišta);;Konstrukce;K2 Systems;297.06;21;ks;https://shop.krannich-solar.com/cs-cz/DOME-PORTER-FLEX-lista/1750592;0 ks na skladě, možné naskladnění: 13.07.2026;"{""categories"":[""Konstrukce""],""price_raw"":""297,06 Kč*"",""price_per_wp_raw"":"""",""price_per_wp_czk_without_vat"":null,""properties"":{},""image_url"":""https://cdn.shop.krannich-solar.com/media/7f/a9/db/1761032237/1750592_3_e_6_9_3e6910b17482fa5e423b0493c5765cec0cf860b6_det_m_rk2_dome_porter_flex_2004157.png.png?width=3000"",""has_quantity_discount"":false,""scraped_at"":""2026-07-04T10:00:35.470Z""}"
Krannich Solar;1744788;1744788;Dome Porter X-tra long;;Konstrukce;K2 Systems;519.44;21;ks;https://shop.krannich-solar.com/cs-cz/Dome-Porter-X-tra-long/1744788;14 ks na skladě, možné naskladnění: 05.08.2026;"{""categories"":[""Konstrukce""],""price_raw"":""519,44 Kč*"",""price_per_wp_raw"":"""",""price_per_wp_czk_without_vat"":null,""properties"":{},""image_url"":""https://cdn.shop.krannich-solar.com/media/6f/ab/c0/1761034019/1744788_7_c_2_b_7c2b8cd542557ff0da06e86723e7086b43c394d3_det_m_rk2_dome_porter_extra_long_2004098.png.png?width=3000"",""has_quantity_discount"":false,""scraped_at"":""2026-07-04T10:00:30.749Z""}"
Krannich Solar;1744836;1744836;Dome Speed Spacer large (-> kolejnice);;Konstrukce;K2 Systems;689.91;21;ks;https://shop.krannich-solar.com/cs-cz/Dome-Speed-Spacer-large-kolejnice/1744836;80 ks na skladě, možné naskladnění: 05.08.2026;"{""categories"":[""Konstrukce""],""price_raw"":""689,91 Kč*"",""price_per_wp_raw"":"""",""price_per_wp_czk_without_vat"":null,""properties"":{},""image_url"":""https://cdn.shop.krannich-solar.com/media/89/89/44/1750078009/1744836_2_c_c_2_2cc2d671974b947986b2375d9007d60f1af683d7_Dome_Speed_Spacer.jpg.jpg?width=3000"",""has_quantity_discount"":false,""scraped_at"":""2026-07-04T10:00:21.238Z""}"
Krannich Solar;1762765;1762765;DomeClamp EC Black Set 30-50;Dome koncová úchytka 30 - 50 mm, černá;Konstrukce;K2 Systems;41.71;21;ks;https://shop.krannich-solar.com/cs-cz/DomeClamp-EC-Black-Set-30-50/1762765;337 ks na skladě, možné naskladnění: 13.07.2026;"{""categories"":[""Konstrukce""],""price_raw"":""41,71 Kč*"",""price_per_wp_raw"":"""",""price_per_wp_czk_without_vat"":null,""properties"":{},""image_url"":""https://cdn.shop.krannich-solar.com/media/eb/95/40/1765513834/1762765_c_b_d_8_cbd898ad2dafd85b7ae336e0bbf097abb7d70b44_det_m_ec_domeclamp_black_set_30_50.png.png?width=3000"",""has_quantity_discount"":false,""scraped_at"":""2026-07-04T10:00:09.006Z""}"
Krannich Solar;1762294;1762294;DomeClamp EC Set 30-50;Dome koncová úchytka 30 - 50 mm;Konstrukce;K2 Systems;34.44;21;ks;https://shop.krannich-solar.com/cs-cz/DomeClamp-EC-Set-30-50/1762294;1982 ks na skladě, možné naskladnění: 13.07.2026;"{""categories"":[""Konstrukce""],""price_raw"":""34,44 Kč*"",""price_per_wp_raw"":"""",""price_per_wp_czk_without_vat"":null,""properties"":{},""image_url"":""https://cdn.shop.krannich-solar.com/media/a2/b4/c5/1765513833/1762294_8_2_1_c_821c822ee181e6cbcc13c9ff19e6901e549c0167_det_m_ec_domeclamp_set_30_50.png.png?width=3000"",""has_quantity_discount"":false,""scraped_at"":""2026-07-04T10:00:04.096Z""}"
Krannich Solar;1727832;1727832;DomeClamp MC Black Set 30-50;Dome středová úchytka 30 - 50 mm, černá;Konstrukce;K2 Systems;41.71;21;ks;https://shop.krannich-solar.com/cs-cz/DomeClamp-MC-Black-Set-30-50/1727832;687 ks na skladě, možné naskladnění: 13.07.2026;"{""categories"":[""Konstrukce""],""price_raw"":""41,71 Kč*"",""price_per_wp_raw"":"""",""price_per_wp_czk_without_vat"":null,""properties"":{},""image_url"":""https://cdn.shop.krannich-solar.com/media/fb/c7/a0/1750077379/1727832_4_b_8_e_4b8ead53119b132a01635aec84a1564bb73eaff3_det_m_mc_set_domeclamp_30_50mm_black_universal.jpg.jpg?width=3000"",""has_quantity_discount"":false,""scraped_at"":""2026-07-04T10:00:06.620Z""}"
Krannich Solar;1727747;1727747;DomeClamp MC Set 30-50;Dome středová úchytka 30 - 50 mm;Konstrukce;K2 Systems;34.44;21;ks;https://shop.krannich-solar.com/cs-cz/DomeClamp-MC-Set-30-50/1727747;184 ks na skladě, možné naskladnění: 13.07.2026;"{""categories"":[""Konstrukce""],""price_raw"":""34,44 Kč*"",""price_per_wp_raw"":"""",""price_per_wp_czk_without_vat"":null,""properties"":{},""image_url"":""https://cdn.shop.krannich-solar.com/media/04/22/30/1750077377/1727747_f_c_6_2_fc624911f2fc66604b278dca2daafe77391ffa5d_det_m_mc_set_domeclamp_30_50mm_silver_universal.jpg.jpg?width=3000"",""has_quantity_discount"":false,""scraped_at"":""2026-07-04T10:00:13.918Z""}"
Krannich Solar;1726926;1726926;Double standing seam clamp SolidRail;Úchytka na falcovaný plech;Konstrukce;K2 Systems;61.84;21;ks;https://shop.krannich-solar.com/cs-cz/Double-standing-seam-clamp-SolidRail/1726926;100 ks na skladě, možné naskladnění: 13.07.2026;"{""categories"":[""Konstrukce""],""price_raw"":""61,84 Kč*"",""price_per_wp_raw"":"""",""price_per_wp_czk_without_vat"":null,""properties"":{},""image_url"":""https://cdn.shop.krannich-solar.com/media/fe/c2/08/1750077327/1726926_4_9_4_3_4943c3f155d013b75d8a7efdc67c25ebbd913fab_det_m_rf_ss_m10_a2_round_hole.jpg.jpg?width=3000"",""has_quantity_discount"":false,""scraped_at"":""2026-07-04T10:00:18.765Z""}"
Krannich Solar;1718509;1718509;EC SET AL STANDARD 34-36 SS PA;Koncová úchytka pro výšku rámu panelu 34 - 36 mm;Konstrukce;K2 Systems;27.4;21;ks;https://shop.krannich-solar.com/cs-cz/EC-SET-AL-STANDARD-34-36-SS-PA/1718509;3498 ks na skladě, poslední kusy;"{""categories"":[""Konstrukce""],""price_raw"":""27,40 Kč*"",""price_per_wp_raw"":"""",""price_per_wp_czk_without_vat"":null,""properties"":{},""image_url"":""https://cdn.shop.krannich-solar.com/media/46/98/a4/1750078015/1718509_7_d_4_1_7d41f5b6e9a0f5c59815524c0e26157b99281191_det_m_ec_set_al_standard_34_36_ss_pa.jpg.jpg?width=3000"",""has_quantity_discount"":false,""scraped_at"":""2026-07-04T10:00:01.714Z""}"
Krannich Solar;1718590;1718590;ECL OMEGA D;klip OMEGA D pro solární kabel;Konstrukce;K2 Systems;2.91;21;ks;https://shop.krannich-solar.com/cs-cz/ECL-OMEGA-D/1718590;517 ks na skladě, možné naskladnění: 05.08.2026;"{""categories"":[""Konstrukce""],""price_raw"":""2,91 Kč*"",""price_per_wp_raw"":"""",""price_per_wp_czk_without_vat"":null,""properties"":{},""image_url"":""https://cdn.shop.krannich-solar.com/media/b7/84/7a/1750078008/1718590_2_f_8_1_2f81a8506e8997b238f4a9a06c63cb96f282f13d_det_m_ac_ecl_omega_d.jpg.jpg?width=3000"",""has_quantity_discount"":false,""scraped_at"":""2026-07-04T10:00:09.005Z""}"
Krannich Solar;1718159;1718159;END CAP RK2A;Záslepka pro K2 SolidRail Alpin;Konstrukce;K2 Systems;16.98;21;ks;https://shop.krannich-solar.com/cs-cz/END-CAP-RK2A/1718159;4 ks na skladě, možné naskladnění: 05.08.2026;"{""categories"":[""Konstrukce""],""price_raw"":""16,98 Kč*"",""price_per_wp_raw"":"""",""price_per_wp_czk_without_vat"":null,""properties"":{},""image_url"":""https://cdn.shop.krannich-solar.com/media/45/25/8c/1750078005/1718159_7_0_7_4_7074ffbf978a8a4d20fdafadde12d7c230345566_det_m_ac_end_cap_rk2a.jpg.jpg?width=3000"",""has_quantity_discount"":false,""scraped_at"":""2026-07-04T10:00:33.083Z""}"
Krannich Solar;1718160;1718160;END CAP RK2CR36 / SingleRail;Záslepka pro K2 CrossRail 36/160 a SingleRail;Konstrukce;K2 Systems;8.73;21;ks;https://shop.krannich-solar.com/cs-cz/END-CAP-RK2CR36-SingleRail/1718160;277 ks na skladě, možné naskladnění: 13.07.2026;"{""categories"":[""Konstrukce""],""price_raw"":""8,73 Kč*"",""price_per_wp_raw"":"""",""price_per_wp_czk_without_vat"":null,""properties"":{},""image_url"":""https://cdn.shop.krannich-solar.com/media/70/9c/70/1761032241/1718160_c_c_5_b_cc5b2be61d5fe1db7cd7e2af568bef9f8621c759_det_m_ac_k2_end_cap_rk1cr36_1004767.png.png?width=3000"",""has_quantity_discount"":false,""scraped_at"":""2026-07-04T10:00:11.504Z""}"
Krannich Solar;1718162;1718162;END CAP RK2L;Záslepka pro K2 SolidRail Light;Konstrukce;K2 Systems;8.73;21;ks;https://shop.krannich-solar.com/cs-cz/END-CAP-RK2L/1718162;481 ks na skladě, možné naskladnění: 13.07.2026;"{""categories"":[""Konstrukce""],""price_raw"":""8,73 Kč*"",""price_per_wp_raw"":"""",""price_per_wp_czk_without_vat"":null,""properties"":{},""image_url"":""https://cdn.shop.krannich-solar.com/media/04/3a/3d/1750078005/1718162_9_0_2_0_9020741adeb85ed8e0871f5097be33b2e8f6b848_det_m_ac_end_cap_rk2l.jpg.jpg?width=3000"",""has_quantity_discount"":false,""scraped_at"":""2026-07-04T10:00:09.005Z""}"
Krannich Solar;1718163;1718163;END CAP RK2M;Záslepka pro K2 SolidRail Medium;Konstrukce;K2 Systems;9.22;21;ks;https://shop.krannich-solar.com/cs-cz/END-CAP-RK2M/1718163;223 ks na skladě, možné naskladnění: 05.08.2026;"{""categories"":[""Konstrukce""],""price_raw"":""9,22 Kč*"",""price_per_wp_raw"":"""",""price_per_wp_czk_without_vat"":null,""properties"":{},""image_url"":""https://cdn.shop.krannich-solar.com/media/58/14/6b/1750078008/1718163_8_2_6_5_82653c729cfcd3d4683d4d1d03a10916c1289d42_det_m_ac_end_cap_rk2m.jpg.jpg?width=3000"",""has_quantity_discount"":false,""scraped_at"":""2026-07-04T10:00:11.505Z""}"
Krannich Solar;1713860;1713860;EPDM BAND 30x3;EPDM těsnící páska 30x3 mm, role á 10 m;Konstrukce;K2 Systems;98.46;21;role;https://shop.krannich-solar.com/cs-cz/EPDM-BAND-30x3/1713860;11 ks na skladě, možné naskladnění: 05.08.2026;"{""categories"":[""Konstrukce""],""price_raw"":""98,46 Kč*"",""price_per_wp_raw"":"""",""price_per_wp_czk_without_vat"":null,""properties"":{},""image_url"":""https://cdn.shop.krannich-solar.com/media/94/c1/64/1750077430/1713860_0_2_3_f_023fe5cb8157c45680ef87e87e43b322abdc676b_det_m_ac_epdm_band_30x3.jpg.jpg?width=3000"",""has_quantity_discount"":false,""scraped_at"":""2026-07-04T10:00:30.749Z""}"
Krannich Solar;1756082;1756082;Eternit solar sealing plate SVZ 250x380;;Konstrukce;K2 Systems;172.18;21;ks;https://shop.krannich-solar.com/cs-cz/Eternit-solar-sealing-plate-SVZ-250x380/1756082;0 ks na skladě, možné naskladnění: 05.08.2026;"{""categories"":[""Konstrukce""],""price_raw"":""172,18 Kč*"",""price_per_wp_raw"":"""",""price_per_wp_czk_without_vat"":null,""properties"":{},""image_url"":""https://cdn.shop.krannich-solar.com/media/33/29/c0/1750077427/1756082_c_7_0_c_c70c85e64a8b50c71861d58a2d5b728f6df903f2_det_m_mrt_eternet_solar_sealing_plate_svz_250x380.png.png?width=3000"",""has_quantity_discount"":false,""scraped_at"":""2026-07-04T10:02:48.385Z""}"
Krannich Solar;1756379;1756379;Facade Module Support;;Konstrukce;K2 Systems;15.52;21;ks;https://shop.krannich-solar.com/cs-cz/Facade-Module-Support/1756379;19 ks na skladě, možné naskladnění: 05.08.2026;"{""categories"":[""Konstrukce""],""price_raw"":""15,52 Kč*"",""price_per_wp_raw"":"""",""price_per_wp_czk_without_vat"":null,""properties"":{},""image_url"":""https://cdn.shop.krannich-solar.com/media/6b/32/31/1776265371/1756379_b_8_5_9_b85923d6e406edb5604c38adace0ae598da19e56_det_m_i_facade_module_support.png.png?width=3000"",""has_quantity_discount"":false,""scraped_at"":""2026-07-04T10:00:28.308Z""}"
Krannich Solar;1761558;1761558;FacadeClamp MC Black 25-40 Set;Fasádní středová úchytka 25-40 mm, černá;Konstrukce;K2 Systems;61.6;21;ks;https://shop.krannich-solar.com/cs-cz/FacadeClamp-MC-Black-25-40-Set/1761558;60 ks na skladě, možné naskladnění: 05.08.2026;"{""categories"":[""Konstrukce""],""price_raw"":""61,60 Kč*"",""price_per_wp_raw"":"""",""price_per_wp_czk_without_vat"":null,""properties"":{},""image_url"":""https://cdn.shop.krannich-solar.com/media/0a/26/5e/1759397789/1761558_d_b_9_2_db92eaf758633dd81ce61223c72f67ae61127bdc_det_m_i_mc_facade_clamp_black_25_40_set.png.png?width=3000"",""has_quantity_discount"":false,""scraped_at"":""2026-07-04T10:00:21.239Z""}"
Krannich Solar;1756383;1756383;FacadeRail 4,00;;Konstrukce;K2 Systems;757.33;21;ks;https://shop.krannich-solar.com/cs-cz/FacadeRail-4-00/1756383;40 ks na skladě, možné naskladnění: 05.08.2026;"{""categories"":[""Konstrukce""],""price_raw"":""757,33 Kč*"",""price_per_wp_raw"":"""",""price_per_wp_czk_without_vat"":null,""properties"":{},""image_url"":""https://cdn.shop.krannich-solar.com/media/38/90/d5/1750077453/1756383_5_1_4_d_514d0cb4a90684e3955102e15724fc1b983c8aae_det_m_i_facaderail.png.png?width=3000"",""has_quantity_discount"":false,""scraped_at"":""2026-07-04T10:00:23.555Z""}"
Krannich Solar;1762796;1762796;FlexAdapter;;Konstrukce;K2 Systems;31.53;21;ks;https://shop.krannich-solar.com/cs-cz/FlexAdapter/1762796;20 ks na skladě, možné naskladnění: 05.08.2026;"{""categories"":[""Konstrukce""],""price_raw"":""31,53 Kč*"",""price_per_wp_raw"":"""",""price_per_wp_czk_without_vat"":null,""properties"":{},""image_url"":""https://cdn.shop.krannich-solar.com/media/0d/d9/6e/1771600032/1762796_4_6_8_3_4683b349811dd9757e67940d16bbcc28901c3b8e_det_m_ac_flexadapter.png.png?width=3000"",""has_quantity_discount"":false,""scraped_at"":""2026-07-04T10:00:28.307Z""}"
Krannich Solar;1728101;1728101;GMS A-Rack 15/20/25° 0.8kN/m²;Kompletní sada systému A-Rack pro 16 modulů;Konstrukce;K2 Systems;23975.01;21;ks;https://shop.krannich-solar.com/cs-cz/GMS-A-Rack-15-20-250-0.8kN-m2/1728101;0 ks na skladě, možné naskladnění: 05.08.2026;"{""categories"":[""Konstrukce""],""price_raw"":""23 975,01 Kč*"",""price_per_wp_raw"":"""",""price_per_wp_czk_without_vat"":null,""properties"":{},""image_url"":""https://cdn.shop.krannich-solar.com/media/de/79/dd/1750077413/1728101_e_5_5_c_e55c78954b67e4885410108e44b814619ff9c368_det_m_pr_gms_a_rack_0.8kn_m.jpg.jpg?width=3000"",""has_quantity_discount"":false,""scraped_at"":""2026-07-04T10:02:58.217Z""}"
Krannich Solar;1729247;1729247;GMS A-Rack 15/20/25° 1.3kN/m²;A-Rack System kompletní set pro 16 modulu;Konstrukce;K2 Systems;29074.05;21;ks;https://shop.krannich-solar.com/cs-cz/GMS-A-Rack-15-20-250-1.3kN-m2/1729247;0 ks na skladě, možné naskladnění: 05.08.2026;"{""categories"":[""Konstrukce""],""price_raw"":""29 074,05 Kč*"",""price_per_wp_raw"":"""",""price_per_wp_czk_without_vat"":null,""properties"":{},""image_url"":""https://cdn.shop.krannich-solar.com/media/29/62/bd/1750077731/1729247_1_a_e_e_1aee150e6131a19e3dc1256f06c170a4232eb15c_det_m_pr_gms_a_rack_15_20_25_1.3kn_m.jpg.jpg?width=3000"",""has_quantity_discount"":false,""scraped_at"":""2026-07-04T10:03:02.774Z""}"
Krannich Solar;1741560;1741560;GMS P-Rack 15/20/25° 0.8kN/m²;P-Rack System - Kompletní set;Konstrukce;K2 Systems;26762.06;21;ks;https://shop.krannich-solar.com/cs-cz/GMS-P-Rack-15-20-250-0.8kN-m2/1741560;0 ks na skladě, možné naskladnění: 05.08.2026;"{""categories"":[""Konstrukce""],""price_raw"":""26 762,06 Kč*"",""price_per_wp_raw"":"""",""price_per_wp_czk_without_vat"":null,""properties"":{},""image_url"":""https://cdn.shop.krannich-solar.com/media/a3/34/7f/1750077415/1741560_2_3_6_9_23694f6b13f86a5af99cbd9500a0df2eb3d382e4_1741560.jpg.jpg?width=3000"",""has_quantity_discount"":false,""scraped_at"":""2026-07-04T10:03:00.651Z""}"
Krannich Solar;1756272;1756272;GreenRoof Beam 1000;;Konstrukce;K2 Systems;222.37;21;ks;https://shop.krannich-solar.com/cs-cz/GreenRoof-Beam-1000/1756272;20 ks na skladě, možné naskladnění: 05.08.2026;"{""categories"":[""Konstrukce""],""price_raw"":""222,37 Kč*"",""price_per_wp_raw"":"""",""price_per_wp_czk_without_vat"":null,""properties"":{},""image_url"":""https://cdn.shop.krannich-solar.com/media/fd/97/00/1750077438/1756272_4_e_f_d_4efdc907a9f366b0f324bfda7e7eabf8a0d46483_det_m_gr_beam.png.png?width=3000"",""has_quantity_discount"":false,""scraped_at"":""2026-07-04T10:00:28.308Z""}"
Krannich Solar;1756273;1756273;GreenRoof Beam 1600;;Konstrukce;K2 Systems;326.89;21;ks;https://shop.krannich-solar.com/cs-cz/GreenRoof-Beam-1600/1756273;20 ks na skladě, možné naskladnění: 05.08.2026;"{""categories"":[""Konstrukce""],""price_raw"":""326,89 Kč*"",""price_per_wp_raw"":"""",""price_per_wp_czk_without_vat"":null,""properties"":{},""image_url"":""https://cdn.shop.krannich-solar.com/media/e5/f0/d3/1754028387/1756273_4_e_f_d_4efdc907a9f366b0f324bfda7e7eabf8a0d46483_det_m_gr_beam.png.png?width=3000"",""has_quantity_discount"":false,""scraped_at"":""2026-07-04T10:00:28.307Z""}"
Krannich Solar;1756278;1756278;GreenRoof Brace 1384.5;;Konstrukce;K2 Systems;181.15;21;ks;https://shop.krannich-solar.com/cs-cz/GreenRoof-Brace-1384.5/1756278;0 ks na skladě, možné naskladnění: 05.08.2026;"{""categories"":[""Konstrukce""],""price_raw"":""181,15 Kč*"",""price_per_wp_raw"":"""",""price_per_wp_czk_without_vat"":null,""properties"":{},""image_url"":""https://cdn.shop.krannich-solar.com/media/35/28/e7/1754028388/1756278_1_9_9_4_1994d6ffd6a54d833d43b49469cdf5a3429dbaeb_det_m_gr_brace.png.png?width=3000"",""has_quantity_discount"":false,""scraped_at"":""2026-07-04T10:02:48.385Z""}"
Krannich Solar;1756274;1756274;GreenRoof Brace 332;;Konstrukce;K2 Systems;43.41;21;ks;https://shop.krannich-solar.com/cs-cz/GreenRoof-Brace-332/1756274;39 ks na skladě, možné naskladnění: 05.08.2026;"{""categories"":[""Konstrukce""],""price_raw"":""43,41 Kč*"",""price_per_wp_raw"":"""",""price_per_wp_czk_without_vat"":null,""properties"":{},""image_url"":""https://cdn.shop.krannich-solar.com/media/0b/f7/85/1750077445/1756274_1_9_9_4_1994d6ffd6a54d833d43b49469cdf5a3429dbaeb_det_m_gr_brace.png.png?width=3000"",""has_quantity_discount"":false,""scraped_at"":""2026-07-04T10:00:23.556Z""}"
Krannich Solar;1756275;1756275;GreenRoof Brace 480;;Konstrukce;K2 Systems;62.81;21;ks;https://shop.krannich-solar.com/cs-cz/GreenRoof-Brace-480/1756275;20 ks na skladě, možné naskladnění: 05.08.2026;"{""categories"":[""Konstrukce""],""price_raw"":""62,81 Kč*"",""price_per_wp_raw"":"""",""price_per_wp_czk_without_vat"":null,""properties"":{},""image_url"":""https://cdn.shop.krannich-solar.com/media/7d/30/fb/1750077447/1756275_1_9_9_4_1994d6ffd6a54d833d43b49469cdf5a3429dbaeb_det_m_gr_brace.png.png?width=3000"",""has_quantity_discount"":false,""scraped_at"":""2026-07-04T10:00:28.308Z""}"
Krannich Solar;1756509;1756509;GreenRoof Brace 558;;Konstrukce;K2 Systems;72.99;21;ks;https://shop.krannich-solar.com/cs-cz/GreenRoof-Brace-558/1756509;20 ks na skladě, možné naskladnění: 05.08.2026;"{""categories"":[""Konstrukce""],""price_raw"":""72,99 Kč*"",""price_per_wp_raw"":"""",""price_per_wp_czk_without_vat"":null,""properties"":{},""image_url"":""https://cdn.shop.krannich-solar.com/media/a7/6c/a1/1758274612/1756509_1_9_9_4_1994d6ffd6a54d833d43b49469cdf5a3429dbaeb_det_m_gr_brace.png.png?width=3000"",""has_quantity_discount"":false,""scraped_at"":""2026-07-04T10:00:28.307Z""}"
Krannich Solar;1756276;1756276;GreenRoof Brace 584;;Konstrukce;K2 Systems;76.39;21;ks;https://shop.krannich-solar.com/cs-cz/GreenRoof-Brace-584/1756276;20 ks na skladě, možné naskladnění: 05.08.2026;"{""categories"":[""Konstrukce""],""price_raw"":""76,39 Kč*"",""price_per_wp_raw"":"""",""price_per_wp_czk_without_vat"":null,""properties"":{},""image_url"":""https://cdn.shop.krannich-solar.com/media/0b/be/64/1762493797/1756276_1_9_9_4_1994d6ffd6a54d833d43b49469cdf5a3429dbaeb_det_m_gr_brace.png.png?width=3000"",""has_quantity_discount"":false,""scraped_at"":""2026-07-04T10:00:28.307Z""}"
Krannich Solar;1756510;1756510;GreenRoof Brace 708;;Konstrukce;K2 Systems;92.64;21;ks;https://shop.krannich-solar.com/cs-cz/GreenRoof-Brace-708/1756510;0 ks na skladě, možné naskladnění: 05.08.2026;"{""categories"":[""Konstrukce""],""price_raw"":""92,64 Kč*"",""price_per_wp_raw"":"""",""price_per_wp_czk_without_vat"":null,""properties"":{},""image_url"":""https://cdn.shop.krannich-solar.com/media/1b/65/11/1754028388/1756510_1_9_9_4_1994d6ffd6a54d833d43b49469cdf5a3429dbaeb_det_m_gr_brace.png.png?width=3000"",""has_quantity_discount"":false,""scraped_at"":""2026-07-04T10:02:48.385Z""}"
Krannich Solar;1756277;1756277;GreenRoof Brace 831.5;;Konstrukce;K2 Systems;108.64;21;ks;https://shop.krannich-solar.com/cs-cz/GreenRoof-Brace-831.5/1756277;29 ks na skladě, možné naskladnění: 05.08.2026;"{""categories"":[""Konstrukce""],""price_raw"":""108,64 Kč*"",""price_per_wp_raw"":"""",""price_per_wp_czk_without_vat"":null,""properties"":{},""image_url"":""https://cdn.shop.krannich-solar.com/media/da/2a/b8/1750077443/1756277_1_9_9_4_1994d6ffd6a54d833d43b49469cdf5a3429dbaeb_det_m_gr_brace.png.png?width=3000"",""has_quantity_discount"":false,""scraped_at"":""2026-07-04T10:00:25.933Z""}"
Krannich Solar;1756279;1756279;GreenRoof Foot;;Konstrukce;K2 Systems;69.6;21;ks;https://shop.krannich-solar.com/cs-cz/GreenRoof-Foot/1756279;200 ks na skladě, možné naskladnění: 05.08.2026;"{""categories"":[""Konstrukce""],""price_raw"":""69,60 Kč*"",""price_per_wp_raw"":"""",""price_per_wp_czk_without_vat"":null,""properties"":{},""image_url"":""https://cdn.shop.krannich-solar.com/media/e7/d9/82/1750077445/1756279_2_9_1_3_291375b1d79ae4ca6b5fe2449f4ef16e524cc144_det_m_gr_foot.png.png?width=3000"",""has_quantity_discount"":false,""scraped_at"":""2026-07-04T10:00:13.918Z""}"
Krannich Solar;1760028;1760028;GreenRoof Vento 10° Long Beam Set;;Konstrukce;K2 Systems;767.27;21;ks;https://shop.krannich-solar.com/cs-cz/GreenRoof-Vento-100-Long-Beam-Set/1760028;0 ks na skladě, možné naskladnění: 05.08.2026;"{""categories"":[""Konstrukce""],""price_raw"":""767,27 Kč*"",""price_per_wp_raw"":"""",""price_per_wp_czk_without_vat"":null,""properties"":{},""image_url"":""https://cdn.shop.krannich-solar.com/media/8e/f4/4e/1771943820/1760028_a_8_8_c_a88c105c7cbcbf3686ec1208fceb4f2d92368a6c_det_m_rk2_greenroof_vento_10___long_beam_set.png.png?width=3000"",""has_quantity_discount"":false,""scraped_at"":""2026-07-04T10:02:43.434Z""}"
Krannich Solar;1760027;1760027;GreenRoof Vento 10° Short Beam Set;;Konstrukce;K2 Systems;616.68;21;ks;https://shop.krannich-solar.com/cs-cz/GreenRoof-Vento-100-Short-Beam-Set/1760027;0 ks na skladě, možné naskladnění: 05.08.2026;"{""categories"":[""Konstrukce""],""price_raw"":""616,68 Kč*"",""price_per_wp_raw"":"""",""price_per_wp_czk_without_vat"":null,""properties"":{},""image_url"":""https://cdn.shop.krannich-solar.com/media/91/f0/d7/1753256240/1760027_f_3_7_c_f37c86b2bf36568d8d6201cb02e5b619781cd858_det_m_rk2_greenroof_vento_10___short_beam_set.png.png?width=3000"",""has_quantity_discount"":false,""scraped_at"":""2026-07-04T10:02:48.384Z""}"
Krannich Solar;1725755;1725755;Height Compensator 4 mm;K2 Ausgleichsblech Grundplatte 4mm;Konstrukce;K2 Systems;41.23;21;ks;https://shop.krannich-solar.com/cs-cz/Height-Compensator-4-mm/1725755;0 ks na skladě, možné naskladnění: 05.08.2026;"{""categories"":[""Konstrukce""],""price_raw"":""41,23 Kč*"",""price_per_wp_raw"":"""",""price_per_wp_czk_without_vat"":null,""properties"":{},""image_url"":""https://cdn.shop.krannich-solar.com/media/e8/68/c3/1750077250/1725755_f_8_c_b_f8cb0a2f87848e6154e13c009869349aafb45f7d_det_m_ac_hc_4mm.jpg.jpg?width=3000"",""has_quantity_discount"":false,""scraped_at"":""2026-07-04T10:02:55.733Z""}"
Krannich Solar;1756562;1756562;Hilti plastic screw anchor HRD-H 10x80;;Konstrukce;K2 Systems;21.1;21;ks;https://shop.krannich-solar.com/cs-cz/Hilti-plastic-screw-anchor-HRD-H-10x80/1756562;0 ks na skladě, možné naskladnění: 05.08.2026;"{""categories"":[""Konstrukce""],""price_raw"":""21,10 Kč*"",""price_per_wp_raw"":"""",""price_per_wp_czk_without_vat"":null,""properties"":{},""image_url"":""https://cdn.shop.krannich-solar.com/media/c3/da/f3/1770995319/1756562_9_c_2_0_9c20ad18a4186105be9e85836b49ad6975d3eb98_det_m_i_plastic_screw_anchor_hdr_h_10x80_mm.png.png?width=3000"",""has_quantity_discount"":false,""scraped_at"":""2026-07-04T10:02:45.848Z""}"
Krannich Solar;1740942;1740942;Inlay for seam clamp;Nerezová vložka pro hliníkové úchytky;Konstrukce;K2 Systems;43.65;21;ks;https://shop.krannich-solar.com/cs-cz/Inlay-for-seam-clamp/1740942;0 ks na skladě, možné naskladnění: 05.08.2026;"{""categories"":[""Konstrukce""],""price_raw"":""43,65 Kč*"",""price_per_wp_raw"":"""",""price_per_wp_czk_without_vat"":null,""properties"":{},""image_url"":""https://cdn.shop.krannich-solar.com/media/ea/a6/7a/1750077587/1740942_7_7_c_e_77ce2943164f2c783296e69b256959191af89cf2_det_m_ac_rf_ss_s5_e_mini_fl_inlay.jpg.jpg?width=3000"",""has_quantity_discount"":false,""scraped_at"":""2026-07-04T10:02:58.218Z""}"
Krannich Solar;1741587;1741587;Insertion Rail konektor;Spojovací vodorovná lišta, lesklý hliník;Konstrukce;K2 Systems;47.29;21;ks;https://shop.krannich-solar.com/cs-cz/Insertion-Rail-konektor/1741587;0 ks na skladě, možné naskladnění: 05.08.2026;"{""categories"":[""Konstrukce""],""price_raw"":""47,29 Kč*"",""price_per_wp_raw"":"""",""price_per_wp_czk_without_vat"":null,""properties"":{},""image_url"":""https://cdn.shop.krannich-solar.com/media/1a/c5/c2/1750077440/1741587_6_a_c_0_6ac01296f555449e13c3b34772245cc8edda4872_det_m_i_insertion_rail_rail_connector_silver.jpg.jpg?width=3000"",""has_quantity_discount"":false,""scraped_at"":""2026-07-04T10:02:43.435Z""}"
Krannich Solar;1741588;1741588;Insertion Rail konektor černě eloxovaný;;Konstrukce;K2 Systems;104.76;21;ks;https://shop.krannich-solar.com/cs-cz/Insertion-Rail-konektor-cerne-eloxovany/1741588;0 ks na skladě, možné naskladnění: 05.08.2026;"{""categories"":[""Konstrukce""],""price_raw"":""104,76 Kč*"",""price_per_wp_raw"":"""",""price_per_wp_czk_without_vat"":null,""properties"":{},""image_url"":""https://cdn.shop.krannich-solar.com/media/48/17/67/1750077432/1741588_d_c_9_3_dc93b3ff714a0186f9f2af191e2070f6664f86ae_det_m_i_insertion_rail_rail_connector_black.jpg.jpg?width=3000"",""has_quantity_discount"":false,""scraped_at"":""2026-07-04T10:02:45.847Z""}"
Krannich Solar;1762570;1762570;"InsertionRail 2.0 - 35; 3.65 m Black";;Konstrukce;K2 Systems;1173.7;21;ks;https://shop.krannich-solar.com/cs-cz/InsertionRail-2.0-35-3.65-m-Black/1762570;20 ks na skladě, možné naskladnění: 05.08.2026;"{""categories"":[""Konstrukce""],""price_raw"":""1 173,70 Kč*"",""price_per_wp_raw"":"""",""price_per_wp_czk_without_vat"":null,""properties"":{},""image_url"":""https://cdn.shop.krannich-solar.com/media/96/4a/70/1771600029/1762570_8_6_a_0_86a0a7baf59268bda1ea41d5a178b62d9a32f3c2_det_m_i_insertionrail_2.0_35_black.png.png?width=3000"",""has_quantity_discount"":false,""scraped_at"":""2026-07-04T10:00:28.307Z""}"
Krannich Solar;1760030;1760030;InsertionRail 2.0 (30) - 3,65 BLACK;;Konstrukce;K2 Systems;1089.55;21;ks;https://shop.krannich-solar.com/cs-cz/InsertionRail-2.0-30-3-65-BLACK/1760030;0 ks na skladě, možné naskladnění: 05.08.2026;"{""categories"":[""Konstrukce""],""price_raw"":""1 089,55 Kč*"",""price_per_wp_raw"":"""",""price_per_wp_czk_without_vat"":null,""properties"":{},""image_url"":""https://cdn.shop.krannich-solar.com/media/4d/b1/34/1779803512/1760030_0_6_6_e_066efdbc39d6d45b6dbaaec4f24097a541273173_det_m_i_insertionrail_2.0_30_black.png.png?width=3000"",""has_quantity_discount"":false,""scraped_at"":""2026-07-04T10:00:35.470Z""}"
Krannich Solar;1756384;1756384;InsertionRail 2.0 (30) - 5,70 BLACK;;Konstrukce;K2 Systems;1701.38;21;ks;https://shop.krannich-solar.com/cs-cz/InsertionRail-2.0-30-5-70-BLACK/1756384;0 ks na skladě, možné naskladnění: 05.08.2026;"{""categories"":[""Konstrukce""],""price_raw"":""1 701,38 Kč*"",""price_per_wp_raw"":"""",""price_per_wp_czk_without_vat"":null,""properties"":{},""image_url"":""https://cdn.shop.krannich-solar.com/media/25/7c/ec/1750077457/1756384_d_3_5_1_d3514f122f6fcf4dfc23866feff799d3e5287081_det_m_i_insertionrail_2.0_30.png.png?width=3000"",""has_quantity_discount"":false,""scraped_at"":""2026-07-04T10:03:00.652Z""}"
Krannich Solar;1756540;1756540;InsertionRail 2.0 (30) - 5,70 m;;Konstrukce;K2 Systems;1132.23;21;ks;https://shop.krannich-solar.com/cs-cz/InsertionRail-2.0-30-5-70-m/1756540;20 ks na skladě, možné naskladnění: 05.08.2026;"{""categories"":[""Konstrukce""],""price_raw"":""1 132,23 Kč*"",""price_per_wp_raw"":"""",""price_per_wp_czk_without_vat"":null,""properties"":{},""image_url"":""https://cdn.shop.krannich-solar.com/media/a3/78/7f/1750077477/1756540_9_0_9_2_9092c598f4fc8e7b236a1408bd46e9e5bc51cade_det_m_i_insertionrail_2.0_30.png.png?width=3000"",""has_quantity_discount"":false,""scraped_at"":""2026-07-04T10:00:28.307Z""}"
Krannich Solar;1756538;1756538;InsertionRail 2.0 (40) - 5,70 BLACK;;Konstrukce;K2 Systems;1803.72;21;ks;https://shop.krannich-solar.com/cs-cz/InsertionRail-2.0-40-5-70-BLACK/1756538;20 ks na skladě, možné naskladnění: 05.08.2026;"{""categories"":[""Konstrukce""],""price_raw"":""1 803,72 Kč*"",""price_per_wp_raw"":"""",""price_per_wp_czk_without_vat"":null,""properties"":{},""image_url"":""https://cdn.shop.krannich-solar.com/media/2f/70/a7/1750077481/1756538_e_3_2_3_e3237247d6ea3c7c46f0046cb76357e400c98dfc_det_m_i_insertionrail_2.0_40_black.png.png?width=3000"",""has_quantity_discount"":false,""scraped_at"":""2026-07-04T10:00:28.307Z""}"
Krannich Solar;1757308;1757308;InsertionRail 2.0 Cover 30 - 2,85 m;Krycí lišta pro InsertionRail 2.0 - 30;Konstrukce;K2 Systems;151.08;21;ks;https://shop.krannich-solar.com/cs-cz/InsertionRail-2.0-Cover-30-2-85-m/1757308;15 ks na skladě, možné naskladnění: 05.08.2026;"{""categories"":[""Konstrukce""],""price_raw"":""151,08 Kč*"",""price_per_wp_raw"":"""",""price_per_wp_czk_without_vat"":null,""properties"":{},""image_url"":""https://cdn.shop.krannich-solar.com/media/88/ff/d2/1754570186/1757308_2_e_0_3_2e033110e9c723ada45e476e2910b06d334a43b0_det_m_rk2_insertionrail_2.0_cover_30_2_85m.png.png?width=3000"",""has_quantity_discount"":false,""scraped_at"":""2026-07-04T10:00:30.748Z""}"
Krannich Solar;1757237;1757237;InsertionRail 2.0 Cover 30 Black 2,85 m;Krycí lišta pro InsertionRail 2.0 - 30;Konstrukce;K2 Systems;332.71;21;ks;https://shop.krannich-solar.com/cs-cz/InsertionRail-2.0-Cover-30-Black-2-85-m/1757237;35 ks na skladě, možné naskladnění: 05.08.2026;"{""categories"":[""Konstrukce""],""price_raw"":""332,71 Kč*"",""price_per_wp_raw"":"""",""price_per_wp_czk_without_vat"":null,""properties"":{},""image_url"":""https://cdn.shop.krannich-solar.com/media/ca/a1/0e/1750077708/1757237_8_a_a_4_8aa43587598fe2d97c2cd3dd692b39888c802776_det_m_rk2_insertionrail_2.0_cover_30_black_2_85m.jpg.jpg?width=3000"",""has_quantity_discount"":false,""scraped_at"":""2026-07-04T10:00:23.556Z""}"
Krannich Solar;1762572;1762572;"InsertionRail 2.0 Cover 35; 3.65 m Black";;Konstrukce;K2 Systems;453.23;21;ks;https://shop.krannich-solar.com/cs-cz/InsertionRail-2.0-Cover-35-3.65-m-Black/1762572;0 ks na skladě, možné naskladnění: 05.08.2026;"{""categories"":[""Konstrukce""],""price_raw"":""453,23 Kč*"",""price_per_wp_raw"":"""",""price_per_wp_czk_without_vat"":null,""properties"":{},""image_url"":""https://cdn.shop.krannich-solar.com/media/7d/2f/9a/1771600029/1762572_f_e_4_9_fe49769c34c59710b60e11375a7bd21a049fe238_det_m_rk2_insertionrail_2.0_cover_40_black.png.png?width=3000"",""has_quantity_discount"":false,""scraped_at"":""2026-07-04T10:02:45.847Z""}"
Krannich Solar;1758728;1758728;"InsertionRail 2.0 Cover 40; 2.85 m Black";Krycí lišta pro InsertionRail 2.0 - 40;Konstrukce;K2 Systems;346.05;21;ks;https://shop.krannich-solar.com/cs-cz/InsertionRail-2.0-Cover-40-2.85-m-Black/1758728;0 ks na skladě, možné naskladnění: 05.08.2026;"{""categories"":[""Konstrukce""],""price_raw"":""346,05 Kč*"",""price_per_wp_raw"":"""",""price_per_wp_czk_without_vat"":null,""properties"":{},""image_url"":""https://cdn.shop.krannich-solar.com/media/3c/9b/44/1779801692/1758728_f_e_4_9_fe49769c34c59710b60e11375a7bd21a049fe238_det_m_rk2_insertionrail_2.0_cover_40_black.png.png?width=3000"",""has_quantity_discount"":false,""scraped_at"":""2026-07-04T10:00:35.470Z""}"
Krannich Solar;1756543;1756543;InsertionRail 2.0 CrossConnector;;Konstrukce;K2 Systems;67.42;21;ks;https://shop.krannich-solar.com/cs-cz/InsertionRail-2.0-CrossConnector/1756543;50 ks na skladě, poslední kusy;"{""categories"":[""Konstrukce""],""price_raw"":""67,42 Kč*"",""price_per_wp_raw"":"""",""price_per_wp_czk_without_vat"":null,""properties"":{},""image_url"":""https://cdn.shop.krannich-solar.com/media/3c/f8/50/1750077481/1756543_9_9_8_5_9985ff6895c953d38744ca161f0d910a723bb0ad_det_m_i_insertionrail_2.0_crossconnector.png.png?width=3000"",""has_quantity_discount"":false,""scraped_at"":""2026-07-04T10:00:23.555Z""}"
Krannich Solar;1756389;1756389;InsertionRail 2.0 CrossConnector BLACK;;Konstrukce;K2 Systems;81;21;ks;https://shop.krannich-solar.com/cs-cz/InsertionRail-2.0-CrossConnector-BLACK/1756389;41 ks na skladě, poslední kusy;"{""categories"":[""Konstrukce""],""price_raw"":""81,00 Kč*"",""price_per_wp_raw"":"""",""price_per_wp_czk_without_vat"":null,""properties"":{},""image_url"":""https://cdn.shop.krannich-solar.com/media/d8/fa/dd/1750077459/1756389_0_1_5_e_015e338bb5921bf434a9525cfee54240ed033efe_det_m_i_insertionrail_2.0_crossconnector_black.png.png?width=3000"",""has_quantity_discount"":false,""scraped_at"":""2026-07-04T10:00:23.555Z""}"
Krannich Solar;1762941;1762941;InsertionRail 2.0 CrossConnector-T-Set;;Konstrukce;K2 Systems;50.44;21;ks;https://shop.krannich-solar.com/cs-cz/InsertionRail-2.0-CrossConnector-T-Set/1762941;0 ks na skladě, možné naskladnění: 13.07.2026;"{""categories"":[""Konstrukce""],""price_raw"":""50,44 Kč*"",""price_per_wp_raw"":"""",""price_per_wp_czk_without_vat"":null,""properties"":{},""image_url"":""https://cdn.shop.krannich-solar.com/media/30/79/c5/1774279349/1762941_f_5_1_e_f51e46b87de57738ea343104a530654d37aeff02_det_m_cc_insertionrail_2.0_crossconnector_t_set.png.png?width=3000"",""has_quantity_discount"":false,""scraped_at"":""2026-07-04T10:00:35.469Z""}"
Krannich Solar;1762942;1762942;InsertionRail 2.0 CrossConnector-T-Set Black;;Konstrukce;K2 Systems;52.87;21;ks;https://shop.krannich-solar.com/cs-cz/InsertionRail-2.0-CrossConnector-T-Set-Black/1762942;222 ks na skladě, možné naskladnění: 05.08.2026;"{""categories"":[""Konstrukce""],""price_raw"":""52,87 Kč*"",""price_per_wp_raw"":"""",""price_per_wp_czk_without_vat"":null,""properties"":{},""image_url"":""https://cdn.shop.krannich-solar.com/media/6c/46/d3/1774279349/1762942_f_d_b_e_fdbedfc29d2f0de75183fd6d13f05868663314ef_det_m_cc_insertionrail_2.0_crossconnector_t_set_black.png.png?width=3000"",""has_quantity_discount"":false,""scraped_at"":""2026-07-04T10:00:11.505Z""}"
Krannich Solar;1756542;1756542;InsertionRail 2.0 EndStop;;Konstrukce;K2 Systems;49.96;21;ks;https://shop.krannich-solar.com/cs-cz/InsertionRail-2.0-EndStop/1756542;20 ks na skladě, možné naskladnění: 05.08.2026;"{""categories"":[""Konstrukce""],""price_raw"":""49,96 Kč*"",""price_per_wp_raw"":"""",""price_per_wp_czk_without_vat"":null,""properties"":{},""image_url"":""https://cdn.shop.krannich-solar.com/media/d0/d2/4e/1754570186/1756542_2_1_7_e_217ee7ac1441b5d0673fe76014e8676731cac8aa_det_m_i_insertionrail_2.0_endstop.png.png?width=3000"",""has_quantity_discount"":false,""scraped_at"":""2026-07-04T10:00:28.307Z""}"
Krannich Solar;1760020;1760020;InsertionRail 2.0 EndStop Black;;Konstrukce;K2 Systems;58.93;21;ks;https://shop.krannich-solar.com/cs-cz/InsertionRail-2.0-EndStop-Black/1760020;80 ks na skladě, možné naskladnění: 05.08.2026;"{""categories"":[""Konstrukce""],""price_raw"":""58,93 Kč*"",""price_per_wp_raw"":"""",""price_per_wp_czk_without_vat"":null,""properties"":{},""image_url"":""https://cdn.shop.krannich-solar.com/media/d5/28/31/1752623994/1760020_9_1_3_1_9131642df33d8ad5a4b11a7e01efd9f67c8bfd98_det_m_i_ec_insertionrail_2.0_endstop_s_black.png.png?width=3000"",""has_quantity_discount"":false,""scraped_at"":""2026-07-04T10:00:21.238Z""}"
Krannich Solar;1760021;1760021;InsertionRail 2.0 EndStop S;;Konstrukce;K2 Systems;49.96;21;ks;https://shop.krannich-solar.com/cs-cz/InsertionRail-2.0-EndStop-S/1760021;32 ks na skladě, možné naskladnění: 05.08.2026;"{""categories"":[""Konstrukce""],""price_raw"":""49,96 Kč*"",""price_per_wp_raw"":"""",""price_per_wp_czk_without_vat"":null,""properties"":{},""image_url"":""https://cdn.shop.krannich-solar.com/media/7e/b6/a9/1770995321/1760021_8_0_9_0_8090c56dd2a7dbab40e2078d8dff04b5aa93ebd8_det_m_i_ec_insertionrail_2.0_endstop_s.png.png?width=3000"",""has_quantity_discount"":false,""scraped_at"":""2026-07-04T10:00:25.932Z""}"
Krannich Solar;1756387;1756387;InsertionRail 2.0 FixStop;;Konstrukce;K2 Systems;14.79;21;ks;https://shop.krannich-solar.com/cs-cz/InsertionRail-2.0-FixStop/1756387;130 ks na skladě, možné naskladnění: 05.08.2026;"{""categories"":[""Konstrukce""],""price_raw"":""14,79 Kč*"",""price_per_wp_raw"":"""",""price_per_wp_czk_without_vat"":null,""properties"":{},""image_url"":""https://cdn.shop.krannich-solar.com/media/6b/56/d7/1778250111/1756387_c_0_c_d_c0cdea655683f141d1a628386a9be1aa7c288183_det_m_ac_fixstop_2.0.png.png?width=3000"",""has_quantity_discount"":false,""scraped_at"":""2026-07-04T10:00:16.365Z""}"
Krannich Solar;1756386;1756386;InsertionRail 2.0 RailConnector;;Konstrukce;K2 Systems;42.2;21;ks;https://shop.krannich-solar.com/cs-cz/InsertionRail-2.0-RailConnector/1756386;14 ks na skladě, možné naskladnění: 05.08.2026;"{""categories"":[""Konstrukce""],""price_raw"":""42,20 Kč*"",""price_per_wp_raw"":"""",""price_per_wp_czk_without_vat"":null,""properties"":{},""image_url"":""https://cdn.shop.krannich-solar.com/media/94/e4/53/1750077455/1756386_b_5_4_0_b54077b425ad111abdbe9a538ff502c411bf8c3f_det_m_i_insertionrail_2.0_railconnector.png.png?width=3000"",""has_quantity_discount"":false,""scraped_at"":""2026-07-04T10:00:30.749Z""}"
Krannich Solar;1756537;1756537;InsertionRail 2.0 RailConnector Black;;Konstrukce;K2 Systems;51.9;21;ks;https://shop.krannich-solar.com/cs-cz/InsertionRail-2.0-RailConnector-Black/1756537;110 ks na skladě, možné naskladnění: 05.08.2026;"{""categories"":[""Konstrukce""],""price_raw"":""51,90 Kč*"",""price_per_wp_raw"":"""",""price_per_wp_czk_without_vat"":null,""properties"":{},""image_url"":""https://cdn.shop.krannich-solar.com/media/5a/26/2d/1750077473/1756537_2_a_4_5_2a45efb0cac4b7858f79049075e6409566bf661a_2004322_MD01_1920x1920.png.png?width=3000"",""has_quantity_discount"":false,""scraped_at"":""2026-07-04T10:00:18.765Z""}"
Krannich Solar;1743796;1743796;InsertionRail 30 - 5,40;;Konstrukce;K2 Systems;778.43;21;ks;https://shop.krannich-solar.com/cs-cz/InsertionRail-30-5-40/1743796;0 ks na skladě, možné naskladnění: 13.07.2026;"{""categories"":[""Konstrukce""],""price_raw"":""778,43 Kč*"",""price_per_wp_raw"":"""",""price_per_wp_czk_without_vat"":null,""properties"":{},""image_url"":""https://cdn.shop.krannich-solar.com/media/50/1f/92/1750077965/1743796_e_7_4_2_e7423b8f2ecfb7ce52ca366db42edaa05a7932db_det_m_i_insertion_rail.jpg.jpg?width=3000"",""has_quantity_discount"":false,""scraped_at"":""2026-07-04T10:00:35.469Z""}"
Krannich Solar;1743797;1743797;InsertionRail 30 - 5,40 BLACK;;Konstrukce;K2 Systems;1121.32;21;ks;https://shop.krannich-solar.com/cs-cz/InsertionRail-30-5-40-BLACK/1743797;0 ks na skladě, možné naskladnění: 05.08.2026;"{""categories"":[""Konstrukce""],""price_raw"":""1 121,32 Kč*"",""price_per_wp_raw"":"""",""price_per_wp_czk_without_vat"":null,""properties"":{},""image_url"":""https://cdn.shop.krannich-solar.com/media/54/22/b2/1750077967/1743797_d_c_3_c_dc3c88b1e6ac33444bddf0a0ad37401fd064b820_det_m_i_insertion_rail_black.jpg.jpg?width=3000"",""has_quantity_discount"":false,""scraped_at"":""2026-07-04T10:02:43.435Z""}"
Krannich Solar;1751256;1751256;InsertionRail 35 - 5,40;;Konstrukce;K2 Systems;1061.91;21;ks;https://shop.krannich-solar.com/cs-cz/InsertionRail-35-5-40/1751256;0 ks na skladě, možné naskladnění: 05.08.2026;"{""categories"":[""Konstrukce""],""price_raw"":""1 061,91 Kč*"",""price_per_wp_raw"":"""",""price_per_wp_czk_without_vat"":null,""properties"":{},""image_url"":""https://cdn.shop.krannich-solar.com/media/cb/4c/5f/1750077171/1751256_7_8_a_5_78a502d93a268b097b6d0ae692e62fbb2533062a_det_m_i_insertion_rail.jpg.jpg?width=3000"",""has_quantity_discount"":false,""scraped_at"":""2026-07-04T10:02:43.435Z""}"
Krannich Solar;1751257;1751257;InsertionRail 35 - 5,40 BLACK;;Konstrukce;K2 Systems;1618.93;21;ks;https://shop.krannich-solar.com/cs-cz/InsertionRail-35-5-40-BLACK/1751257;0 ks na skladě, možné naskladnění: 05.08.2026;"{""categories"":[""Konstrukce""],""price_raw"":""1 618,93 Kč*"",""price_per_wp_raw"":"""",""price_per_wp_czk_without_vat"":null,""properties"":{},""image_url"":""https://cdn.shop.krannich-solar.com/media/ed/35/5e/1750077173/1751257_7_4_4_5_744560f0af0c0bb0f84d7634993b6e9fae367bf0_det_m_rk2_insertion_rail_black.jpg.jpg?width=3000"",""has_quantity_discount"":false,""scraped_at"":""2026-07-04T10:02:45.847Z""}"
Krannich Solar;1756477;1756477;K2 Buddy - BaseBox Set;;Konstrukce;K2 Systems;2174.98;21;ks;https://shop.krannich-solar.com/cs-cz/K2-Buddy-BaseBox-Set/1756477;3 ks na skladě, možné naskladnění: 05.08.2026;"{""categories"":[""Konstrukce""],""price_raw"":""2 174,98 Kč*"",""price_per_wp_raw"":"""",""price_per_wp_czk_without_vat"":null,""properties"":{},""image_url"":""https://cdn.shop.krannich-solar.com/media/e7/f7/e7/1750077472/1756477_a_1_b_0_a1b00c339d53e852198aaf93d750e401c7031da1_det_m_ac_k2_buddy_basebox__set.png.png?width=3000"",""has_quantity_discount"":false,""scraped_at"":""2026-07-04T10:00:33.084Z""}"
Krannich Solar;1756481;1756481;K2 Buddy - Dome accessories Set;;Konstrukce;K2 Systems;2282.65;21;ks;https://shop.krannich-solar.com/cs-cz/K2-Buddy-Dome-accessories-Set/1756481;4 ks na skladě, možné naskladnění: 05.08.2026;"{""categories"":[""Konstrukce""],""price_raw"":""2 282,65 Kč*"",""price_per_wp_raw"":"""",""price_per_wp_czk_without_vat"":null,""properties"":{},""image_url"":""https://cdn.shop.krannich-solar.com/media/91/be/93/1750077463/1756481_2_c_6_6_2c669f20c3847f8fafaf21376dc0c1d0ec53b726_det_m_ac_k2_buddy_dome_accessories_set.png.png?width=3000"",""has_quantity_discount"":false,""scraped_at"":""2026-07-04T10:00:33.084Z""}"
Krannich Solar;1756482;1756482;K2 Buddy - Dome Profile Set 30 mm;;Konstrukce;K2 Systems;615.47;21;ks;https://shop.krannich-solar.com/cs-cz/K2-Buddy-Dome-Profile-Set-30-mm/1756482;4 ks na skladě, možné naskladnění: 05.08.2026;"{""categories"":[""Konstrukce""],""price_raw"":""615,47 Kč*"",""price_per_wp_raw"":"""",""price_per_wp_czk_without_vat"":null,""properties"":{},""image_url"":""https://cdn.shop.krannich-solar.com/media/41/7f/f9/1750077466/1756482_d_2_2_6_d22612523f578a5a8bb3a3b385778af5757be4ca_det_m_ac_k2_buddy_dome_profile_set_30mm.png.png?width=3000"",""has_quantity_discount"":false,""scraped_at"":""2026-07-04T10:00:33.083Z""}"
Krannich Solar;1758969;1758969;K2 Buddy - Dome Profile Set 31-35 mm;;Konstrukce;K2 Systems;615.47;21;ks;https://shop.krannich-solar.com/cs-cz/K2-Buddy-Dome-Profile-Set-31-35-mm/1758969;1 ks na skladě, možné naskladnění: 05.08.2026;"{""categories"":[""Konstrukce""],""price_raw"":""615,47 Kč*"",""price_per_wp_raw"":"""",""price_per_wp_czk_without_vat"":null,""properties"":{},""image_url"":""https://cdn.shop.krannich-solar.com/media/3c/4c/50/1750077816/1758969_f_e_6_4_fe6473fd9e4b64ef024ea12a1142bcd43fb7e728_det_m_rk2_k2_buddy_dome_profile_set_31_35mm.png.png?width=3000"",""has_quantity_discount"":false,""scraped_at"":""2026-07-04T10:00:33.084Z""}"
Krannich Solar;1758830;1758830;K2 Buddy - EPDM module bracing;;Konstrukce;K2 Systems;139.2;21;ks;https://shop.krannich-solar.com/cs-cz/K2-Buddy-EPDM-module-bracing/1758830;10 ks na skladě, možné naskladnění: 05.08.2026;"{""categories"":[""Konstrukce""],""price_raw"":""139,20 Kč*"",""price_per_wp_raw"":"""",""price_per_wp_czk_without_vat"":null,""properties"":{},""image_url"":""https://cdn.shop.krannich-solar.com/media/84/d5/1a/1750077791/1758830_8_a_e_6_8ae6a60e9e201e1cb597691bad651628b1467031_det_m_ac_k2_buddy_epdm_module_bracing.png.png?width=3000"",""has_quantity_discount"":false,""scraped_at"":""2026-07-04T10:00:30.750Z""}"
Krannich Solar;1756479;1756479;K2 Buddy - TopBox Set Snow;;Konstrukce;K2 Systems;9910.98;21;ks;https://shop.krannich-solar.com/cs-cz/K2-Buddy-TopBox-Set-Snow/1756479;3 ks na skladě, možné naskladnění: 05.08.2026;"{""categories"":[""Konstrukce""],""price_raw"":""9 910,98 Kč*"",""price_per_wp_raw"":"""",""price_per_wp_czk_without_vat"":null,""properties"":{},""image_url"":""https://cdn.shop.krannich-solar.com/media/a3/d2/12/1750077473/1756479_5_e_c_3_5ec3f1818161fd42b3399cd213732e957346fa67_det_m_ac_k2_buddy_topbox_snow_set.png.png?width=3000"",""has_quantity_discount"":false,""scraped_at"":""2026-07-04T10:00:33.084Z""}"
Krannich Solar;1762368;1762368;K2 Clamp EC 25-40;Univerzální koncová úchytka 25 - 40 mm;Konstrukce;K2 Systems;37.35;21;ks;https://shop.krannich-solar.com/cs-cz/K2-Clamp-EC-25-40/1762368;1470 ks na skladě, možné naskladnění: 05.08.2026;"{""categories"":[""Konstrukce""],""price_raw"":""37,35 Kč*"",""price_per_wp_raw"":"""",""price_per_wp_czk_without_vat"":null,""properties"":{},""image_url"":""https://cdn.shop.krannich-solar.com/media/51/11/9d/1771589222/1762368_c_9_6_6_c96620f449761613196f27bc6a5555e0954a1333_det_m_ec_k2_clamp_2004543.png.png?width=3000"",""has_quantity_discount"":false,""scraped_at"":""2026-07-04T10:00:04.097Z""}"
Krannich Solar;1758710;1758710;K2 Clamp EC 25-40, Black;Univerzální koncová úchytka 25 - 40 mm, černá;Konstrukce;K2 Systems;45.11;21;ks;https://shop.krannich-solar.com/cs-cz/K2-Clamp-EC-25-40-Black/1758710;5143 ks na skladě, možné naskladnění: 05.08.2026;"{""categories"":[""Konstrukce""],""price_raw"":""45,11 Kč*"",""price_per_wp_raw"":"""",""price_per_wp_czk_without_vat"":null,""properties"":{},""image_url"":""https://cdn.shop.krannich-solar.com/media/84/6d/8e/1761035811/1758710_f_4_2_6_f4261a881e5b581f88604fdbc897b4945afe9407_det_m_ec_k2_end_clamp_25_40_black_2004545.png.png?width=3000"",""has_quantity_discount"":false,""scraped_at"":""2026-07-04T10:00:01.714Z""}"
Krannich Solar;1752885;1752885;K2 Clamp MC 25-40;Univerzální středová úchytka 25 - 40 mm;Konstrukce;K2 Systems;37.35;21;ks;https://shop.krannich-solar.com/cs-cz/K2-Clamp-MC-25-40/1752885;1850 ks na skladě, možné naskladnění: 05.08.2026;"{""categories"":[""Konstrukce""],""price_raw"":""37,35 Kč*"",""price_per_wp_raw"":"""",""price_per_wp_czk_without_vat"":null,""properties"":{},""image_url"":""https://cdn.shop.krannich-solar.com/media/82/22/b2/1750077257/1752885_d_f_7_1_df7109b6969e890c94e325066358dee75488a62f_det_m_mc_set_clamp_25_40_silver.jpg.jpg?width=3000"",""has_quantity_discount"":false,""scraped_at"":""2026-07-04T10:00:04.096Z""}"
Krannich Solar;1764458;1764458;K2 Clamp MC 25-40 Black;Univerzální středová úchytka 25 - 40 mm, černá;Konstrukce;K2 Systems;45.11;21;ks;https://shop.krannich-solar.com/cs-cz/K2-Clamp-MC-25-40-Black/1764458;1741 ks na skladě, možné naskladnění: 13.07.2026;"{""categories"":[""Konstrukce""],""price_raw"":""45,11 Kč*"",""price_per_wp_raw"":"""",""price_per_wp_czk_without_vat"":null,""properties"":{},""image_url"":""https://cdn.shop.krannich-solar.com/media/0d/67/e4/1778142132/1764458_f_2_4_9_f2493c2590a02bb4ec465b445284bae25a66bad7_det_m_mc_set_clamp_25_40_black_2004540.png.png?width=3000"",""has_quantity_discount"":false,""scraped_at"":""2026-07-04T10:00:04.097Z""}"
Krannich Solar;1716582;1716582;K2 CrossRail 36 Connector Set;Spojovací set pro K2 CrossRail 36;Konstrukce;K2 Systems;98.94;21;ks;https://shop.krannich-solar.com/cs-cz/K2-CrossRail-36-Connector-Set/1716582;111 ks na skladě, možné naskladnění: 05.08.2026;"{""categories"":[""Konstrukce""],""price_raw"":""98,94 Kč*"",""price_per_wp_raw"":"""",""price_per_wp_czk_without_vat"":null,""properties"":{},""image_url"":""https://cdn.shop.krannich-solar.com/media/d5/ba/61/1750078011/1716582_1_b_1_4_1b1477a158421c1fb27c8a5f356e5c98fed20409_det_f_m_rc_cr_36_160_set.jpg.jpg?width=3000"",""has_quantity_discount"":false,""scraped_at"":""2026-07-04T10:00:18.765Z""}"
Krannich Solar;1716583;1716583;K2 CrossRail 48 Connector Set;Spojovací set pro K2 CrossRail 48/210;Konstrukce;K2 Systems;105.49;21;ks;https://shop.krannich-solar.com/cs-cz/K2-CrossRail-48-Connector-Set/1716583;0 ks na skladě, možné naskladnění: 05.08.2026;"{""categories"":[""Konstrukce""],""price_raw"":""105,49 Kč*"",""price_per_wp_raw"":"""",""price_per_wp_czk_without_vat"":null,""properties"":{},""image_url"":""https://cdn.shop.krannich-solar.com/media/df/87/59/1750077576/1716583_f_6_2_b_f62b618e9e9caa7e6d90579c400dd21c7e69c7ac_det_f_m_rc_cr_48_210_set.jpg.jpg?width=3000"",""has_quantity_discount"":false,""scraped_at"":""2026-07-04T10:02:58.218Z""}"
Krannich Solar;1741590;1741590;Kabelová spona 8 cm;;Konstrukce;K2 Systems;24.49;21;ks;https://shop.krannich-solar.com/cs-cz/Kabelova-spona-8-cm/1741590;0 ks na skladě, možné naskladnění: 05.08.2026;"{""categories"":[""Konstrukce""],""price_raw"":""24,49 Kč*"",""price_per_wp_raw"":"""",""price_per_wp_czk_without_vat"":null,""properties"":{},""image_url"":""https://cdn.shop.krannich-solar.com/media/36/73/9a/1750077438/1741590_c_0_6_7_c0670e850c4c5cba74c31fa104c8aa64f394566f_det_m_i_insertion_rail_cable_clip_8cm.png.png?width=3000"",""has_quantity_discount"":false,""scraped_at"":""2026-07-04T10:02:45.847Z""}"
Krannich Solar;1751584;1751584;Koncová zarážka černě eloxovaná pro Insertion Rail;Vodorovná koncová konzola černá včetně šroubů;Konstrukce;K2 Systems;150.35;21;ks;https://shop.krannich-solar.com/cs-cz/Koncova-zarazka-cerne-eloxovana-pro-Insertion-Rail/1751584;0 ks na skladě, možné naskladnění: 05.08.2026;"{""categories"":[""Konstrukce""],""price_raw"":""150,35 Kč*"",""price_per_wp_raw"":"""",""price_per_wp_czk_without_vat"":null,""properties"":{},""image_url"":""https://cdn.shop.krannich-solar.com/media/3b/5f/6a/1750077432/1751584_e_6_d_a_e6da9ddac640b86876fc91708ec8270a52f500da_det_m_i_ec_insertion_rail_end_stop_black.jpg.jpg?width=3000"",""has_quantity_discount"":false,""scraped_at"":""2026-07-04T10:02:43.435Z""}"
Krannich Solar;1741583;1741583;Koncovka pro inserition rail;Vodorovná koncová konzola;Konstrukce;K2 Systems;95.3;21;ks;https://shop.krannich-solar.com/cs-cz/Koncovka-pro-inserition-rail/1741583;0 ks na skladě, možné naskladnění: 05.08.2026;"{""categories"":[""Konstrukce""],""price_raw"":""95,30 Kč*"",""price_per_wp_raw"":"""",""price_per_wp_czk_without_vat"":null,""properties"":{},""image_url"":""https://cdn.shop.krannich-solar.com/media/94/01/ff/1750077437/1741583_9_c_c_b_9ccbe5d602604e0813ff0afcc63702e0c60b2bd4_det_m_i_ec_insertion_rail_end_stop_silver.jpg.jpg?width=3000"",""has_quantity_discount"":false,""scraped_at"":""2026-07-04T10:02:45.847Z""}"
Krannich Solar;1741585;1741585;Křížový konektor s pojistkou proti otočení;předmontovaný, lesklý hliník;Konstrukce;K2 Systems;120.77;21;ks;https://shop.krannich-solar.com/cs-cz/Krizovy-konektor-s-pojistkou-proti-otoceni/1741585;0 ks na skladě, možné naskladnění: 05.08.2026;"{""categories"":[""Konstrukce""],""price_raw"":""120,77 Kč*"",""price_per_wp_raw"":"""",""price_per_wp_czk_without_vat"":null,""properties"":{},""image_url"":""https://cdn.shop.krannich-solar.com/media/d6/3f/4f/1750077435/1741585_b_8_b_1_b8b13d1fb3663feed6796b845249d88b7a710314_det_m_i_insertion_rail_cross_connector_silver.jpg.jpg?width=3000"",""has_quantity_discount"":false,""scraped_at"":""2026-07-04T10:02:45.847Z""}"
Krannich Solar;1731291;1731291;L-ADAPTER HB M10 SINGLERAIL;zur Montage an Stockschrauben oder Solarbefestiger;Konstrukce;K2 Systems;18.92;21;ks;https://shop.krannich-solar.com/cs-cz/L-ADAPTER-HB-M10-SINGLERAIL/1731291;302 ks na skladě, možné naskladnění: 05.08.2026;"{""categories"":[""Konstrukce""],""price_raw"":""18,92 Kč*"",""price_per_wp_raw"":"""",""price_per_wp_czk_without_vat"":null,""properties"":{},""image_url"":""https://cdn.shop.krannich-solar.com/media/2f/1e/d3/1750077854/1731291_9_1_0_d_910db9a9e362cb402861ec7ac77abfa6b9e66719_1531291___K2_L_Adapter.jpg.jpg?width=3000"",""has_quantity_discount"":false,""scraped_at"":""2026-07-04T10:00:11.503Z""}"
Krannich Solar;1742202;1742202;L-ADAPTER HB M12 SINGLERAIL;Pro montáž na závěsné šrouby nebo upevňovací prvky;Konstrukce;K2 Systems;18.92;21;ks;https://shop.krannich-solar.com/cs-cz/L-ADAPTER-HB-M12-SINGLERAIL/1742202;48 ks na skladě, možné naskladnění: 05.08.2026;"{""categories"":[""Konstrukce""],""price_raw"":""18,92 Kč*"",""price_per_wp_raw"":"""",""price_per_wp_czk_without_vat"":null,""properties"":{},""image_url"":""https://cdn.shop.krannich-solar.com/media/68/55/9e/1750077854/1742202_5_b_f_f_5bffc2de1967f7fa14b9a4ac011a87c9cbf2393e_1742202.jpg.jpg?width=3000"",""has_quantity_discount"":false,""scraped_at"":""2026-07-04T10:00:23.555Z""}"
Krannich Solar;1740795;1740795;LEC AL SC CLICK 5.0 L:100 mm;Úchytka pro bezrámové panely;Konstrukce;K2 Systems;43.89;21;ks;https://shop.krannich-solar.com/cs-cz/LEC-AL-SC-CLICK-5.0-L-100-mm/1740795;0 ks na skladě, možné naskladnění: 05.08.2026;"{""categories"":[""Konstrukce""],""price_raw"":""43,89 Kč*"",""price_per_wp_raw"":"""",""price_per_wp_czk_without_vat"":null,""properties"":{},""image_url"":""https://cdn.shop.krannich-solar.com/media/ac/73/a5/1750173993/1740795_8_9_5_5_895567c1fd713eb8e67693411d279ab4770cc113_det_m_ec_l_al_sc_click_5.0.jpg.jpg?width=3000"",""has_quantity_discount"":false,""scraped_at"":""2026-07-04T10:03:00.651Z""}"
Krannich Solar;1740710;1740710;LEC AL SC Click 5.0, Black L:100 mm;Úchytka pro bezrámové panely, černá;Konstrukce;K2 Systems;76.87;21;ks;https://shop.krannich-solar.com/cs-cz/LEC-AL-SC-Click-5.0-Black-L-100-mm/1740710;0 ks na skladě, možné naskladnění: 05.08.2026;"{""categories"":[""Konstrukce""],""price_raw"":""76,87 Kč*"",""price_per_wp_raw"":"""",""price_per_wp_czk_without_vat"":null,""properties"":{},""image_url"":""https://cdn.shop.krannich-solar.com/media/17/g0/b7/1750173964/1740710_2_6_3_2_26325e071ac26e2bf3d20fe16bd8db632d304fd5_1005646.jpg.jpg?width=3000"",""has_quantity_discount"":false,""scraped_at"":""2026-07-04T10:02:48.385Z""}"
Krannich Solar;1714207;1714207;LEC AL SC CLICK 6.8 L:100 mm;Úchytka pro bezrámové panely;Konstrukce;K2 Systems;54.08;21;ks;https://shop.krannich-solar.com/cs-cz/LEC-AL-SC-CLICK-6.8-L-100-mm/1714207;0 ks na skladě, možné naskladnění: 05.08.2026;"{""categories"":[""Konstrukce""],""price_raw"":""54,08 Kč*"",""price_per_wp_raw"":"""",""price_per_wp_czk_without_vat"":null,""properties"":{},""image_url"":""https://cdn.shop.krannich-solar.com/media/76/5e/9c/1750077715/1714207_1_d_0_f_1d0fd0e5a9c3289e5e1d1ee48cdfbaea85a72ddf_det_m_ec_l_al_sc_click_6.8.jpg.jpg?width=3000"",""has_quantity_discount"":false,""scraped_at"":""2026-07-04T10:02:48.385Z""}"
Krannich Solar;1740794;1740794;LMC AL SC CLICK 5.0 L:100 mm;Úchytka pro bezrámové panely;Konstrukce;K2 Systems;49.71;21;ks;https://shop.krannich-solar.com/cs-cz/LMC-AL-SC-CLICK-5.0-L-100-mm/1740794;0 ks na skladě, možné naskladnění: 05.08.2026;"{""categories"":[""Konstrukce""],""price_raw"":""49,71 Kč*"",""price_per_wp_raw"":"""",""price_per_wp_czk_without_vat"":null,""properties"":{},""image_url"":""https://cdn.shop.krannich-solar.com/media/15/fc/03/1750173989/1740794_5_5_0_b_550b0d674e7b6f06fb8ce484a6f6c88c340763a1_det_m_mc_l_al_sc_click_5.0.jpg.jpg?width=3000"",""has_quantity_discount"":false,""scraped_at"":""2026-07-04T10:02:48.385Z""}"
Krannich Solar;1740711;1740711;LMC AL SC Click 5.0, Black L:100 mm;Úchytka pro bezrámovér panely, černá;Konstrukce;K2 Systems;88.76;21;ks;https://shop.krannich-solar.com/cs-cz/LMC-AL-SC-Click-5.0-Black-L-100-mm/1740711;0 ks na skladě, možné naskladnění: 05.08.2026;"{""categories"":[""Konstrukce""],""price_raw"":""88,76 Kč*"",""price_per_wp_raw"":"""",""price_per_wp_czk_without_vat"":null,""properties"":{},""image_url"":""https://cdn.shop.krannich-solar.com/media/35/2c/e4/1755302233/1740711_1_f_9_6_1f9669dfe604d0280d37b3f755d2b1e0c6b791ff_det_m_mc_l_al_sc_click_black.png.png?width=3000"",""has_quantity_discount"":false,""scraped_at"":""2026-07-04T10:02:53.338Z""}"
Krannich Solar;1714206;1714206;LMC AL SC CLICK 6.8 L:100 mm;Úchytka pro bezrámové panely;Konstrukce;K2 Systems;64.75;21;ks;https://shop.krannich-solar.com/cs-cz/LMC-AL-SC-CLICK-6.8-L-100-mm/1714206;0 ks na skladě, možné naskladnění: 05.08.2026;"{""categories"":[""Konstrukce""],""price_raw"":""64,75 Kč*"",""price_per_wp_raw"":"""",""price_per_wp_czk_without_vat"":null,""properties"":{},""image_url"":""https://cdn.shop.krannich-solar.com/media/f4/15/6a/1750077708/1714206_7_9_e_3_79e3240fa6fceb4fb8e0a48d3e8409eb8c826a2c_det_m_mc_l_al_sc_click_6.8.jpg.jpg?width=3000"",""has_quantity_discount"":false,""scraped_at"":""2026-07-04T10:02:50.802Z""}"
Krannich Solar;1760026;1760026;LoadSolver;;Konstrukce;K2 Systems;97.49;21;ks;https://shop.krannich-solar.com/cs-cz/LoadSolver/1760026;2 ks na skladě, možné naskladnění: 05.08.2026;"{""categories"":[""Konstrukce""],""price_raw"":""97,49 Kč*"",""price_per_wp_raw"":"""",""price_per_wp_czk_without_vat"":null,""properties"":{},""image_url"":""https://cdn.shop.krannich-solar.com/media/ee/98/31/1759144022/1760026_6_5_f_3_65f333afb46fa9802fe476dd4d5a5e79d4683f37_det_m_ac_loadsolver.png.png?width=3000"",""has_quantity_discount"":false,""scraped_at"":""2026-07-04T10:00:33.084Z""}"
Krannich Solar;1725993;1725993;LPC MH Double SET;Svorka ochrany před bleskem Double SET;Konstrukce;K2 Systems;37.1;21;ks;https://shop.krannich-solar.com/cs-cz/LPC-MH-Double-SET/1725993;0 ks na skladě, možné naskladnění: 05.08.2026;"{""categories"":[""Konstrukce""],""price_raw"":""37,10 Kč*"",""price_per_wp_raw"":"""",""price_per_wp_czk_without_vat"":null,""properties"":{},""image_url"":""https://cdn.shop.krannich-solar.com/media/g0/e0/62/1750077272/1725993_6_7_1_7_6717e2f9ba7c43cfebd58e7e4fd5915c9d9ca010_2002474.jpg.jpg?width=3000"",""has_quantity_discount"":false,""scraped_at"":""2026-07-04T10:02:45.848Z""}"
Krannich Solar;1763272;1763272;LPC MH SET;Svorka pro upevnění bleskosvodu;Konstrukce;K2 Systems;33.95;21;ks;https://shop.krannich-solar.com/cs-cz/LPC-MH-SET/1763272;770 ks na skladě, možné naskladnění: 05.08.2026;"{""categories"":[""Konstrukce""],""price_raw"":""33,95 Kč*"",""price_per_wp_raw"":"""",""price_per_wp_czk_without_vat"":null,""properties"":{},""image_url"":""https://cdn.shop.krannich-solar.com/media/0f/f9/2f/1774279348/1763272_2_b_0_5_2b05a941259dce154365bfb23dc673b33b020540_det_m_ac_lpc_mh_set.png.png?width=3000"",""has_quantity_discount"":false,""scraped_at"":""2026-07-04T10:00:06.620Z""}"
Krannich Solar;1744211;1744211;LPC MH SET;Svorka pro upevnění bleskosvodu;Konstrukce;K2 Systems;33.95;21;ks;https://shop.krannich-solar.com/cs-cz/LPC-MH-SET/1744211;0 ks na skladě, dostupnost na vyžádání, -;"{""categories"":[""Konstrukce""],""price_raw"":""33,95 Kč*"",""price_per_wp_raw"":"""",""price_per_wp_czk_without_vat"":null,""properties"":{},""image_url"":""https://cdn.shop.krannich-solar.com/media/11/77/d3/1750077989/1744211_5_5_7_c_557c895aece11b9eb24151da0bcbb39472e136af_det_m_ac_lpc_mh_set.jpg.jpg?width=3000"",""has_quantity_discount"":false,""scraped_at"":""2026-07-04T10:03:02.774Z""}"
Krannich Solar;1749001;1749001;M PR RF HB ST M8x85 70mm E16 (Calotte);;Konstrukce;K2 Systems;125.13;21;ks;https://shop.krannich-solar.com/cs-cz/M-PR-RF-HB-ST-M8x85-70mm-E16-Calotte/1749001;0 ks na skladě, možné naskladnění: 05.08.2026;"{""categories"":[""Konstrukce""],""price_raw"":""125,13 Kč*"",""price_per_wp_raw"":"""",""price_per_wp_czk_without_vat"":null,""properties"":{},""image_url"":""https://cdn.shop.krannich-solar.com/media/5d/67/91/1750077570/1749001_1_3_3_f_133fe4436385f6da9fca21d4cf96dba626e085ae_1749001.jpg.jpg?width=3000"",""has_quantity_discount"":false,""scraped_at"":""2026-07-04T10:02:53.339Z""}"
Krannich Solar;1748348;1748348;M RF PA H38-150;;Konstrukce;K2 Systems;185.27;21;ks;https://shop.krannich-solar.com/cs-cz/M-RF-PA-H38-150/1748348;0 ks na skladě, možné naskladnění: 05.08.2026;"{""categories"":[""Konstrukce""],""price_raw"":""185,27 Kč*"",""price_per_wp_raw"":"""",""price_per_wp_czk_without_vat"":null,""properties"":{},""image_url"":""https://cdn.shop.krannich-solar.com/media/42/b3/aa/1750077559/1748348_b_5_c_9_b5c94e4681855f884af062f1208c1359fd5d5174_det_f_m_rf_pa_lb.jpg.jpg?width=3000"",""has_quantity_discount"":false,""scraped_at"":""2026-07-04T10:02:48.385Z""}"
Krannich Solar;1748009;1748009;MAT S TOOL;Pomůcka pro montáž podložky Mat S na BasicRail;Konstrukce;K2 Systems;21.1;21;ks;https://shop.krannich-solar.com/cs-cz/MAT-S-TOOL/1748009;2 ks na skladě, možné naskladnění: 13.07.2026;"{""categories"":[""Konstrukce""],""price_raw"":""21,10 Kč*"",""price_per_wp_raw"":"""",""price_per_wp_czk_without_vat"":null,""properties"":{},""image_url"":""https://cdn.shop.krannich-solar.com/media/c9/62/59/1750173986/1748009_1_c_f_a_1cfabfa89246467abd8445aa6718c175656c6bfe_det_m_pr_ac_mat_s_tool.jpg.jpg?width=3000"",""has_quantity_discount"":false,""scraped_at"":""2026-07-04T10:00:33.084Z""}"
Krannich Solar;1714217;1714217;MC UP;Podkládací plech pod porter;Konstrukce;K2 Systems;21.1;21;ks;https://shop.krannich-solar.com/cs-cz/MC-UP/1714217;1759 ks na skladě, možné naskladnění: 05.08.2026;"{""categories"":[""Konstrukce""],""price_raw"":""21,10 Kč*"",""price_per_wp_raw"":"""",""price_per_wp_czk_without_vat"":null,""properties"":{},""image_url"":""https://cdn.shop.krannich-solar.com/media/f7/61/e3/1750077718/1714217_5_e_2_a_5e2a251b6ae5393ed12551a10bce537269bfbce9_det_m_ap_up.jpg.jpg?width=3000"",""has_quantity_discount"":false,""scraped_at"":""2026-07-04T10:00:04.096Z""}"
Krannich Solar;1741527;1741527;Metal roof system clamp RibRoofEvolution;Úchytka na falcovaný plech;Konstrukce;K2 Systems;121.98;21;ks;https://shop.krannich-solar.com/cs-cz/Metal-roof-system-clamp-RibRoofEvolution/1741527;0 ks na skladě, možné naskladnění: 05.08.2026;"{""categories"":[""Konstrukce""],""price_raw"":""121,98 Kč*"",""price_per_wp_raw"":"""",""price_per_wp_czk_without_vat"":null,""properties"":{},""image_url"":""https://cdn.shop.krannich-solar.com/media/24/15/65/1750077385/1741527_c_4_1_6_c4164fc4746138e1dd48e3ac29cab7fd24336ac0_det_m_rf_ss_rib_roof_evolution_rundfalz.jpg.jpg?width=3000"",""has_quantity_discount"":false,""scraped_at"":""2026-07-04T10:02:50.803Z""}"
Krannich Solar;1740899;1740899;Metal roof system clamp RibRoofSpeed500;Úchytka na falcovaný plech;Konstrukce;K2 Systems;146.96;21;ks;https://shop.krannich-solar.com/cs-cz/Metal-roof-system-clamp-RibRoofSpeed500/1740899;0 ks na skladě, možné naskladnění: 05.08.2026;"{""categories"":[""Konstrukce""],""price_raw"":""146,96 Kč*"",""price_per_wp_raw"":"""",""price_per_wp_czk_without_vat"":null,""properties"":{},""image_url"":""https://cdn.shop.krannich-solar.com/media/65/55/1d/1750077572/1740899_8_e_d_7_8ed7133a65dc011cc2fe694be26e27bd68d2fb95_det_m_rf_zc_ribroof_speed_500_pa.jpg.jpg?width=3000"",""has_quantity_discount"":false,""scraped_at"":""2026-07-04T10:02:58.217Z""}"
Krannich Solar;1725084;1725084;Metal roof system clamp Zambelli RibRoof465;Úchytka na falcovaný plech;Konstrukce;K2 Systems;146.96;21;ks;https://shop.krannich-solar.com/cs-cz/Metal-roof-system-clamp-Zambelli-RibRoof465/1725084;0 ks na skladě, možné naskladnění: 05.08.2026;"{""categories"":[""Konstrukce""],""price_raw"":""146,96 Kč*"",""price_per_wp_raw"":"""",""price_per_wp_czk_without_vat"":null,""properties"":{},""image_url"":""https://cdn.shop.krannich-solar.com/media/79/63/a1/1750077197/1725084_6_6_0_0_660005565918103e3ba83ad867a8dd1d2cef86b1_det_m_rf_zc_ribroof_465.jpg.jpg?width=3000"",""has_quantity_discount"":false,""scraped_at"":""2026-07-04T10:02:48.385Z""}"
Krannich Solar;1733185;1733185;MicroRail CSM 10 Set;Adaptér MicroRail na vlnitý plech;Konstrukce;K2 Systems;84.88;21;ks;https://shop.krannich-solar.com/cs-cz/MicroRail-CSM-10-Set/1733185;12 ks na skladě, poslední kusy;"{""categories"":[""Konstrukce""],""price_raw"":""84,88 Kč*"",""price_per_wp_raw"":"""",""price_per_wp_czk_without_vat"":null,""properties"":{},""image_url"":""https://cdn.shop.krannich-solar.com/media/24/b6/1b/1750077916/1733185_2_8_4_6_28467c8708b35b3d5046a1357d0babccc485eb55_det_m_rk2_microrail_csm_10_set.jpg.jpg?width=3000"",""has_quantity_discount"":false,""scraped_at"":""2026-07-04T10:00:30.749Z""}"
Krannich Solar;1752516;1752516;MiniFive MK2 End;Adaptér - podpěra modulu pro systém MiniRail MK2;Konstrukce;K2 Systems;119.8;21;ks;https://shop.krannich-solar.com/cs-cz/MiniFive-MK2-End/1752516;96 ks na skladě, možné naskladnění: 05.08.2026;"{""categories"":[""Konstrukce""],""price_raw"":""119,80 Kč*"",""price_per_wp_raw"":"""",""price_per_wp_czk_without_vat"":null,""properties"":{},""image_url"":""https://cdn.shop.krannich-solar.com/media/ed/5d/26/1750077232/1752516_d_f_2_d_df2d9b960c174e52126c5ee0857bb590e6f25c24_1752516.jpg.jpg?width=3000"",""has_quantity_discount"":false,""scraped_at"":""2026-07-04T10:00:18.766Z""}"
Krannich Solar;1752517;1752517;MiniFive MK2 Front;Adaptér - podpěra modulu pro systém MiniRail MK2;Konstrukce;K2 Systems;67.9;21;ks;https://shop.krannich-solar.com/cs-cz/MiniFive-MK2-Front/1752517;69 ks na skladě, možné naskladnění: 05.08.2026;"{""categories"":[""Konstrukce""],""price_raw"":""67,90 Kč*"",""price_per_wp_raw"":"""",""price_per_wp_czk_without_vat"":null,""properties"":{},""image_url"":""https://cdn.shop.krannich-solar.com/media/65/83/a6/1750077231/1752517_a_3_8_e_a38e01ed07cd48353ff49df3c518a7fdb2f8ed0f_1752517.jpg.jpg?width=3000"",""has_quantity_discount"":false,""scraped_at"":""2026-07-04T10:00:21.239Z""}"
Krannich Solar;1752518;1752518;MiniFive Stop Set;Set pro upevnění MiniFive na MiniRail MK2;Konstrukce;K2 Systems;53.59;21;ks;https://shop.krannich-solar.com/cs-cz/MiniFive-Stop-Set/1752518;28 ks na skladě, možné naskladnění: 05.08.2026;"{""categories"":[""Konstrukce""],""price_raw"":""53,59 Kč*"",""price_per_wp_raw"":"""",""price_per_wp_czk_without_vat"":null,""properties"":{},""image_url"":""https://cdn.shop.krannich-solar.com/media/da/cd/81/1750077237/1752518_6_5_1_c_651cd56511162ab48a7ff33fc35d636d95b5c6a9_1752518.jpg.jpg?width=3000"",""has_quantity_discount"":false,""scraped_at"":""2026-07-04T10:00:25.933Z""}"
Krannich Solar;1757394;1757394;MiniRail 60 Set;;Konstrukce;K2 Systems;139.68;21;ks;https://shop.krannich-solar.com/cs-cz/MiniRail-60-Set/1757394;555 ks na skladě, možné naskladnění: 05.08.2026;"{""categories"":[""Konstrukce""],""price_raw"":""139,68 Kč*"",""price_per_wp_raw"":"""",""price_per_wp_czk_without_vat"":null,""properties"":{},""image_url"":""https://cdn.shop.krannich-solar.com/media/7d/de/3c/1750077722/1757394_8_6_9_6_8696ea9026c8825c8adb5e7194881db4247675ba_det_m_ac_k2_minirail_solo_2004596.png.png?width=3000"",""has_quantity_discount"":false,""scraped_at"":""2026-07-04T10:00:06.621Z""}"
Krannich Solar;1752050;1752050;MiniRail MK2 Set;;Konstrukce;K2 Systems;120.52;21;ks;https://shop.krannich-solar.com/cs-cz/MiniRail-MK2-Set/1752050;834 ks na skladě, možné naskladnění: 05.08.2026;"{""categories"":[""Konstrukce""],""price_raw"":""120,52 Kč*"",""price_per_wp_raw"":"""",""price_per_wp_czk_without_vat"":null,""properties"":{},""image_url"":""https://cdn.shop.krannich-solar.com/media/d2/79/3e/1750077203/1752050_4_0_1_7_4017a1dca2733f06a1d8d200b0adad0843817003_det_m_rk2_minirail_mk2_set.jpg.jpg?width=3000"",""has_quantity_discount"":false,""scraped_at"":""2026-07-04T10:00:06.619Z""}"
Krannich Solar;1756382;1756382;ModuleSafety;Distanční prvek;Konstrukce;K2 Systems;8.97;21;ks;https://shop.krannich-solar.com/cs-cz/ModuleSafety/1756382;71 ks na skladě, možné naskladnění: 05.08.2026;"{""categories"":[""Konstrukce""],""price_raw"":""8,97 Kč*"",""price_per_wp_raw"":"""",""price_per_wp_czk_without_vat"":null,""properties"":{},""image_url"":""https://cdn.shop.krannich-solar.com/media/19/54/9d/1750077453/1756382_5_1_e_d_51ede8eb83110d14690da231dbd108defeb125e4_det_m_i_modulesafety.png.png?width=3000"",""has_quantity_discount"":false,""scraped_at"":""2026-07-04T10:00:21.238Z""}"
Krannich Solar;1724900;1724900;MultiAngle Accessories;príslušenství k MultiAngle;Konstrukce;K2 Systems;275.72;21;ks;https://shop.krannich-solar.com/cs-cz/MultiAngle-Accessories/1724900;0 ks na skladě, možné naskladnění: 05.08.2026;"{""categories"":[""Konstrukce""],""price_raw"":""275,72 Kč*"",""price_per_wp_raw"":"""",""price_per_wp_czk_without_vat"":null,""properties"":{},""image_url"":""https://cdn.shop.krannich-solar.com/media/08/c3/29/1750077182/1724900_5_b_f_8_5bf8f3463cac4bb5f84b2c5619508148900aa63e_det_m_multiangle_accessories.jpg.jpg?width=3000"",""has_quantity_discount"":false,""scraped_at"":""2026-07-04T10:02:58.218Z""}"
Krannich Solar;1741495;1741495;MultiAngle Support 15°;Vzpěra 15°, délka 362 mm, hliník 60x40x4;Konstrukce;K2 Systems;85.12;21;ks;https://shop.krannich-solar.com/cs-cz/MultiAngle-Support-150/1741495;0 ks na skladě, možné naskladnění: 05.08.2026;"{""categories"":[""Konstrukce""],""price_raw"":""85,12 Kč*"",""price_per_wp_raw"":"""",""price_per_wp_czk_without_vat"":null,""properties"":{},""image_url"":""https://cdn.shop.krannich-solar.com/media/ea/68/8b/1750077406/1741495_1_9_4_3_19437e7bb19c02753aa26adf7f243ee5fec0d4b2_det_m_set_multiangle.jpg.jpg?width=3000"",""has_quantity_discount"":false,""scraped_at"":""2026-07-04T10:02:55.732Z""}"
Krannich Solar;1724899;1724899;MultiAngle Support 30°;vzpera 30°, délka 742 mm, Alu 60x40x4 mm;Konstrukce;K2 Systems;152.29;21;ks;https://shop.krannich-solar.com/cs-cz/MultiAngle-Support-300/1724899;0 ks na skladě, možné naskladnění: 05.08.2026;"{""categories"":[""Konstrukce""],""price_raw"":""152,29 Kč*"",""price_per_wp_raw"":"""",""price_per_wp_czk_without_vat"":null,""properties"":{},""image_url"":""https://cdn.shop.krannich-solar.com/media/3a/cf/1b/1750077173/1724899_2_5_1_f_251fd2253b2174b135fa3d3ff2d0f9ffce1a1858_det_m_multiangle_support_30.jpg.jpg?width=3000"",""has_quantity_discount"":false,""scraped_at"":""2026-07-04T10:02:55.733Z""}"
Krannich Solar;1724898;1724898;MultiAngle Support 45°;Strebe 45°, Länge 1.232 mm, Alu 60x40x4 mm;Konstrukce;K2 Systems;252.69;21;ks;https://shop.krannich-solar.com/cs-cz/MultiAngle-Support-450/1724898;0 ks na skladě, možné naskladnění: 05.08.2026;"{""categories"":[""Konstrukce""],""price_raw"":""252,69 Kč*"",""price_per_wp_raw"":"""",""price_per_wp_czk_without_vat"":null,""properties"":{},""image_url"":""https://cdn.shop.krannich-solar.com/media/61/09/d6/1750077175/1724898_c_c_b_1_ccb1a8108242c66eaf5bedf9fd93de17191d79d2_det_m_multiangle_support_45.jpg.jpg?width=3000"",""has_quantity_discount"":false,""scraped_at"":""2026-07-04T10:02:58.218Z""}"
Krannich Solar;1724897;1724897;MultiAngle Top Flange;Horní pás pro montáž na šírku nebo na výšku;Konstrukce;K2 Systems;306.04;21;ks;https://shop.krannich-solar.com/cs-cz/MultiAngle-Top-Flange/1724897;0 ks na skladě, možné naskladnění: 05.08.2026;"{""categories"":[""Konstrukce""],""price_raw"":""306,04 Kč*"",""price_per_wp_raw"":"""",""price_per_wp_czk_without_vat"":null,""properties"":{},""image_url"":""https://cdn.shop.krannich-solar.com/media/df/86/09/1750077179/1724897_3_4_3_6_34368fa1fee41e72297e594a41f243b357344f0c_det_m_multiangle_top_flange.jpg.jpg?width=3000"",""has_quantity_discount"":false,""scraped_at"":""2026-07-04T10:02:50.802Z""}"
Krannich Solar;1730014;1730014;MULTIMOUNT COMPLETE;Základní prvek PVX pro vedení kabelů;Konstrukce;K2 Systems;169.51;21;ks;https://shop.krannich-solar.com/cs-cz/MULTIMOUNT-COMPLETE/1730014;0 ks na skladě, možné naskladnění: 05.08.2026;"{""categories"":[""Konstrukce""],""price_raw"":""169,51 Kč*"",""price_per_wp_raw"":"""",""price_per_wp_czk_without_vat"":null,""properties"":{},""image_url"":""https://cdn.shop.krannich-solar.com/media/ff/cd/fe/1771822079/1730014_6_d_2_4_6d244bfa142b577802771717877459780611bd70_det_m_mulitmount_complete.jpg.jpg?width=3000"",""has_quantity_discount"":false,""scraped_at"":""2026-07-04T10:02:45.848Z""}"
Krannich Solar;1721474;1721474;MultiRail 10;;Konstrukce;K2 Systems;56.99;21;ks;https://shop.krannich-solar.com/cs-cz/MultiRail-10/1721474;352 ks na skladě, možné naskladnění: 05.08.2026;"{""categories"":[""Konstrukce""],""price_raw"":""56,99 Kč*"",""price_per_wp_raw"":"""",""price_per_wp_czk_without_vat"":null,""properties"":{},""image_url"":""https://cdn.shop.krannich-solar.com/media/c9/47/3d/1750077545/1721474_4_6_3_5_4635b06cd949a702c246137156b1d836f91fba98_det_m_rk2_mur_0_10_epdm.jpg.jpg?width=3000"",""has_quantity_discount"":false,""scraped_at"":""2026-07-04T10:00:09.005Z""}"
Krannich Solar;1751973;1751973;MultiRail 10 CSM;;Konstrukce;K2 Systems;61.84;21;ks;https://shop.krannich-solar.com/cs-cz/MultiRail-10-CSM/1751973;176 ks na skladě, možné naskladnění: 05.08.2026;"{""categories"":[""Konstrukce""],""price_raw"":""61,84 Kč*"",""price_per_wp_raw"":"""",""price_per_wp_czk_without_vat"":null,""properties"":{},""image_url"":""https://cdn.shop.krannich-solar.com/media/44/cc/81/1750077203/1751973_3_6_b_8_36b8f5861ca4d1051a920f5953ebb4b717af5131_2004209_MD01_1.jpg.jpg?width=3000"",""has_quantity_discount"":false,""scraped_at"":""2026-07-04T10:00:13.919Z""}"
Krannich Solar;1762729;1762729;MultiRail 15;Profil MultiRail 15;Konstrukce;K2 Systems;56.99;21;ks;https://shop.krannich-solar.com/cs-cz/MultiRail-15/1762729;140 ks na skladě, možné naskladnění: 05.08.2026;"{""categories"":[""Konstrukce""],""price_raw"":""56,99 Kč*"",""price_per_wp_raw"":"""",""price_per_wp_czk_without_vat"":null,""properties"":{},""image_url"":""https://cdn.shop.krannich-solar.com/media/84/df/3b/1771600030/1762729_e_b_4_7_eb4712b48fffbb992ba08dd0d4a8a1b5bcbe5176_det_m_rk2_multirail_15.png.png?width=3000"",""has_quantity_discount"":false,""scraped_at"":""2026-07-04T10:00:16.364Z""}"
Krannich Solar;1728934;1728934;MultiRail 25;;Konstrukce;K2 Systems;71.3;21;ks;https://shop.krannich-solar.com/cs-cz/MultiRail-25/1728934;1306 ks na skladě, možné naskladnění: 05.08.2026;"{""categories"":[""Konstrukce""],""price_raw"":""71,30 Kč*"",""price_per_wp_raw"":"""",""price_per_wp_czk_without_vat"":null,""properties"":{},""image_url"":""https://cdn.shop.krannich-solar.com/media/5e/94/4e/1750077700/1728934_5_0_9_2_50923f40ee61ead712fc1dc1441a1301ce8fa843_det_m_rk2_mur_25_4_epdm.jpg.jpg?width=3000"",""has_quantity_discount"":false,""scraped_at"":""2026-07-04T10:00:04.097Z""}"
Krannich Solar;1751974;1751974;MultiRail 25 CSM;;Konstrukce;K2 Systems;77.6;21;ks;https://shop.krannich-solar.com/cs-cz/MultiRail-25-CSM/1751974;1226 ks na skladě, možné naskladnění: 05.08.2026;"{""categories"":[""Konstrukce""],""price_raw"":""77,60 Kč*"",""price_per_wp_raw"":"""",""price_per_wp_czk_without_vat"":null,""properties"":{},""image_url"":""https://cdn.shop.krannich-solar.com/media/97/2f/68/1750077199/1751974_2_4_6_e_246ecdee253387e0e3fe3b87c7f1c40dd628d77d_2004210_MD01_1.jpg.jpg?width=3000"",""has_quantity_discount"":false,""scraped_at"":""2026-07-04T10:00:04.097Z""}"
Krannich Solar;1721106;1721106;MultiRail 4,20;;Konstrukce;K2 Systems;470.21;21;ks;https://shop.krannich-solar.com/cs-cz/MultiRail-4-20/1721106;12 ks na skladě, možné naskladnění: 05.08.2026;"{""categories"":[""Konstrukce""],""price_raw"":""470,21 Kč*"",""price_per_wp_raw"":"""",""price_per_wp_czk_without_vat"":null,""properties"":{},""image_url"":""https://cdn.shop.krannich-solar.com/media/b3/d6/07/1750173973/1721106_c_6_8_1_c6813a632816c0f4f3bfb64e3e8afbb0e5a21011_det_m_rk2_mur_4_20_ohne_epdm_band_und_bohrung.jpg.jpg?width=3000"",""has_quantity_discount"":false,""scraped_at"":""2026-07-04T10:00:30.749Z""}"
Krannich Solar;1763886;1763886;MultiRail High;;Konstrukce;K2 Systems;121.25;21;ks;https://shop.krannich-solar.com/cs-cz/MultiRail-High/1763886;0 ks na skladě, možné naskladnění: 05.08.2026;"{""categories"":[""Konstrukce""],""price_raw"":""121,25 Kč*"",""price_per_wp_raw"":"""",""price_per_wp_czk_without_vat"":null,""properties"":{},""image_url"":""https://cdn.shop.krannich-solar.com/media/96/b2/07/1779803513/1763886_1_a_8_a_1a8a66a663a299ed88b64701128b707d7c4ae9cc_det_m_rk2_mur_high.png.png?width=3000"",""has_quantity_discount"":false,""scraped_at"":""2026-07-04T10:00:35.470Z""}"
Krannich Solar;1763887;1763887;MultiRail High CSM;;Konstrukce;K2 Systems;121.25;21;ks;https://shop.krannich-solar.com/cs-cz/MultiRail-High-CSM/1763887;0 ks na skladě, možné naskladnění: 05.08.2026;"{""categories"":[""Konstrukce""],""price_raw"":""121,25 Kč*"",""price_per_wp_raw"":"""",""price_per_wp_czk_without_vat"":null,""properties"":{},""image_url"":""https://cdn.shop.krannich-solar.com/media/c6/ce/42/1779803513/1763887_9_9_f_3_99f328641cf1c95ac2858ca2db59f0b581485868_det_m_rk2_mur_high_csm.png.png?width=3000"",""has_quantity_discount"":false,""scraped_at"":""2026-07-04T10:00:35.470Z""}"
Krannich Solar;1757988;1757988;N-Rack 2.20 C Kit;Kompletní systém na volné plochy;Konstrukce;K2 Systems;52773.1;21;ks;https://shop.krannich-solar.com/cs-cz/N-Rack-2.20-C-Kit/1757988;0 ks na skladě, možné naskladnění: 05.08.2026;"{""categories"":[""Konstrukce""],""price_raw"":""52 773,10 Kč*"",""price_per_wp_raw"":"""",""price_per_wp_czk_without_vat"":null,""properties"":{},""image_url"":""https://cdn.shop.krannich-solar.com/media/ce/02/9f/1773933762/1757988_b_a_8_5_ba855695a89bf24f6e1531a38d823f9e72128c63_det_m_pr_gms_rk2_n_rack_2.20_c_kit_new.png.png?width=3000"",""has_quantity_discount"":false,""scraped_at"":""2026-07-04T10:02:41.026Z""}"
Krannich Solar;1757987;1757987;N-Rack 2.20 CS Kit;Kompletní systém na volné plochy;Konstrukce;K2 Systems;36849.09;21;ks;https://shop.krannich-solar.com/cs-cz/N-Rack-2.20-CS-Kit/1757987;0 ks na skladě, možné naskladnění: 05.08.2026;"{""categories"":[""Konstrukce""],""price_raw"":""36 849,09 Kč*"",""price_per_wp_raw"":"""",""price_per_wp_czk_without_vat"":null,""properties"":{},""image_url"":""https://cdn.shop.krannich-solar.com/media/4f/5d/50/1773933761/1757987_1_7_8_2_178261af3a5c00179adc1ed0d979a5993df50a5d_det_m_pr_gms_rk2_n_rack_2.20_cs_kit_new.png.png?width=3000"",""has_quantity_discount"":false,""scraped_at"":""2026-07-04T10:02:41.026Z""}"
Krannich Solar;1743876;1743876;NAKLÁPĚCÍ NOSNÍK VENTO 1,30;;Konstrukce;K2 Systems;270.87;21;ks;https://shop.krannich-solar.com/cs-cz/NAKLAPECI-NOSNIK-VENTO-1-30/1743876;0 ks na skladě, možné naskladnění: 05.08.2026;"{""categories"":[""Konstrukce""],""price_raw"":""270,87 Kč*"",""price_per_wp_raw"":"""",""price_per_wp_czk_without_vat"":null,""properties"":{},""image_url"":""https://cdn.shop.krannich-solar.com/media/62/86/1f/1750077972/1743876_6_0_9_c_609ce05202650f866541e194e2fcb07f99363953_det_m_tiltup_vento_beam_1_30.jpg.jpg?width=3000"",""has_quantity_discount"":false,""scraped_at"":""2026-07-04T10:02:58.218Z""}"
Krannich Solar;1761023;1761023;NU M10 S;Matice s vroubkováním M10 - DIN 6923;Konstrukce;K2 Systems;2.91;21;ks;https://shop.krannich-solar.com/cs-cz/NU-M10-S/1761023;2700 ks na skladě, možné naskladnění: 05.08.2026;"{""categories"":[""Konstrukce""],""price_raw"":""2,91 Kč*"",""price_per_wp_raw"":"""",""price_per_wp_czk_without_vat"":null,""properties"":{},""image_url"":""https://cdn.shop.krannich-solar.com/media/4c/96/69/1779223894/1761023_c_5_4_2_c5429c32cc005c57680fb04e3cc8a5bd016dc082_det_m_nu_m10_s.jpg.jpg?width=3000"",""has_quantity_discount"":false,""scraped_at"":""2026-07-04T10:00:01.715Z""}"
Krannich Solar;1712818;1712818;NU M10 S;Matice s vroubkováním M10 - DIN 6923;Konstrukce;K2 Systems;2.91;21;ks;https://shop.krannich-solar.com/cs-cz/NU-M10-S/1712818;694 ks na skladě, poslední kusy;"{""categories"":[""Konstrukce""],""price_raw"":""2,91 Kč*"",""price_per_wp_raw"":"""",""price_per_wp_czk_without_vat"":null,""properties"":{},""image_url"":""https://cdn.shop.krannich-solar.com/media/56/9f/13/1750077158/1712818_8_8_8_e_888eeaa7f4f49271c04dbcc07aff929d77c3d9d3_det_m_nu_m10_s.jpg.jpg?width=3000"",""has_quantity_discount"":false,""scraped_at"":""2026-07-04T10:00:06.620Z""}"
Krannich Solar;1712815;1712815;NU M8 S;Matice s vroubkováním M8 - DIN 6923;Konstrukce;K2 Systems;1.94;21;ks;https://shop.krannich-solar.com/cs-cz/NU-M8-S/1712815;300 ks na skladě, možné naskladnění: 05.08.2026;"{""categories"":[""Konstrukce""],""price_raw"":""1,94 Kč*"",""price_per_wp_raw"":"""",""price_per_wp_czk_without_vat"":null,""properties"":{},""image_url"":""https://cdn.shop.krannich-solar.com/media/ca/60/aa/1750077140/1712815_a_5_6_8_a5684dabb73cb14ecd144f439456aa51acff9aa3_det_m_nu_m8_s.jpg.jpg?width=3000"",""has_quantity_discount"":false,""scraped_at"":""2026-07-04T10:00:11.503Z""}"
Krannich Solar;1741647;1741647;NU M8 S DIN 6926;Samojistná přírubová matice s pojistnými zuby;Konstrukce;K2 Systems;3.15;21;ks;https://shop.krannich-solar.com/cs-cz/NU-M8-S-DIN-6926/1741647;59 ks na skladě, možné naskladnění: 05.08.2026;"{""categories"":[""Konstrukce""],""price_raw"":""3,15 Kč*"",""price_per_wp_raw"":"""",""price_per_wp_czk_without_vat"":null,""properties"":{},""image_url"":""https://cdn.shop.krannich-solar.com/media/2d/e4/20/1750077519/1741647_2_7_1_d_271d6c92d480fac9a31deb5e4c59dbd4aa60034e_1741647.jpg.jpg?width=3000"",""has_quantity_discount"":false,""scraped_at"":""2026-07-04T10:00:21.239Z""}"
Krannich Solar;1740417;1740417;PE PLATE 600x800;Základní deska K2 pro montáž do stojanu 600x800 mm;Konstrukce;K2 Systems;231.35;21;ks;https://shop.krannich-solar.com/cs-cz/PE-PLATE-600x800/1740417;50 ks na skladě, možné naskladnění: 05.08.2026;"{""categories"":[""Konstrukce""],""price_raw"":""231,35 Kč*"",""price_per_wp_raw"":"""",""price_per_wp_czk_without_vat"":null,""properties"":{},""image_url"":""https://cdn.shop.krannich-solar.com/media/4b/9f/fb/1762330016/1740417_1_4_f_d_14fdd46090adc3893192ce9282a0387d2a027c04_det_m_ac_pe_plate_600x800_1001572.png.png?width=3000"",""has_quantity_discount"":false,""scraped_at"":""2026-07-04T10:00:23.555Z""}"
Krannich Solar;1758729;1758729;PerfoRail M - 4,20;;Konstrukce;K2 Systems;574.24;21;ks;https://shop.krannich-solar.com/cs-cz/PerfoRail-M-4-20/1758729;34 ks na skladě, možné naskladnění: 05.08.2026;"{""categories"":[""Konstrukce""],""price_raw"":""574,24 Kč*"",""price_per_wp_raw"":"""",""price_per_wp_czk_without_vat"":null,""properties"":{},""image_url"":""https://cdn.shop.krannich-solar.com/media/3c/3f/d9/1767414326/1758729_7_4_a_7_74a78917dfc1df776f581c6e032ec4ee4afa927d_det_m_rk2_perforail_m.png.png?width=3000"",""has_quantity_discount"":false,""scraped_at"":""2026-07-04T10:00:25.932Z""}"
Krannich Solar;1743629;1743629;PERFORMA MESH TRAY 70x100x3000;Kabelový žlab z pletiva Performa;Konstrukce;K2 Systems;600.19;21;ks;https://shop.krannich-solar.com/cs-cz/PERFORMA-MESH-TRAY-70x100x3000/1743629;3 ks na skladě, možné naskladnění: 05.08.2026;"{""categories"":[""Konstrukce""],""price_raw"":""600,19 Kč*"",""price_per_wp_raw"":"""",""price_per_wp_czk_without_vat"":null,""properties"":{},""image_url"":""https://cdn.shop.krannich-solar.com/media/dc/3f/56/1750077964/1743629_7_3_d_8_73d8559d8859d0db77d211bf75b8da2af78de896_det_m_ac_performa_mesh_tray_70x100x3000.jpg.jpg?width=3000"",""has_quantity_discount"":false,""scraped_at"":""2026-07-04T10:00:33.084Z""}"
Krannich Solar;1743630;1743630;PERFORMA MESH TRAY CONNECTOR;;Konstrukce;K2 Systems;87.79;21;ks;https://shop.krannich-solar.com/cs-cz/PERFORMA-MESH-TRAY-CONNECTOR/1743630;30 ks na skladě, možné naskladnění: 05.08.2026;"{""categories"":[""Konstrukce""],""price_raw"":""87,79 Kč*"",""price_per_wp_raw"":"""",""price_per_wp_czk_without_vat"":null,""properties"":{},""image_url"":""https://cdn.shop.krannich-solar.com/media/aa/76/a1/1750077949/1743630_6_5_d_d_65dd21f48468417f918552188697c9173b7cd898_det_m_ac_performa_mesh_tray_connector.jpg.jpg?width=3000"",""has_quantity_discount"":false,""scraped_at"":""2026-07-04T10:00:25.932Z""}"
Krannich Solar;1762790;1762790;Plastic screw anchor HRD-HR 10x80 mm;Šroub s hmoždinkou;Konstrukce;K2 Systems;56.02;21;ks;https://shop.krannich-solar.com/cs-cz/Plastic-screw-anchor-HRD-HR-10x80-mm/1762790;0 ks na skladě, možné naskladnění: 05.08.2026;"{""categories"":[""Konstrukce""],""price_raw"":""56,02 Kč*"",""price_per_wp_raw"":"""",""price_per_wp_czk_without_vat"":null,""properties"":{},""image_url"":""https://cdn.shop.krannich-solar.com/media/f4/e2/0f/1771600031/1762790_b_6_c_0_b6c0d2e2a35a8520ae7501412428dbeb0ce277ca_det_m_i_plastic_screw_anchor_hdr_hr_10x80_mm.png.png?width=3000"",""has_quantity_discount"":false,""scraped_at"":""2026-07-04T10:02:45.847Z""}"
Krannich Solar;1749963;1749963;PVX MINIMOUNT TRAPEZOIDAL;;Konstrukce;K2 Systems;62.81;21;ks;https://shop.krannich-solar.com/cs-cz/PVX-MINIMOUNT-TRAPEZOIDAL/1749963;22 ks na skladě, možné naskladnění: 05.08.2026;"{""categories"":[""Konstrukce""],""price_raw"":""62,81 Kč*"",""price_per_wp_raw"":"""",""price_per_wp_czk_without_vat"":null,""properties"":{},""image_url"":""https://cdn.shop.krannich-solar.com/media/b9/ab/ca/1750077586/1749963_a_c_2_f_ac2fb57afdaba7e26a7d23fa548b2b475d0089cf_det_m_minimount_black.jpg.jpg?width=3000"",""has_quantity_discount"":false,""scraped_at"":""2026-07-04T10:00:28.307Z""}"
Krannich Solar;1762680;1762680;PVX Multistrap+;;Konstrukce;K2 Systems;142.59;21;ks;https://shop.krannich-solar.com/cs-cz/PVX-Multistrap/1762680;18 ks na skladě, možné naskladnění: 05.08.2026;"{""categories"":[""Konstrukce""],""price_raw"":""142,59 Kč*"",""price_per_wp_raw"":"""",""price_per_wp_czk_without_vat"":null,""properties"":{},""image_url"":""https://cdn.shop.krannich-solar.com/media/19/79/9c/1771598217/1762680_a_9_7_2_a972ae8976c2814e3790a0a5708b102c86bec823_det_m_k2_m_pvx_multistrap_.jpg.jpg?width=3000"",""has_quantity_discount"":false,""scraped_at"":""2026-07-04T10:00:28.308Z""}"
Krannich Solar;1762677;1762677;PVX Singlemount;;Konstrukce;K2 Systems;142.59;21;ks;https://shop.krannich-solar.com/cs-cz/PVX-Singlemount/1762677;14 ks na skladě, možné naskladnění: 05.08.2026;"{""categories"":[""Konstrukce""],""price_raw"":""142,59 Kč*"",""price_per_wp_raw"":"""",""price_per_wp_czk_without_vat"":null,""properties"":{},""image_url"":""https://cdn.shop.krannich-solar.com/media/f1/e5/11/1771598216/1762677_8_9_a_b_89abd5c51a09431b38f62e50029adf64c03e6ee9_det_m_k2_m_pvx_singlemount.jpg.jpg?width=3000"",""has_quantity_discount"":false,""scraped_at"":""2026-07-04T10:00:30.749Z""}"
Krannich Solar;1756381;1756381;Rail AntiSlip Clip;;Konstrukce;K2 Systems;16.25;21;ks;https://shop.krannich-solar.com/cs-cz/Rail-AntiSlip-Clip/1756381;0 ks na skladě, možné naskladnění: 05.08.2026;"{""categories"":[""Konstrukce""],""price_raw"":""16,25 Kč*"",""price_per_wp_raw"":"""",""price_per_wp_czk_without_vat"":null,""properties"":{},""image_url"":""https://cdn.shop.krannich-solar.com/media/3a/e7/07/1750077456/1756381_5_6_8_c_568cef74e49560cf9fb9199b15e88e69612022aa_det_m_i_rail_antisplip_clip.png.png?width=3000"",""has_quantity_discount"":false,""scraped_at"":""2026-07-04T10:02:48.385Z""}"
Krannich Solar;1734291;1734291;RAILUP SET;ke zvýšení modulu v systému BasicRail/ MultiRail;Konstrukce;K2 Systems;105.25;21;ks;https://shop.krannich-solar.com/cs-cz/RAILUP-SET/1734291;267 ks na skladě, možné naskladnění: 05.08.2026;"{""categories"":[""Konstrukce""],""price_raw"":""105,25 Kč*"",""price_per_wp_raw"":"""",""price_per_wp_czk_without_vat"":null,""properties"":{},""image_url"":""https://cdn.shop.krannich-solar.com/media/a5/31/08/1750077959/1734291_6_4_1_4_6414b7e43f2e6212c1f661821011c1e119bd1bf0_det_m_ac_railup_set.jpg.jpg?width=3000"",""has_quantity_discount"":false,""scraped_at"":""2026-07-04T10:00:11.504Z""}"
Krannich Solar;1713004;1713004;RC K2L/K2UL SET;Spojovací set pro SolidRail Light a Ultralight;Konstrukce;K2 Systems;79.78;21;ks;https://shop.krannich-solar.com/cs-cz/RC-K2L-K2UL-SET/1713004;351 ks na skladě, možné naskladnění: 05.08.2026;"{""categories"":[""Konstrukce""],""price_raw"":""79,78 Kč*"",""price_per_wp_raw"":"""",""price_per_wp_czk_without_vat"":null,""properties"":{},""image_url"":""https://cdn.shop.krannich-solar.com/media/a1/af/8f/1750077228/1713004_8_2_5_a_825a67a30bc1c39af8bc1d49e19574909c316bdb_det_m_rc_k2l_k2ul_set.jpg.jpg?width=3000"",""has_quantity_discount"":false,""scraped_at"":""2026-07-04T10:00:09.006Z""}"
Krannich Solar;1720126;1720126;RC K2M/K2A SET;Spojovací set pro SolidRail Medium a Alpin;Konstrukce;K2 Systems;87.3;21;ks;https://shop.krannich-solar.com/cs-cz/RC-K2M-K2A-SET/1720126;25 ks na skladě, možné naskladnění: 13.07.2026;"{""categories"":[""Konstrukce""],""price_raw"":""87,30 Kč*"",""price_per_wp_raw"":"""",""price_per_wp_czk_without_vat"":null,""properties"":{},""image_url"":""https://cdn.shop.krannich-solar.com/media/56/0d/a0/1750078055/1720126_9_4_0_c_940c578b8e6db55a276f6d62dab4b9ef944161ae_det_m_rc_k2m_k2a_set.jpg.jpg?width=3000"",""has_quantity_discount"":false,""scraped_at"":""2026-07-04T10:00:25.933Z""}"
Krannich Solar;1724101;1724101;RC SingleRail 36 Set;spojka profilu pro K2 SingleRail 36;Konstrukce;K2 Systems;98.94;21;ks;https://shop.krannich-solar.com/cs-cz/RC-SingleRail-36-Set/1724101;1428 ks na skladě, možné naskladnění: 05.08.2026;"{""categories"":[""Konstrukce""],""price_raw"":""98,94 Kč*"",""price_per_wp_raw"":"""",""price_per_wp_czk_without_vat"":null,""properties"":{},""image_url"":""https://cdn.shop.krannich-solar.com/media/7e/21/c1/1750077144/1724101_d_7_e_c_d7ec68976904240aaf122532fa97ee4e0904437f_det_m_rc_singlerail_36_set.jpg.jpg?width=3000"",""has_quantity_discount"":false,""scraped_at"":""2026-07-04T10:00:04.097Z""}"
Krannich Solar;1726015;1726015;RC SingleRail 50 Set;Schienenverbinder für K2 SingleRail 50;Konstrukce;K2 Systems;129.74;21;ks;https://shop.krannich-solar.com/cs-cz/RC-SingleRail-50-Set/1726015;38 ks na skladě, možné naskladnění: 05.08.2026;"{""categories"":[""Konstrukce""],""price_raw"":""129,74 Kč*"",""price_per_wp_raw"":"""",""price_per_wp_czk_without_vat"":null,""properties"":{},""image_url"":""https://cdn.shop.krannich-solar.com/media/97/c7/95/1750077273/1726015_3_1_0_3_3103fd711cf20890127afc012ebad0252c1a72a4_det_m_rc_singlerail_50_set.jpg.jpg?width=3000"",""has_quantity_discount"":false,""scraped_at"":""2026-07-04T10:00:23.556Z""}"
Krannich Solar;1724193;1724193;RC SingleRail 63 Set;Kolejnicový konektor pro 2 SingleRail 63;Konstrukce;K2 Systems;77.6;21;ks;https://shop.krannich-solar.com/cs-cz/RC-SingleRail-63-Set/1724193;0 ks na skladě, možné naskladnění: 05.08.2026;"{""categories"":[""Konstrukce""],""price_raw"":""77,60 Kč*"",""price_per_wp_raw"":"""",""price_per_wp_czk_without_vat"":null,""properties"":{},""image_url"":""https://cdn.shop.krannich-solar.com/media/2b/ef/70/1750077141/1724193_b_c_7_d_bc7d71f266afca16b9aaf8f029bd7cd6ff591507_det_m_pr_rc_singlerail_63_set.jpg.jpg?width=3000"",""has_quantity_discount"":false,""scraped_at"":""2026-07-04T10:03:00.651Z""}"
Krannich Solar;1719100;1719100;RC SR/P D/S- Dome /2.11 SET;Spojka profilu SET;Konstrukce;K2 Systems;81;21;ks;https://shop.krannich-solar.com/cs-cz/RC-SR-P-D-S-Dome-2.11-SET/1719100;412 ks na skladě, možné naskladnění: 13.07.2026;"{""categories"":[""Konstrukce""],""price_raw"":""81,00 Kč*"",""price_per_wp_raw"":"""",""price_per_wp_czk_without_vat"":null,""properties"":{},""image_url"":""https://cdn.shop.krannich-solar.com/media/78/d4/0a/1750078034/1719100_a_1_1_c_a11c238c75787ede56e4221520de6eba5fd6a2ce_det_m_rc_sr_p_d_s_dome_2.11_set.png.png?width=3000"",""has_quantity_discount"":false,""scraped_at"":""2026-07-04T10:00:09.005Z""}"
Krannich Solar;1758730;1758730;RDS-CA 10x190;Distanční šroub;Konstrukce;K2 Systems;170.48;21;ks;https://shop.krannich-solar.com/cs-cz/RDS-CA-10x190/1758730;0 ks na skladě, možné naskladnění: 05.08.2026;"{""categories"":[""Konstrukce""],""price_raw"":""170,48 Kč*"",""price_per_wp_raw"":"""",""price_per_wp_czk_without_vat"":null,""properties"":{},""image_url"":""https://cdn.shop.krannich-solar.com/media/3c/a2/36/1776266011/1758730_f_9_8_6_f98660c48e38f58e8293f15f94d295fa288c409b_det_m_sc_rds_ca.png.png?width=3000"",""has_quantity_discount"":false,""scraped_at"":""2026-07-04T10:02:38.568Z""}"
Krannich Solar;1758732;1758732;RDS-CA 10x230;Distanční šroub;Konstrukce;K2 Systems;176.54;21;ks;https://shop.krannich-solar.com/cs-cz/RDS-CA-10x230/1758732;0 ks na skladě, možné naskladnění: 05.08.2026;"{""categories"":[""Konstrukce""],""price_raw"":""176,54 Kč*"",""price_per_wp_raw"":"""",""price_per_wp_czk_without_vat"":null,""properties"":{},""image_url"":""https://cdn.shop.krannich-solar.com/media/63/de/48/1776266012/1758732_3_0_0_2_3002553ef74a52556dbbe043119c8fbb5e654193_det_m_sc_rds_ca.png.png?width=3000"",""has_quantity_discount"":false,""scraped_at"":""2026-07-04T10:02:38.568Z""}"
Krannich Solar;1758733;1758733;RDS-CA 10x250;Distanční šroub;Konstrukce;K2 Systems;179.69;21;ks;https://shop.krannich-solar.com/cs-cz/RDS-CA-10x250/1758733;0 ks na skladě, možné naskladnění: 05.08.2026;"{""categories"":[""Konstrukce""],""price_raw"":""179,69 Kč*"",""price_per_wp_raw"":"""",""price_per_wp_czk_without_vat"":null,""properties"":{},""image_url"":""https://cdn.shop.krannich-solar.com/media/84/ce/07/1776266012/1758733_b_a_c_0_bac0e7c03822a84d364f71ca8490597f0badf656_det_m_sc_rds_ca.png.png?width=3000"",""has_quantity_discount"":false,""scraped_at"":""2026-07-04T10:02:38.568Z""}"
Krannich Solar;1758734;1758734;RDS-CA 10x270;Distanční šroub;Konstrukce;K2 Systems;182.85;21;ks;https://shop.krannich-solar.com/cs-cz/RDS-CA-10x270/1758734;0 ks na skladě, možné naskladnění: 05.08.2026;"{""categories"":[""Konstrukce""],""price_raw"":""182,85 Kč*"",""price_per_wp_raw"":"""",""price_per_wp_czk_without_vat"":null,""properties"":{},""image_url"":""https://cdn.shop.krannich-solar.com/media/a9/4d/9c/1776266012/1758734_b_7_f_4_b7f40b36656b57599a9e3a4d5f146c35c8cc146a_det_m_sc_rds_ca.png.png?width=3000"",""has_quantity_discount"":false,""scraped_at"":""2026-07-04T10:00:35.471Z""}"
Krannich Solar;1758735;1758735;RDS-CA 10x290;Distanční šroub;Konstrukce;K2 Systems;185.76;21;ks;https://shop.krannich-solar.com/cs-cz/RDS-CA-10x290/1758735;0 ks na skladě, možné naskladnění: 05.08.2026;"{""categories"":[""Konstrukce""],""price_raw"":""185,76 Kč*"",""price_per_wp_raw"":"""",""price_per_wp_czk_without_vat"":null,""properties"":{},""image_url"":""https://cdn.shop.krannich-solar.com/media/60/83/89/1776266013/1758735_c_3_6_9_c3695584da891f37ff331e798976aca65c12559e_det_m_sc_rds_ca.png.png?width=3000"",""has_quantity_discount"":false,""scraped_at"":""2026-07-04T10:00:35.470Z""}"
Krannich Solar;1758736;1758736;RDS-CA 10x310;Distanční šroub;Konstrukce;K2 Systems;188.91;21;ks;https://shop.krannich-solar.com/cs-cz/RDS-CA-10x310/1758736;0 ks na skladě, možné naskladnění: 05.08.2026;"{""categories"":[""Konstrukce""],""price_raw"":""188,91 Kč*"",""price_per_wp_raw"":"""",""price_per_wp_czk_without_vat"":null,""properties"":{},""image_url"":""https://cdn.shop.krannich-solar.com/media/60/a7/2c/1776266013/1758736_c_1_0_f_c10f6f4c2c40ce92a264a20596ae0fb9706f786f_det_m_sc_rds_ca.png.png?width=3000"",""has_quantity_discount"":false,""scraped_at"":""2026-07-04T10:00:35.470Z""}"
Krannich Solar;1758737;1758737;RDS-CA 10x330;Distanční šroub;Konstrukce;K2 Systems;192.06;21;ks;https://shop.krannich-solar.com/cs-cz/RDS-CA-10x330/1758737;0 ks na skladě, možné naskladnění: 05.08.2026;"{""categories"":[""Konstrukce""],""price_raw"":""192,06 Kč*"",""price_per_wp_raw"":"""",""price_per_wp_czk_without_vat"":null,""properties"":{},""image_url"":""https://cdn.shop.krannich-solar.com/media/65/0a/6c/1776266013/1758737_0_7_d_9_07d9c99e13b29bb5d0df1765d529ddaf80bd390d_det_m_sc_rds_ca.png.png?width=3000"",""has_quantity_discount"":false,""scraped_at"":""2026-07-04T10:00:35.470Z""}"
Krannich Solar;1758738;1758738;RDS-CA 10x350;Distanční šroub;Konstrukce;K2 Systems;195.21;21;ks;https://shop.krannich-solar.com/cs-cz/RDS-CA-10x350/1758738;0 ks na skladě, možné naskladnění: 05.08.2026;"{""categories"":[""Konstrukce""],""price_raw"":""195,21 Kč*"",""price_per_wp_raw"":"""",""price_per_wp_czk_without_vat"":null,""properties"":{},""image_url"":""https://cdn.shop.krannich-solar.com/media/b1/4d/f4/1776266014/1758738_8_7_f_1_87f1390591754d80542b49d75113b40cea036a9f_det_m_sc_rds_ca.png.png?width=3000"",""has_quantity_discount"":false,""scraped_at"":""2026-07-04T10:00:35.470Z""}"
Krannich Solar;1758739;1758739;RDS-CA 10x370;Distanční šroub;Konstrukce;K2 Systems;198.12;21;ks;https://shop.krannich-solar.com/cs-cz/RDS-CA-10x370/1758739;0 ks na skladě, možné naskladnění: 05.08.2026;"{""categories"":[""Konstrukce""],""price_raw"":""198,12 Kč*"",""price_per_wp_raw"":"""",""price_per_wp_czk_without_vat"":null,""properties"":{},""image_url"":""https://cdn.shop.krannich-solar.com/media/14/b7/12/1776266014/1758739_e_2_6_d_e26d0806ce12ed212e59f3af0bb9c5896392dda2_det_m_sc_rds_ca.png.png?width=3000"",""has_quantity_discount"":false,""scraped_at"":""2026-07-04T10:00:35.470Z""}"
Krannich Solar;1758731;1758731;RDS-CA Spacer screw 10x210;Distanční šroub;Konstrukce;K2 Systems;173.39;21;ks;https://shop.krannich-solar.com/cs-cz/RDS-CA-Spacer-screw-10x210/1758731;0 ks na skladě, možné naskladnění: 05.08.2026;"{""categories"":[""Konstrukce""],""price_raw"":""173,39 Kč*"",""price_per_wp_raw"":"""",""price_per_wp_czk_without_vat"":null,""properties"":{},""image_url"":""https://cdn.shop.krannich-solar.com/media/59/ca/b5/1758553583/1758731_4_4_a_0_44a0a523f2332195a6a33b12b3602fe19c5080a3_det_m_sc_rds_ca.png.png?width=3000"",""has_quantity_discount"":false,""scraped_at"":""2026-07-04T10:02:48.384Z""}"
Krannich Solar;1740754;1740754;RF CLB 62/90 SET;Montážní sada pro CrossRail 62 a 90;Konstrukce;K2 Systems;39.77;21;ks;https://shop.krannich-solar.com/cs-cz/RF-CLB-62-90-SET/1740754;0 ks na skladě, možné naskladnění: 05.08.2026;"{""categories"":[""Konstrukce""],""price_raw"":""39,77 Kč*"",""price_per_wp_raw"":"""",""price_per_wp_czk_without_vat"":null,""properties"":{},""image_url"":""https://cdn.shop.krannich-solar.com/media/c4/8a/c9/1750173972/1740754_a_6_e_3_a6e38d69983d12a1c2a9342259f37cc31f68aacd_1740754.jpg.jpg?width=3000"",""has_quantity_discount"":false,""scraped_at"":""2026-07-04T10:02:55.732Z""}"
Krannich Solar;1733148;1733148;RF HB CR M10x180 PA BC;Predmontovaný kombivrut M10x180, šestihran SW 7 mm;Konstrukce;K2 Systems;94.82;21;ks;https://shop.krannich-solar.com/cs-cz/RF-HB-CR-M10x180-PA-BC/1733148;66 ks na skladě, možné naskladnění: 05.08.2026;"{""categories"":[""Konstrukce""],""price_raw"":""94,82 Kč*"",""price_per_wp_raw"":"""",""price_per_wp_czk_without_vat"":null,""properties"":{},""image_url"":""https://cdn.shop.krannich-solar.com/media/88/9e/b5/1750077916/1733148_2_0_d_a_20da903d5ecbf7e7a871f24022ca7f0b88cc56f5_det_m_rf_hb_cr_m10x180_pa_bc.jpg.jpg?width=3000"",""has_quantity_discount"":false,""scraped_at"":""2026-07-04T10:00:21.239Z""}"
Krannich Solar;1733149;1733149;RF HB CR M10x200 PA BC;Predmontovaný kombivrut M10x200 do dreva;Konstrukce;K2 Systems;94.82;21;ks;https://shop.krannich-solar.com/cs-cz/RF-HB-CR-M10x200-PA-BC/1733149;126 ks na skladě, možné naskladnění: 05.08.2026;"{""categories"":[""Konstrukce""],""price_raw"":""94,82 Kč*"",""price_per_wp_raw"":"""",""price_per_wp_czk_without_vat"":null,""properties"":{},""image_url"":""https://cdn.shop.krannich-solar.com/media/8e/b9/91/1750077913/1733149_c_2_9_b_c29b72d09300c8f2035eb86e1c174c2c69f36807_det_m_rf_hb_cr_m10x200_pa_bc.jpg.jpg?width=3000"",""has_quantity_discount"":false,""scraped_at"":""2026-07-04T10:00:16.365Z""}"
Krannich Solar;1733150;1733150;RF HB CR M10x250 PA BC;;Konstrukce;K2 Systems;94.82;21;ks;https://shop.krannich-solar.com/cs-cz/RF-HB-CR-M10x250-PA-BC/1733150;0 ks na skladě, možné naskladnění: 05.08.2026;"{""categories"":[""Konstrukce""],""price_raw"":""94,82 Kč*"",""price_per_wp_raw"":"""",""price_per_wp_czk_without_vat"":null,""properties"":{},""image_url"":""https://cdn.shop.krannich-solar.com/media/bf/f7/9f/1750077918/1733150_b_e_2_4_be2441fa39540e7a41d4ecf764bc9b2aa70aad7a_det_m_rf_hb_cr_m10x250_pa_bc.jpg.jpg?width=3000"",""has_quantity_discount"":false,""scraped_at"":""2026-07-04T10:03:02.774Z""}"
Krannich Solar;1743624;1743624;RF HB CR M12x200 PA BC;Závěsný šroub, předmontovaný, šestihran SW 9 mm;Konstrukce;K2 Systems;118.83;21;ks;https://shop.krannich-solar.com/cs-cz/RF-HB-CR-M12x200-PA-BC/1743624;0 ks na skladě, možné naskladnění: 05.08.2026;"{""categories"":[""Konstrukce""],""price_raw"":""118,83 Kč*"",""price_per_wp_raw"":"""",""price_per_wp_czk_without_vat"":null,""properties"":{},""image_url"":""https://cdn.shop.krannich-solar.com/media/2b/bb/aa/1750077952/1743624_f_2_9_5_f295a1cbb228e0e4bd5693c7ea47f92878d5fc79_det_m_rf_hb_cr_m12x200_pa_bc.jpg.jpg?width=3000"",""has_quantity_discount"":false,""scraped_at"":""2026-07-04T10:02:53.338Z""}"
Krannich Solar;1743380;1743380;RF HB CR M12x250 PA BC;;Konstrukce;K2 Systems;118.83;21;ks;https://shop.krannich-solar.com/cs-cz/RF-HB-CR-M12x250-PA-BC/1743380;200 ks na skladě, možné naskladnění: 05.08.2026;"{""categories"":[""Konstrukce""],""price_raw"":""118,83 Kč*"",""price_per_wp_raw"":"""",""price_per_wp_czk_without_vat"":null,""properties"":{},""image_url"":""https://cdn.shop.krannich-solar.com/media/70/5f/63/1750077946/1743380_1_8_7_c_187cdf57b3d84de3fb945800e7deaa83f69ee0ed_det_m_rf_hb_cr_m12x250_pa_bc.jpg.jpg?width=3000"",""has_quantity_discount"":false,""scraped_at"":""2026-07-04T10:00:13.918Z""}"
Krannich Solar;1734286;1734286;RF HB CR M12x300 PA BC;Predmontovaný kombivrut M12x300 šestihran SW 9 mm;Konstrukce;K2 Systems;136.53;21;ks;https://shop.krannich-solar.com/cs-cz/RF-HB-CR-M12x300-PA-BC/1734286;0 ks na skladě, možné naskladnění: 05.08.2026;"{""categories"":[""Konstrukce""],""price_raw"":""136,53 Kč*"",""price_per_wp_raw"":"""",""price_per_wp_czk_without_vat"":null,""properties"":{},""image_url"":""https://cdn.shop.krannich-solar.com/media/c9/ae/62/1750077956/1734286_1_1_2_7_11271c324f857d1b89019f4bb522997c0f9b3351_det_m_rf_hb_cr_m12x300_pa_bc.jpg.jpg?width=3000"",""has_quantity_discount"":false,""scraped_at"":""2026-07-04T10:02:50.802Z""}"
Krannich Solar;1716208;1716208;RF HB HZ - M8x100 - 50mm - E16 KALOTTE -;Solární úchytka pro drevo, délka 150mm;Konstrukce;K2 Systems;105.73;21;ks;https://shop.krannich-solar.com/cs-cz/RF-HB-HZ-M8x100-50mm-E16-KALOTTE/1716208;0 ks na skladě, možné naskladnění: 05.08.2026;"{""categories"":[""Konstrukce""],""price_raw"":""105,73 Kč*"",""price_per_wp_raw"":"""",""price_per_wp_czk_without_vat"":null,""properties"":{},""image_url"":""https://cdn.shop.krannich-solar.com/media/c2/14/d2/1750077949/1716208_9_1_5_3_91538afa24fe8eabcf8809339ddc56846307ce5b_det_m_rf_hb_hz_e16.jpg.jpg?width=3000"",""has_quantity_discount"":false,""scraped_at"":""2026-07-04T10:03:00.651Z""}"
Krannich Solar;1716209;1716209;RF HB HZ - M8x100 - 50mm - FZD;Úchytka s vláknocementovým těsněním 8x100/50;Konstrukce;K2 Systems;100.15;21;ks;https://shop.krannich-solar.com/cs-cz/RF-HB-HZ-M8x100-50mm-FZD/1716209;30 ks na skladě, možné naskladnění: 05.08.2026;"{""categories"":[""Konstrukce""],""price_raw"":""100,15 Kč*"",""price_per_wp_raw"":"""",""price_per_wp_czk_without_vat"":null,""properties"":{},""image_url"":""https://cdn.shop.krannich-solar.com/media/3d/14/eb/1750077952/1716209_f_5_0_f_f50f80d8c22bf030dc5b57bc464c7c39477fefee_1003029.jpg.jpg?width=3000"",""has_quantity_discount"":false,""scraped_at"":""2026-07-04T10:00:25.932Z""}"
Krannich Solar;1744222;1744222;RF HB HZ - M8x100 - 50mm - FZD;Solární upevňovací prvek pro dřevo;Konstrukce;K2 Systems;100.15;21;ks;https://shop.krannich-solar.com/cs-cz/RF-HB-HZ-M8x100-50mm-FZD/1744222;0 ks na skladě, možné naskladnění: 05.08.2026;"{""categories"":[""Konstrukce""],""price_raw"":""100,15 Kč*"",""price_per_wp_raw"":"""",""price_per_wp_czk_without_vat"":null,""properties"":{},""image_url"":""https://cdn.shop.krannich-solar.com/media/88/89/03/1750077984/1744222_7_b_9_d_7b9de7d39ad446602d870a762c800633287d4ceb_det_rf_hb_hz_m8x100_50mm_fzd.jpg.jpg?width=3000"",""has_quantity_discount"":false,""scraped_at"":""2026-07-04T10:02:50.803Z""}"
Krannich Solar;1716034;1716034;RF HB HZ - M8x100 - 70mm - E16 KALOTTE;Úchytka s kalotou 8x100/70;Konstrukce;K2 Systems;116.89;21;ks;https://shop.krannich-solar.com/cs-cz/RF-HB-HZ-M8x100-70mm-E16-KALOTTE/1716034;0 ks na skladě, možné naskladnění: 05.08.2026;"{""categories"":[""Konstrukce""],""price_raw"":""116,89 Kč*"",""price_per_wp_raw"":"""",""price_per_wp_czk_without_vat"":null,""properties"":{},""image_url"":""https://cdn.shop.krannich-solar.com/media/75/72/63/1750077943/1716034_a_8_4_3_a8434358706eb15aaa1ce4cb9442bab7ae2d0dd3_det_m_rf_hb_hz_e16.jpg.jpg?width=3000"",""has_quantity_discount"":false,""scraped_at"":""2026-07-04T10:02:53.339Z""}"
Krannich Solar;1716210;1716210;RF HB HZ - M8x130 - 50mm - E16 KALOTTE;Solární úchytka s kalotou 8x130/50;Konstrukce;K2 Systems;102.82;21;ks;https://shop.krannich-solar.com/cs-cz/RF-HB-HZ-M8x130-50mm-E16-KALOTTE/1716210;0 ks na skladě, možné naskladnění: 05.08.2026;"{""categories"":[""Konstrukce""],""price_raw"":""102,82 Kč*"",""price_per_wp_raw"":"""",""price_per_wp_czk_without_vat"":null,""properties"":{},""image_url"":""https://cdn.shop.krannich-solar.com/media/be/ec/f7/1750077956/1716210_9_0_7_7_9077194c3a2d67f33e4093c54afe556c6afa3d82_det_m_rf_hb_hz_e16.jpg.jpg?width=3000"",""has_quantity_discount"":false,""scraped_at"":""2026-07-04T10:02:55.733Z""}"
Krannich Solar;1716211;1716211;RF HB HZ - M8x130 - 50mm - FZD;Úchytka s vláknocementovým těsněním 8x130/50;Konstrukce;K2 Systems;102.82;21;ks;https://shop.krannich-solar.com/cs-cz/RF-HB-HZ-M8x130-50mm-FZD/1716211;0 ks na skladě, možné naskladnění: 05.08.2026;"{""categories"":[""Konstrukce""],""price_raw"":""102,82 Kč*"",""price_per_wp_raw"":"""",""price_per_wp_czk_without_vat"":null,""properties"":{},""image_url"":""https://cdn.shop.krannich-solar.com/media/59/19/69/1750077952/1716211_e_c_8_4_ec84252f6d44a02c279696de85b59dffab4cf621_det_m_rf_hb_hz_fzd.jpg.jpg?width=3000"",""has_quantity_discount"":false,""scraped_at"":""2026-07-04T10:02:58.217Z""}"
Krannich Solar;1715755;1715755;RF HB HZ - M8x130 - 70mm - FZD;Úchytka s vláknocementovým těsněním 8x130/70;Konstrukce;K2 Systems;117.86;21;ks;https://shop.krannich-solar.com/cs-cz/RF-HB-HZ-M8x130-70mm-FZD/1715755;0 ks na skladě, možné naskladnění: 05.08.2026;"{""categories"":[""Konstrukce""],""price_raw"":""117,86 Kč*"",""price_per_wp_raw"":"""",""price_per_wp_czk_without_vat"":null,""properties"":{},""image_url"":""https://cdn.shop.krannich-solar.com/media/96/13/c6/1750077941/1715755_3_b_f_3_3bf3e0324806c8fafeda62519719589a89ea1735_det_m_rf_hb_hz_fzd.jpg.jpg?width=3000"",""has_quantity_discount"":false,""scraped_at"":""2026-07-04T10:02:55.733Z""}"
Krannich Solar;1743539;1743539;RF HB HZ - M8x150 - 50mm - E16 KALOTTA / RAL3009;Solární upevňovací prvek pro dřevo;Konstrukce;K2 Systems;105.97;21;ks;https://shop.krannich-solar.com/cs-cz/RF-HB-HZ-M8x150-50mm-E16-KALOTTA-RAL3009/1743539;0 ks na skladě, možné naskladnění: 05.08.2026;"{""categories"":[""Konstrukce""],""price_raw"":""105,97 Kč*"",""price_per_wp_raw"":"""",""price_per_wp_czk_without_vat"":null,""properties"":{},""image_url"":""https://cdn.shop.krannich-solar.com/media/5f/74/7a/1750077945/1743539_a_2_4_d_a24d8db578155cbda7fc616bcb6db14afa471049_det_m_rf_hb_st_m8x150_50mm_e16__kalotte_.jpg.jpg?width=3000"",""has_quantity_discount"":false,""scraped_at"":""2026-07-04T10:02:55.732Z""}"
Krannich Solar;1716212;1716212;RF HB HZ - M8x150 - 50mm - E16 KALOTTE -;Solární úchytka pro drevo, délka 200mm;Konstrukce;K2 Systems;105.97;21;ks;https://shop.krannich-solar.com/cs-cz/RF-HB-HZ-M8x150-50mm-E16-KALOTTE/1716212;0 ks na skladě, možné naskladnění: 05.08.2026;"{""categories"":[""Konstrukce""],""price_raw"":""105,97 Kč*"",""price_per_wp_raw"":"""",""price_per_wp_czk_without_vat"":null,""properties"":{},""image_url"":""https://cdn.shop.krannich-solar.com/media/ee/c7/f0/1750077957/1716212_b_6_d_c_b6dc50337abcd1aca7835b4016f4b0d8a4a88c30_det_m_rf_hb_hz_e16.jpg.jpg?width=3000"",""has_quantity_discount"":false,""scraped_at"":""2026-07-04T10:02:53.337Z""}"
Krannich Solar;1716213;1716213;RF HB HZ - M8x150 - 50mm - FZD;Úchytka s vláknocementovým těsněním 8x150/50;Konstrukce;K2 Systems;109.61;21;ks;https://shop.krannich-solar.com/cs-cz/RF-HB-HZ-M8x150-50mm-FZD/1716213;0 ks na skladě, možné naskladnění: 05.08.2026;"{""categories"":[""Konstrukce""],""price_raw"":""109,61 Kč*"",""price_per_wp_raw"":"""",""price_per_wp_czk_without_vat"":null,""properties"":{},""image_url"":""https://cdn.shop.krannich-solar.com/media/18/e7/92/1750077956/1716213_6_4_d_f_64df04a71d01af6092e14056ce184f1e8961cbe7_det_m_rf_hb_hz_fzd.jpg.jpg?width=3000"",""has_quantity_discount"":false,""scraped_at"":""2026-07-04T10:03:00.652Z""}"
Krannich Solar;1715777;1715777;RF HB HZ - M8x150 - 70mm - FZD;Úchytka s vláknocementovým těsněním 8x150/70;Konstrukce;K2 Systems;112.04;21;ks;https://shop.krannich-solar.com/cs-cz/RF-HB-HZ-M8x150-70mm-FZD/1715777;0 ks na skladě, možné naskladnění: 05.08.2026;"{""categories"":[""Konstrukce""],""price_raw"":""112,04 Kč*"",""price_per_wp_raw"":"""",""price_per_wp_czk_without_vat"":null,""properties"":{},""image_url"":""https://cdn.shop.krannich-solar.com/media/e6/91/15/1750077937/1715777_f_4_0_8_f40872ee0b7e31414c70e895e5c5f39770ff2725_1005263.jpg.jpg?width=3000"",""has_quantity_discount"":false,""scraped_at"":""2026-07-04T10:02:50.803Z""}"
Krannich Solar;1716214;1716214;RF HB HZ - M8x180 - 50mm - E16 KALOTTE;Solární úchytka s kalotou 8x180/50;Konstrukce;K2 Systems;123.19;21;ks;https://shop.krannich-solar.com/cs-cz/RF-HB-HZ-M8x180-50mm-E16-KALOTTE/1716214;0 ks na skladě, možné naskladnění: 05.08.2026;"{""categories"":[""Konstrukce""],""price_raw"":""123,19 Kč*"",""price_per_wp_raw"":"""",""price_per_wp_czk_without_vat"":null,""properties"":{},""image_url"":""https://cdn.shop.krannich-solar.com/media/b2/0e/cf/1750077954/1716214_3_3_c_5_33c5a2a70d5e0a7e59612a6cdc832ee272f5592c_det_m_rf_hb_hz_e16.jpg.jpg?width=3000"",""has_quantity_discount"":false,""scraped_at"":""2026-07-04T10:02:58.217Z""}"
Krannich Solar;1716215;1716215;RF HB HZ - M8x180 - 50mm - FZD;Úchytka s vláknocementovým těsněním 8x180/50;Konstrukce;K2 Systems;134.1;21;ks;https://shop.krannich-solar.com/cs-cz/RF-HB-HZ-M8x180-50mm-FZD/1716215;0 ks na skladě, možné naskladnění: 05.08.2026;"{""categories"":[""Konstrukce""],""price_raw"":""134,10 Kč*"",""price_per_wp_raw"":"""",""price_per_wp_czk_without_vat"":null,""properties"":{},""image_url"":""https://cdn.shop.krannich-solar.com/media/39/7f/42/1750077954/1716215_e_0_4_4_e0440e3c734c37fec9df5cfb2bdef69978adf5f8_det_m_rf_hb_hz_fzd.jpg.jpg?width=3000"",""has_quantity_discount"":false,""scraped_at"":""2026-07-04T10:03:00.652Z""}"
Krannich Solar;1716218;1716218;RF HB HZ - M8x200 - 50mm - E16 KALOTTE;Úchytka s kalotou 8x200/50;Konstrukce;K2 Systems;123.92;21;ks;https://shop.krannich-solar.com/cs-cz/RF-HB-HZ-M8x200-50mm-E16-KALOTTE/1716218;0 ks na skladě, možné naskladnění: 05.08.2026;"{""categories"":[""Konstrukce""],""price_raw"":""123,92 Kč*"",""price_per_wp_raw"":"""",""price_per_wp_czk_without_vat"":null,""properties"":{},""image_url"":""https://cdn.shop.krannich-solar.com/media/3e/01/64/1750077961/1716218_b_1_b_8_b1b84e9a47410480c0f3bcf99f10ec387b2c54aa_det_m_rf_hb_hz_e16.jpg.jpg?width=3000"",""has_quantity_discount"":false,""scraped_at"":""2026-07-04T10:02:50.803Z""}"
Krannich Solar;1740371;1740371;RF HB HZ - M8x200 - 70mm - FZD;Solární upevňovací prvek pro dřevo;Konstrukce;K2 Systems;125.86;21;ks;https://shop.krannich-solar.com/cs-cz/RF-HB-HZ-M8x200-70mm-FZD/1740371;0 ks na skladě, možné naskladnění: 05.08.2026;"{""categories"":[""Konstrukce""],""price_raw"":""125,86 Kč*"",""price_per_wp_raw"":"""",""price_per_wp_czk_without_vat"":null,""properties"":{},""image_url"":""https://cdn.shop.krannich-solar.com/media/23/ba/70/1750077966/1740371_3_7_f_e_37fe2c67a65a0b3b87a796c9b356e5b60eb9039d_det_m_rf_hb_hz_fzd.jpg.jpg?width=3000"",""has_quantity_discount"":false,""scraped_at"":""2026-07-04T10:02:55.732Z""}"
Krannich Solar;1716206;1716206;RF HB HZ - M8x80 - 50mm - E16 KALOTTE;Solární úchytka s kalotou 8x80/50;Konstrukce;K2 Systems;102.82;21;ks;https://shop.krannich-solar.com/cs-cz/RF-HB-HZ-M8x80-50mm-E16-KALOTTE/1716206;0 ks na skladě, možné naskladnění: 05.08.2026;"{""categories"":[""Konstrukce""],""price_raw"":""102,82 Kč*"",""price_per_wp_raw"":"""",""price_per_wp_czk_without_vat"":null,""properties"":{},""image_url"":""https://cdn.shop.krannich-solar.com/media/dc/4e/9e/1750077948/1716206_1_e_4_a_1e4a1f5dd23bd73edbc41d0a1f95532eb874f8a1_det_m_rf_hb_hz_e16.jpg.jpg?width=3000"",""has_quantity_discount"":false,""scraped_at"":""2026-07-04T10:03:00.651Z""}"
Krannich Solar;1749799;1749799;RF HB HZ - M8x80 - 50mm - FZD;Úchytka s vláknocementovým těsněním 8x80/50;Konstrukce;K2 Systems;97;21;ks;https://shop.krannich-solar.com/cs-cz/RF-HB-HZ-M8x80-50mm-FZD/1749799;0 ks na skladě, možné naskladnění: 05.08.2026;"{""categories"":[""Konstrukce""],""price_raw"":""97,00 Kč*"",""price_per_wp_raw"":"""",""price_per_wp_czk_without_vat"":null,""properties"":{},""image_url"":""https://cdn.shop.krannich-solar.com/media/05/42/0a/1750077590/1749799_3_4_f_b_34fbb8d923a9feadcaff747ce8bfc306dc54ee1b_Solar_Fastener_T_FZD__1_.jpg.jpg?width=3000"",""has_quantity_discount"":false,""scraped_at"":""2026-07-04T10:02:53.338Z""}"
Krannich Solar;1714522;1714522;RF HB HZ - M8x80 - 70mm - E16 KALOTTE;Úchytka s kalotou 8x80/70;Konstrukce;K2 Systems;111.55;21;ks;https://shop.krannich-solar.com/cs-cz/RF-HB-HZ-M8x80-70mm-E16-KALOTTE/1714522;0 ks na skladě, možné naskladnění: 05.08.2026;"{""categories"":[""Konstrukce""],""price_raw"":""111,55 Kč*"",""price_per_wp_raw"":"""",""price_per_wp_czk_without_vat"":null,""properties"":{},""image_url"":""https://cdn.shop.krannich-solar.com/media/bd/2d/ef/1750077816/1714522_b_4_f_5_b4f54f66737b2c49767d7a7625e7d0689998dd0c_det_m_rf_hb_hz_e16.jpg.jpg?width=3000"",""has_quantity_discount"":false,""scraped_at"":""2026-07-04T10:02:50.803Z""}"
Krannich Solar;1720734;1720734;RF HB M10x180 PA BC;Oboustranný M10x180 do dreva, V2A,predmontovaný;Konstrukce;K2 Systems;56.02;21;ks;https://shop.krannich-solar.com/cs-cz/RF-HB-M10x180-PA-BC/1720734;525 ks na skladě, možné naskladnění: 05.08.2026;"{""categories"":[""Konstrukce""],""price_raw"":""56,02 Kč*"",""price_per_wp_raw"":"""",""price_per_wp_czk_without_vat"":null,""properties"":{},""image_url"":""https://cdn.shop.krannich-solar.com/media/db/ba/g0/1750173965/1720734_1_1_6_a_116ad225e17d87f8bf6519ebb87f4f11dbe7eafa_det_m_rf_hb_m10x180_pa_bc.jpg.jpg?width=3000"",""has_quantity_discount"":false,""scraped_at"":""2026-07-04T10:00:06.621Z""}"
Krannich Solar;1720612;1720612;RF HB M10x200 PA BC;Oboustranný M10x200 do dreva, V2A,predmontovaný;Konstrukce;K2 Systems;58.93;21;ks;https://shop.krannich-solar.com/cs-cz/RF-HB-M10x200-PA-BC/1720612;2024 ks na skladě, možné naskladnění: 05.08.2026;"{""categories"":[""Konstrukce""],""price_raw"":""58,93 Kč*"",""price_per_wp_raw"":"""",""price_per_wp_czk_without_vat"":null,""properties"":{},""image_url"":""https://cdn.shop.krannich-solar.com/media/bd/a0/48/1750173956/1720612_b_c_2_2_bc22fa7287110b8b0603a95debcbce250a47068b_det_m_rf_hb_m10x200_pa_bc.jpg.jpg?width=3000"",""has_quantity_discount"":false,""scraped_at"":""2026-07-04T10:00:04.096Z""}"
Krannich Solar;1720735;1720735;RF HB M10x250 PA BC;Oboustranný M10x250 do dreva, V2A,predmontovaný;Konstrukce;K2 Systems;65.23;21;ks;https://shop.krannich-solar.com/cs-cz/RF-HB-M10x250-PA-BC/1720735;225 ks na skladě, možné naskladnění: 05.08.2026;"{""categories"":[""Konstrukce""],""price_raw"":""65,23 Kč*"",""price_per_wp_raw"":"""",""price_per_wp_czk_without_vat"":null,""properties"":{},""image_url"":""https://cdn.shop.krannich-solar.com/media/b7/c8/34/1750173963/1720735_6_1_c_1_61c1f74465d81593c96501b369790933e603ac0f_det_m_rf_hb_m10x250_pa_bc.jpg.jpg?width=3000"",""has_quantity_discount"":false,""scraped_at"":""2026-07-04T10:00:11.505Z""}"
Krannich Solar;1720736;1720736;RF HB M12x200 PA BC;Oboustranný M12x200 do dreva, V2A,predmontovaný;Konstrukce;K2 Systems;68.14;21;ks;https://shop.krannich-solar.com/cs-cz/RF-HB-M12x200-PA-BC/1720736;0 ks na skladě, možné naskladnění: 05.08.2026;"{""categories"":[""Konstrukce""],""price_raw"":""68,14 Kč*"",""price_per_wp_raw"":"""",""price_per_wp_czk_without_vat"":null,""properties"":{},""image_url"":""https://cdn.shop.krannich-solar.com/media/e6/e4/62/1750173968/1720736_6_a_2_f_6a2f13c836e4b67f645a8eb47f44c56303fbe07b_det_m_rf_hb_m12x200_pa_bc.jpg.jpg?width=3000"",""has_quantity_discount"":false,""scraped_at"":""2026-07-04T10:02:55.733Z""}"
Krannich Solar;1720738;1720738;RF HB M12x250 PA BC;Oboustranný M12x250 do dreva, V2A,predmontovaný;Konstrukce;K2 Systems;100.64;21;ks;https://shop.krannich-solar.com/cs-cz/RF-HB-M12x250-PA-BC/1720738;0 ks na skladě, možné naskladnění: 05.08.2026;"{""categories"":[""Konstrukce""],""price_raw"":""100,64 Kč*"",""price_per_wp_raw"":"""",""price_per_wp_czk_without_vat"":null,""properties"":{},""image_url"":""https://cdn.shop.krannich-solar.com/media/da/df/30/1750173975/1720738_3_9_f_9_39f9ded4ba1fbf4a03b0183efde32d26de2d0333_det_m_rf_hb_m12x250_pa_bc.jpg.jpg?width=3000"",""has_quantity_discount"":false,""scraped_at"":""2026-07-04T10:03:00.651Z""}"
Krannich Solar;1720739;1720739;RF HB M12x300 PA BC;Oboustranný M12x300 do dreva, V2A,predmontovaný;Konstrukce;K2 Systems;100.64;21;ks;https://shop.krannich-solar.com/cs-cz/RF-HB-M12x300-PA-BC/1720739;149 ks na skladě, možné naskladnění: 05.08.2026;"{""categories"":[""Konstrukce""],""price_raw"":""100,64 Kč*"",""price_per_wp_raw"":"""",""price_per_wp_czk_without_vat"":null,""properties"":{},""image_url"":""https://cdn.shop.krannich-solar.com/media/9b/f3/d1/1750173974/1720739_4_b_1_a_4b1a52d33c1e8411823d5fda3f06d5374bbfb871_det_m_rf_hb_m12x300_pa_bc.jpg.jpg?width=3000"",""has_quantity_discount"":false,""scraped_at"":""2026-07-04T10:00:16.364Z""}"
Krannich Solar;1729571;1729571;RF HB ST - M8x115 - 50mm - FZD;Kombivrut do kovu, celková délka 165 mm;Konstrukce;K2 Systems;109.61;21;ks;https://shop.krannich-solar.com/cs-cz/RF-HB-ST-M8x115-50mm-FZD/1729571;0 ks na skladě, možné naskladnění: 05.08.2026;"{""categories"":[""Konstrukce""],""price_raw"":""109,61 Kč*"",""price_per_wp_raw"":"""",""price_per_wp_czk_without_vat"":null,""properties"":{},""image_url"":""https://cdn.shop.krannich-solar.com/media/6d/5e/bc/1750077801/1729571_7_a_2_5_7a2563631a9a7c5d573da06cf489af070fbb8bc6_det_m_rf_hb_st_m8x125_50mm_fzd__dichtscheibe_.jpg.jpg?width=3000"",""has_quantity_discount"":false,""scraped_at"":""2026-07-04T10:02:55.732Z""}"
Krannich Solar;1741930;1741930;RF HB ST - M8x115 - 70mm - FZD;;Konstrukce;K2 Systems;125.13;21;ks;https://shop.krannich-solar.com/cs-cz/RF-HB-ST-M8x115-70mm-FZD/1741930;0 ks na skladě, možné naskladnění: 05.08.2026;"{""categories"":[""Konstrukce""],""price_raw"":""125,13 Kč*"",""price_per_wp_raw"":"""",""price_per_wp_czk_without_vat"":null,""properties"":{},""image_url"":""https://cdn.shop.krannich-solar.com/media/55/4d/67/1750077842/1741930_0_1_1_4_0114a3bfb338ab1722de9d02d62429d061313380_1741930.jpg.jpg?width=3000"",""has_quantity_discount"":false,""scraped_at"":""2026-07-04T10:02:58.217Z""}"
Krannich Solar;1743932;1743932;RF HB ST - M8x155 - 50mm - E16 KALOTTE;;Konstrukce;K2 Systems;117.13;21;ks;https://shop.krannich-solar.com/cs-cz/RF-HB-ST-M8x155-50mm-E16-KALOTTE/1743932;0 ks na skladě, možné naskladnění: 05.08.2026;"{""categories"":[""Konstrukce""],""price_raw"":""117,13 Kč*"",""price_per_wp_raw"":"""",""price_per_wp_czk_without_vat"":null,""properties"":{},""image_url"":""https://cdn.shop.krannich-solar.com/media/d9/a2/05/1750077976/1743932_6_9_f_2_69f26a1c9a92b175a44541f6b81f127a08312a27_det_m_rf_hb_st_m8x155_50mm_e16__kalotte_.jpg.jpg?width=3000"",""has_quantity_discount"":false,""scraped_at"":""2026-07-04T10:02:50.802Z""}"
Krannich Solar;1741815;1741815;RF HB ST - M8x155 - 50mm - FZD;Kombivrut do kovu, celková délka 205 mm;Konstrukce;K2 Systems;117.13;21;ks;https://shop.krannich-solar.com/cs-cz/RF-HB-ST-M8x155-50mm-FZD/1741815;0 ks na skladě, možné naskladnění: 05.08.2026;"{""categories"":[""Konstrukce""],""price_raw"":""117,13 Kč*"",""price_per_wp_raw"":"""",""price_per_wp_czk_without_vat"":null,""properties"":{},""image_url"":""https://cdn.shop.krannich-solar.com/media/48/5f/58/1750077801/1741815_3_b_6_a_3b6afa278b79c8520accf0a81f9ed20cc0c59bbb_det_m_rf_hb_st_m8x150_50mm_fzd__dichtscheibe_.jpg.jpg?width=3000"",""has_quantity_discount"":false,""scraped_at"":""2026-07-04T10:02:58.218Z""}"
Krannich Solar;1751258;1751258;RF HB ST - M8x155 - 70mm - E16 KALOTTE;;Konstrukce;K2 Systems;125.13;21;ks;https://shop.krannich-solar.com/cs-cz/RF-HB-ST-M8x155-70mm-E16-KALOTTE/1751258;0 ks na skladě, možné naskladnění: 05.08.2026;"{""categories"":[""Konstrukce""],""price_raw"":""125,13 Kč*"",""price_per_wp_raw"":"""",""price_per_wp_czk_without_vat"":null,""properties"":{},""image_url"":""https://cdn.shop.krannich-solar.com/media/55/25/e8/1750077175/1751258_8_5_4_e_854e62a729e48dd5d13403cad9c17917effd759b_det_m_rf_hb_st_m8x155_70mm_e16__kalotte_.jpg.jpg?width=3000"",""has_quantity_discount"":false,""scraped_at"":""2026-07-04T10:02:50.802Z""}"
Krannich Solar;1741901;1741901;RF HB ST - M8x195 - 50mm - E16 Kalota;Solární upevňovací prvek pro ocel, délka 245 mm;Konstrukce;K2 Systems;125.13;21;ks;https://shop.krannich-solar.com/cs-cz/RF-HB-ST-M8x195-50mm-E16-Kalota/1741901;0 ks na skladě, možné naskladnění: 05.08.2026;"{""categories"":[""Konstrukce""],""price_raw"":""125,13 Kč*"",""price_per_wp_raw"":"""",""price_per_wp_czk_without_vat"":null,""properties"":{},""image_url"":""https://cdn.shop.krannich-solar.com/media/9e/f3/76/1750077833/1741901_8_9_6_9_8969a2619b26cf5d970fce9b58e2addfde6bf0cb_det_m_rf_hb_st_m8x195_50mm_e16__kalotte_.jpg.jpg?width=3000"",""has_quantity_discount"":false,""scraped_at"":""2026-07-04T10:02:58.217Z""}"
Krannich Solar;1714934;1714934;RF HB ST - M8x195 - 50mm - FZD;Kombivrut do kovu, celková délka 245 mm;Konstrukce;K2 Systems;125.13;21;ks;https://shop.krannich-solar.com/cs-cz/RF-HB-ST-M8x195-50mm-FZD/1714934;0 ks na skladě, možné naskladnění: 05.08.2026;"{""categories"":[""Konstrukce""],""price_raw"":""125,13 Kč*"",""price_per_wp_raw"":"""",""price_per_wp_czk_without_vat"":null,""properties"":{},""image_url"":""https://cdn.shop.krannich-solar.com/media/8b/a7/ab/1750077906/1714934_e_3_6_0_e36093055b87a1adcc609d64aba1905c9e19842f_det_m_rf_hb_st_m8x195_70mm_fzd__dichtscheibe_.jpg.jpg?width=3000"",""has_quantity_discount"":false,""scraped_at"":""2026-07-04T10:02:48.385Z""}"
Krannich Solar;1733657;1733657;RF HB ST - M8x195 - 70mm - E16 KALOTTE;Solární upevnovací prvky pro ocel;Konstrukce;K2 Systems;129.5;21;ks;https://shop.krannich-solar.com/cs-cz/RF-HB-ST-M8x195-70mm-E16-KALOTTE/1733657;0 ks na skladě, možné naskladnění: 05.08.2026;"{""categories"":[""Konstrukce""],""price_raw"":""129,50 Kč*"",""price_per_wp_raw"":"""",""price_per_wp_czk_without_vat"":null,""properties"":{},""image_url"":""https://cdn.shop.krannich-solar.com/media/43/3a/75/1750077931/1733657_3_3_a_9_33a901cac34d60ba0e4685f07eff235bd9efd0d9_det_m_rf_hb_st_m8x195_70mm_e16__kalotte_.jpg.jpg?width=3000"",""has_quantity_discount"":false,""scraped_at"":""2026-07-04T10:02:55.733Z""}"
Krannich Solar;1730262;1730262;RF HB ST - M8x195 - 70mm - FZD -;Upevnovací prvek pro ocel s vrtákem, predmontovaný;Konstrukce;K2 Systems;125.13;21;ks;https://shop.krannich-solar.com/cs-cz/RF-HB-ST-M8x195-70mm-FZD/1730262;0 ks na skladě, možné naskladnění: 05.08.2026;"{""categories"":[""Konstrukce""],""price_raw"":""125,13 Kč*"",""price_per_wp_raw"":"""",""price_per_wp_czk_without_vat"":null,""properties"":{},""image_url"":""https://cdn.shop.krannich-solar.com/media/8f/86/04/1750077871/1730262_b_1_5_6_b1562598f5a7c79544666a39cda0d9f8873fca63_det_m_rf_hb_st_m8x195_70mm_fzd__dichtscheibe_.jpg.jpg?width=3000"",""has_quantity_discount"":false,""scraped_at"":""2026-07-04T10:02:58.218Z""}"
Krannich Solar;1741944;1741944;RF HB ST - M8x85 - 50mm - E16 KALOTTE;;Konstrukce;K2 Systems;104.52;21;ks;https://shop.krannich-solar.com/cs-cz/RF-HB-ST-M8x85-50mm-E16-KALOTTE/1741944;0 ks na skladě, možné naskladnění: 05.08.2026;"{""categories"":[""Konstrukce""],""price_raw"":""104,52 Kč*"",""price_per_wp_raw"":"""",""price_per_wp_czk_without_vat"":null,""properties"":{},""image_url"":""https://cdn.shop.krannich-solar.com/media/53/89/f1/1750077851/1741944_f_b_0_7_fb070f93c2628f9227d48398fee9ad42cc01be05_det_m_rf_hb_st_m8x85_50mm_e16__kalotte_.jpg.jpg?width=3000"",""has_quantity_discount"":false,""scraped_at"":""2026-07-04T10:02:53.338Z""}"
Krannich Solar;1741850;1741850;RF HB ST - M8x85 - 50mm - FZD;Kombivrut do kovu, celková délka 135 mm;Konstrukce;K2 Systems;104.52;21;ks;https://shop.krannich-solar.com/cs-cz/RF-HB-ST-M8x85-50mm-FZD/1741850;200 ks na skladě, možné naskladnění: 05.08.2026;"{""categories"":[""Konstrukce""],""price_raw"":""104,52 Kč*"",""price_per_wp_raw"":"""",""price_per_wp_czk_without_vat"":null,""properties"":{},""image_url"":""https://cdn.shop.krannich-solar.com/media/fe/2e/ea/1750077790/1741850_e_6_1_d_e61d0ebac736a9a9965cacf720ba3a1aa2c9e607_2003013.jpg.jpg?width=3000"",""has_quantity_discount"":false,""scraped_at"":""2026-07-04T10:00:13.918Z""}"
Krannich Solar;1741929;1741929;RF HB ST - M8x85 - 70mm - FZD;Solární upevňovací prvek pro ocel s vrtacím hrotem;Konstrukce;K2 Systems;125.13;21;ks;https://shop.krannich-solar.com/cs-cz/RF-HB-ST-M8x85-70mm-FZD/1741929;200 ks na skladě, možné naskladnění: 05.08.2026;"{""categories"":[""Konstrukce""],""price_raw"":""125,13 Kč*"",""price_per_wp_raw"":"""",""price_per_wp_czk_without_vat"":null,""properties"":{},""image_url"":""https://cdn.shop.krannich-solar.com/media/90/1b/90/1750077843/1741929_3_7_b_f_37bfbf0e7f55b2543f5f926e72d9a432ad698832_1530182.jpg.jpg?width=3000"",""has_quantity_discount"":false,""scraped_at"":""2026-07-04T10:00:13.918Z""}"
Krannich Solar;1740409;1740409;RF PA coppo;Střešní háky pro tašky Coppo, výškově nastavitelné;Konstrukce;K2 Systems;175.57;21;ks;https://shop.krannich-solar.com/cs-cz/RF-PA-coppo/1740409;0 ks na skladě, možné naskladnění: 05.08.2026;"{""categories"":[""Konstrukce""],""price_raw"":""175,57 Kč*"",""price_per_wp_raw"":"""",""price_per_wp_czk_without_vat"":null,""properties"":{},""image_url"":""https://cdn.shop.krannich-solar.com/media/b3/35/e5/1750077980/1740409_d_e_d_0_ded05c6ba1cfac07dbc196bf91df6ccd93a1a05e_det_m_rf_pa_coppo.jpg.jpg?width=3000"",""has_quantity_discount"":false,""scraped_at"":""2026-07-04T10:02:53.339Z""}"
Krannich Solar;1712933;1712933;RF PA H38-120;Střešní hák pro taškovou střechu;Konstrukce;K2 Systems;183.33;21;ks;https://shop.krannich-solar.com/cs-cz/RF-PA-H38-120/1712933;0 ks na skladě, možné naskladnění: 05.08.2026;"{""categories"":[""Konstrukce""],""price_raw"":""183,33 Kč*"",""price_per_wp_raw"":"""",""price_per_wp_czk_without_vat"":null,""properties"":{},""image_url"":""https://cdn.shop.krannich-solar.com/media/4d/88/e9/1750077195/1712933_4_c_6_0_4c60a89083587e82eb4efbb414b9a9c67ba318dd_det_m_rf_pa_h38_120.jpg.jpg?width=3000"",""has_quantity_discount"":false,""scraped_at"":""2026-07-04T10:03:00.652Z""}"
Krannich Solar;1715600;1715600;RF PA H47-120-5x180x80-8x40-HD;Alpin-strešní hák pro taškovou strechu v=47mm;Konstrukce;K2 Systems;268.93;21;ks;https://shop.krannich-solar.com/cs-cz/RF-PA-H47-120-5x180x80-8x40-HD/1715600;0 ks na skladě, možné naskladnění: 05.08.2026;"{""categories"":[""Konstrukce""],""price_raw"":""268,93 Kč*"",""price_per_wp_raw"":"""",""price_per_wp_czk_without_vat"":null,""properties"":{},""image_url"":""https://cdn.shop.krannich-solar.com/media/71/ec/4f/1750077932/1715600_6_5_5_b_655b2ed4c045207189b64bb2df388c14fc63ca0e_det_m_rf_pa_h47_120_hd.jpg.jpg?width=3000"",""has_quantity_discount"":false,""scraped_at"":""2026-07-04T10:02:58.217Z""}"
Krannich Solar;1712722;1712722;RF PA H47-134;Střešní hák pro taškovou střechu;Konstrukce;K2 Systems;137.26;21;ks;https://shop.krannich-solar.com/cs-cz/RF-PA-H47-134/1712722;32 ks na skladě, možné naskladnění: 05.08.2026;"{""categories"":[""Konstrukce""],""price_raw"":""137,26 Kč*"",""price_per_wp_raw"":"""",""price_per_wp_czk_without_vat"":null,""properties"":{},""image_url"":""https://cdn.shop.krannich-solar.com/media/10/69/83/1750077574/1712722_7_5_8_1_7581af4432f35f9e198658a265544d6fe3a130c8_det_m_rf_pa_h47_130_kl.pl.jpg.jpg?width=3000"",""has_quantity_discount"":false,""scraped_at"":""2026-07-04T10:00:25.932Z""}"
Krannich Solar;1715991;1715991;RF PA H47-138-4x180x80-6x35 dlouhý držák (13cm);Střešní háky pro tašky h=47mm (velká deska);Konstrukce;K2 Systems;202.49;21;ks;https://shop.krannich-solar.com/cs-cz/RF-PA-H47-138-4x180x80-6x35-dlouhy-drzak-13cm/1715991;0 ks na skladě, možné naskladnění: 05.08.2026;"{""categories"":[""Konstrukce""],""price_raw"":""202,49 Kč*"",""price_per_wp_raw"":"""",""price_per_wp_czk_without_vat"":null,""properties"":{},""image_url"":""https://cdn.shop.krannich-solar.com/media/46/41/f5/1750077942/1715991_b_9_e_0_b9e0f884169b47a92bfbd347c5bb7d4b6923f31d_det_f_m_rf_pa_lb.jpg.jpg?width=3000"",""has_quantity_discount"":false,""scraped_at"":""2026-07-04T10:02:55.733Z""}"
Krannich Solar;1712814;1712814;RF PA VARIO 1 - 5/6x30;Střešní hák, nastavitelný v 1 směru;Konstrukce;K2 Systems;164.66;21;ks;https://shop.krannich-solar.com/cs-cz/RF-PA-VARIO-1-5-6x30/1712814;42 ks na skladě, možné naskladnění: 05.08.2026;"{""categories"":[""Konstrukce""],""price_raw"":""164,66 Kč*"",""price_per_wp_raw"":"""",""price_per_wp_czk_without_vat"":null,""properties"":{},""image_url"":""https://cdn.shop.krannich-solar.com/media/7c/a2/c7/1750077138/1712814_9_1_7_5_91755ed2ef72e766d3bd68154fdfbe9d0cb2fd83_det_m_rf_pa_vario_1.jpg.jpg?width=3000"",""has_quantity_discount"":false,""scraped_at"":""2026-07-04T10:00:23.555Z""}"
Krannich Solar;1712812;1712812;RF PA VARIO 2 - 5/6x30;Střešní hák, nastavitelný v 2 směrech;Konstrukce;K2 Systems;150.11;21;ks;https://shop.krannich-solar.com/cs-cz/RF-PA-VARIO-2-5-6x30/1712812;232 ks na skladě, možné naskladnění: 05.08.2026;"{""categories"":[""Konstrukce""],""price_raw"":""150,11 Kč*"",""price_per_wp_raw"":"""",""price_per_wp_czk_without_vat"":null,""properties"":{},""image_url"":""https://cdn.shop.krannich-solar.com/media/fb/37/38/1750077132/1712812_5_d_7_9_5d79ba029ba3a5ecd0075ea0b2c7b37fc560b409_det_m_rf_pa_vario_2.jpg.jpg?width=3000"",""has_quantity_discount"":false,""scraped_at"":""2026-07-04T10:00:11.505Z""}"
Krannich Solar;1712846;1712846;RF PL 6x40;Střešní hák pro taškovou střechu (typ bobrovka);Konstrukce;K2 Systems;187.45;21;ks;https://shop.krannich-solar.com/cs-cz/RF-PL-6x40/1712846;89 ks na skladě, možné naskladnění: 05.08.2026;"{""categories"":[""Konstrukce""],""price_raw"":""187,45 Kč*"",""price_per_wp_raw"":"""",""price_per_wp_czk_without_vat"":null,""properties"":{},""image_url"":""https://cdn.shop.krannich-solar.com/media/b5/fe/f2/1750077159/1712846_4_f_2_f_4f2f8f4b27ac194b5b64c68bfe240344c8bff40f_det_m_rf_pl_6x40.jpg.jpg?width=3000"",""has_quantity_discount"":false,""scraped_at"":""2026-07-04T10:00:18.766Z""}"
Krannich Solar;1713632;1713632;RF S 6x40;Strešní háky pro kanadský šindel, 6x40mm;Konstrukce;K2 Systems;182.12;21;ks;https://shop.krannich-solar.com/cs-cz/RF-S-6x40/1713632;40 ks na skladě, možné naskladnění: 13.07.2026;"{""categories"":[""Konstrukce""],""price_raw"":""182,12 Kč*"",""price_per_wp_raw"":"""",""price_per_wp_czk_without_vat"":null,""properties"":{},""image_url"":""https://cdn.shop.krannich-solar.com/media/92/87/f8/1750077341/1713632_b_8_1_d_b81da9c13e4231b2c098f82b878f7174b72ff570_det_m_rf_s_6x40.jpg.jpg?width=3000"",""has_quantity_discount"":false,""scraped_at"":""2026-07-04T10:00:23.556Z""}"
Krannich Solar;1763162;1763162;RidgeConnector Set;;Konstrukce;K2 Systems;393.82;21;ks;https://shop.krannich-solar.com/cs-cz/RidgeConnector-Set/1763162;12 ks na skladě, možné naskladnění: 05.08.2026;"{""categories"":[""Konstrukce""],""price_raw"":""393,82 Kč*"",""price_per_wp_raw"":"""",""price_per_wp_czk_without_vat"":null,""properties"":{},""image_url"":""https://cdn.shop.krannich-solar.com/media/0c/80/7f/1771600034/1763162_e_e_f_7_eef7ee7aa1cdcf7640d347bd10b1451b03631c5d_det_m_rc_ridgeconnector_set.png.png?width=3000"",""has_quantity_discount"":false,""scraped_at"":""2026-07-04T10:00:30.749Z""}"
Krannich Solar;1723919;1723919;RK2 SingleRail 36 - 2,10;;Konstrukce;K2 Systems;349.2;21;ks;https://shop.krannich-solar.com/cs-cz/RK2-SingleRail-36-2-10/1723919;0 ks na skladě, možné naskladnění: 05.08.2026;"{""categories"":[""Konstrukce""],""price_raw"":""349,20 Kč*"",""price_per_wp_raw"":"""",""price_per_wp_czk_without_vat"":null,""properties"":{},""image_url"":""https://cdn.shop.krannich-solar.com/media/e1/f8/8f/1750077555/1723919_1_0_d_4_10d42831e4e21ddd6a84c42759e7cd4836f43153_det_m_rk2_singlerail_36_2_10.jpg.jpg?width=3000"",""has_quantity_discount"":false,""scraped_at"":""2026-07-04T10:02:45.848Z""}"
Krannich Solar;1733156;1733156;RK2 UL 4,40;K2 SolidRail UltraLight 32, délka 4,40 m;Konstrukce;K2 Systems;433.11;21;ks;https://shop.krannich-solar.com/cs-cz/RK2-UL-4-40/1733156;0 ks na skladě, možné naskladnění: 05.08.2026;"{""categories"":[""Konstrukce""],""price_raw"":""433,11 Kč*"",""price_per_wp_raw"":"""",""price_per_wp_czk_without_vat"":null,""properties"":{},""image_url"":""https://cdn.shop.krannich-solar.com/media/1e/b5/b2/1771822080/1733156_0_4_c_b_04cbc5a4eaeca3d8bd561536d9815ee86a434ff5_det_m_rk2_ul_4_40.jpg.jpg?width=3000"",""has_quantity_discount"":false,""scraped_at"":""2026-07-04T10:02:45.848Z""}"
Krannich Solar;1740300;1740300;Round Seam Clamp CF:x SingleRail;Úchytka na falcovaný plech;Konstrukce;K2 Systems;160.78;21;ks;https://shop.krannich-solar.com/cs-cz/Round-Seam-Clamp-CF-x-SingleRail/1740300;100 ks na skladě, možné naskladnění: 05.08.2026;"{""categories"":[""Konstrukce""],""price_raw"":""160,78 Kč*"",""price_per_wp_raw"":"""",""price_per_wp_czk_without_vat"":null,""properties"":{},""image_url"":""https://cdn.shop.krannich-solar.com/media/26/16/14/1750077927/1740300_4_7_3_8_4738f663fb48f82da3b6418823e563525a3fb65d_det_m_rf_r_medi_set.jpg.jpg?width=3000"",""has_quantity_discount"":false,""scraped_at"":""2026-07-04T10:00:18.765Z""}"
Krannich Solar;1740372;1740372;Round Seam Clamp S-5! SolidRail;Úchytka na falcovaný plech;Konstrukce;K2 Systems;163.93;21;ks;https://shop.krannich-solar.com/cs-cz/Round-Seam-Clamp-S-5-SolidRail/1740372;0 ks na skladě, možné naskladnění: 05.08.2026;"{""categories"":[""Konstrukce""],""price_raw"":""163,93 Kč*"",""price_per_wp_raw"":"""",""price_per_wp_czk_without_vat"":null,""properties"":{},""image_url"":""https://cdn.shop.krannich-solar.com/media/5f/d3/22/1750077965/1740372_d_4_c_b_d4cb0daa4f85230a1d43ac5286412026ec51a0be_det_m_rf_kalzip_s_5_z_mini_fl.jpg.jpg?width=3000"",""has_quantity_discount"":false,""scraped_at"":""2026-07-04T10:02:48.385Z""}"
Krannich Solar;1740996;1740996;"Round SeamClamp; SolidRail";Úchytka na falcovaný plech;Konstrukce;K2 Systems;78.57;21;ks;https://shop.krannich-solar.com/cs-cz/Round-SeamClamp-SolidRail/1740996;0 ks na skladě, možné naskladnění: 05.08.2026;"{""categories"":[""Konstrukce""],""price_raw"":""78,57 Kč*"",""price_per_wp_raw"":"""",""price_per_wp_czk_without_vat"":null,""properties"":{},""image_url"":""https://cdn.shop.krannich-solar.com/media/7d/8c/8b/1750173997/1740996_8_6_7_4_8674a26a9818bf241f4a6e04e5021d6d6edcde2f_det_m_rf_kalzip_m10_round_hole.jpg.jpg?width=3000"",""has_quantity_discount"":false,""scraped_at"":""2026-07-04T10:02:50.803Z""}"
Krannich Solar;1720602;1720602;Rychloupínací matice s klipem M8 - hliník;;Konstrukce;K2 Systems;14.31;21;ks;https://shop.krannich-solar.com/cs-cz/Rychloupinaci-matice-s-klipem-M8-hlinik/1720602;866 ks na skladě, možné naskladnění: 05.08.2026;"{""categories"":[""Konstrukce""],""price_raw"":""14,31 Kč*"",""price_per_wp_raw"":"""",""price_per_wp_czk_without_vat"":null,""properties"":{},""image_url"":""https://cdn.shop.krannich-solar.com/media/d2/ab/a3/1750078012/1720602_b_c_2_2_bc225193d25a06610a786b3c397f893d8579b58d_det_m_sn_m8_alu.jpg.jpg?width=3000"",""has_quantity_discount"":false,""scraped_at"":""2026-07-04T10:00:06.619Z""}"
Krannich Solar;1716283;1716283;S-5! E-Mini-FL Standing SeamClamp;Úchytka na falcovaný plech;Konstrukce;K2 Systems;120.04;21;ks;https://shop.krannich-solar.com/cs-cz/S-5-E-Mini-FL-Standing-SeamClamp/1716283;463 ks na skladě, možné naskladnění: 05.08.2026;"{""categories"":[""Konstrukce""],""price_raw"":""120,04 Kč*"",""price_per_wp_raw"":"""",""price_per_wp_czk_without_vat"":null,""properties"":{},""image_url"":""https://cdn.shop.krannich-solar.com/media/0b/f8/58/1750077967/1716283_1_a_c_a_1aca4e0c32b896a4aa62531655f5c65e78814ef9_det_m_rf_ss_s5_e_mini_fl.jpg.jpg?width=3000"",""has_quantity_discount"":false,""scraped_at"":""2026-07-04T10:00:09.005Z""}"
Krannich Solar;1757701;1757701;S-Dome 6.10 Base Set;;Konstrukce;K2 Systems;664.21;21;ks;https://shop.krannich-solar.com/cs-cz/S-Dome-6.10-Base-Set/1757701;246 ks na skladě, možné naskladnění: 05.08.2026;"{""categories"":[""Konstrukce""],""price_raw"":""664,21 Kč*"",""price_per_wp_raw"":"""",""price_per_wp_czk_without_vat"":null,""properties"":{},""image_url"":""https://cdn.shop.krannich-solar.com/media/ea/d4/44/1750077738/1757701_0_c_3_4_0c3430a3dafead69c2c45c3988502999d80e30db_det_m_rk2_s_dome_6.10_base_set__1500x75x77_5_.png.png?width=3000"",""has_quantity_discount"":false,""scraped_at"":""2026-07-04T10:00:11.504Z""}"
Krannich Solar;1733181;1733181;S-Dome 6.10 Windbreaker LONG;;Konstrukce;K2 Systems;259.72;21;ks;https://shop.krannich-solar.com/cs-cz/S-Dome-6.10-Windbreaker-LONG/1733181;150 ks na skladě, možné naskladnění: 13.07.2026;"{""categories"":[""Konstrukce""],""price_raw"":""259,72 Kč*"",""price_per_wp_raw"":"""",""price_per_wp_czk_without_vat"":null,""properties"":{},""image_url"":""https://cdn.shop.krannich-solar.com/media/89/7d/c4/1750077916/1733181_4_2_e_5_42e53ae0e1821feac2142dce5561bdf6da0eef25_det_m_rk2_do_s_dome_6.10_windbreaker_long.png.png?width=3000"",""has_quantity_discount"":false,""scraped_at"":""2026-07-04T10:00:16.364Z""}"
Krannich Solar;1750230;1750230;S-Dome 6.10 Windbreaker LS;;Konstrukce;K2 Systems;164.17;21;ks;https://shop.krannich-solar.com/cs-cz/S-Dome-6.10-Windbreaker-LS/1750230;18 ks na skladě, možné naskladnění: 13.07.2026;"{""categories"":[""Konstrukce""],""price_raw"":""164,17 Kč*"",""price_per_wp_raw"":"""",""price_per_wp_czk_without_vat"":null,""properties"":{},""image_url"":""https://cdn.shop.krannich-solar.com/media/1d/a8/d8/1750173988/1750230_e_0_f_b_e0fb4dfcc08d08f59bb80f8e39baaeca046ff651_det_m_do_s_dome_6.10_windbreaker.png.png?width=3000"",""has_quantity_discount"":false,""scraped_at"":""2026-07-04T10:00:28.308Z""}"
Krannich Solar;1733182;1733182;S-Dome 6.10 Windbreaker SHORT;;Konstrukce;K2 Systems;241.53;21;ks;https://shop.krannich-solar.com/cs-cz/S-Dome-6.10-Windbreaker-SHORT/1733182;249 ks na skladě, možné naskladnění: 04.08.2026;"{""categories"":[""Konstrukce""],""price_raw"":""241,53 Kč*"",""price_per_wp_raw"":"""",""price_per_wp_czk_without_vat"":null,""properties"":{},""image_url"":""https://cdn.shop.krannich-solar.com/media/d0/6c/f2/1750077922/1733182_0_9_f_6_09f6a7b10cdfcea70e588e47830babcd78a1a1bf_det_m_rk2_do_s_dome_6.10_windbreaker_short.png.png?width=3000"",""has_quantity_discount"":false,""scraped_at"":""2026-07-04T10:00:11.504Z""}"
Krannich Solar;1744789;1744789;S-Dome 6.10 Windbreaker X-tra long;;Konstrukce;K2 Systems;348.23;21;ks;https://shop.krannich-solar.com/cs-cz/S-Dome-6.10-Windbreaker-X-tra-long/1744789;161 ks na skladě, možné naskladnění: 05.08.2026;"{""categories"":[""Konstrukce""],""price_raw"":""348,23 Kč*"",""price_per_wp_raw"":"""",""price_per_wp_czk_without_vat"":null,""properties"":{},""image_url"":""https://cdn.shop.krannich-solar.com/media/ca/ff/98/1750078015/1744789_0_9_1_d_091d211530532adc714189ecbac37411c5e6e5a1_det_m_do_s_dome_6.10_windbreaker_x_tra_long.jpg.jpg?width=3000"",""has_quantity_discount"":false,""scraped_at"":""2026-07-04T10:00:13.919Z""}"
Krannich Solar;1757702;1757702;S-Dome 6.15 Base Set;Základní sada pro S-Dome 6.15;Konstrukce;K2 Systems;692.58;21;ks;https://shop.krannich-solar.com/cs-cz/S-Dome-6.15-Base-Set/1757702;156 ks na skladě, možné naskladnění: 05.08.2026;"{""categories"":[""Konstrukce""],""price_raw"":""692,58 Kč*"",""price_per_wp_raw"":"""",""price_per_wp_czk_without_vat"":null,""properties"":{},""image_url"":""https://cdn.shop.krannich-solar.com/media/3e/d1/11/1750077736/1757702_c_6_f_f_c6ffa7ab0de3acf4778717f208f8cd61b04c7318_det_m_rk2_s_dome_6.15_base_set__1820x75x77_5_.png.png?width=3000"",""has_quantity_discount"":false,""scraped_at"":""2026-07-04T10:00:13.919Z""}"
Krannich Solar;1752295;1752295;S-Dome 6.15 Base Set L;Základní sada pro S-Dome 6.15;Konstrukce;K2 Systems;635.35;21;ks;https://shop.krannich-solar.com/cs-cz/S-Dome-6.15-Base-Set-L/1752295;4 ks na skladě, poslední kusy;"{""categories"":[""Konstrukce""],""price_raw"":""635,35 Kč*"",""price_per_wp_raw"":"""",""price_per_wp_czk_without_vat"":null,""properties"":{},""image_url"":""https://cdn.shop.krannich-solar.com/media/c6/65/b5/1750077209/1752295_d_6_3_2_d632604f72bdd58c4e1f6c4dfeb5644b91e4e3db_det_m_do_s_dome_6.15_base_set_l.jpg.jpg?width=3000"",""has_quantity_discount"":false,""scraped_at"":""2026-07-04T10:00:33.083Z""}"
Krannich Solar;1752389;1752389;S-Dome 6.15 Windbreaker long (-> kolejnice);Vhodné pro rozměry modulů 1799 mm - 2150 mm.;Konstrukce;K2 Systems;417.59;21;ks;https://shop.krannich-solar.com/cs-cz/S-Dome-6.15-Windbreaker-long-kolejnice/1752389;49 ks na skladě, možné naskladnění: 13.07.2026;"{""categories"":[""Konstrukce""],""price_raw"":""417,59 Kč*"",""price_per_wp_raw"":"""",""price_per_wp_czk_without_vat"":null,""properties"":{},""image_url"":""https://cdn.shop.krannich-solar.com/media/d6/57/72/1751371603/1752389_2_f_c_2_2fc2108b960fc30818c3bd0b2478a6ef42348846_det_m_do_s_dome_6.15_windbreaker_long.png.png?width=3000"",""has_quantity_discount"":false,""scraped_at"":""2026-07-04T10:00:23.555Z""}"
Krannich Solar;1752391;1752391;S-Dome 6.15 Windbreaker LS (-> kolejnice);Vhodné pro rozměry modulů 1562 mm - 2390 mm.;Konstrukce;K2 Systems;198.37;21;ks;https://shop.krannich-solar.com/cs-cz/S-Dome-6.15-Windbreaker-LS-kolejnice/1752391;237 ks na skladě, možné naskladnění: 05.08.2026;"{""categories"":[""Konstrukce""],""price_raw"":""198,37 Kč*"",""price_per_wp_raw"":"""",""price_per_wp_czk_without_vat"":null,""properties"":{},""image_url"":""https://cdn.shop.krannich-solar.com/media/0d/3c/eb/1751377005/1752391_4_2_6_4_42648bc6b6ac1dffb4523bec789ce613efe0f721_det_m_do_s_dome_6.15_windbreaker_ls.png.png?width=3000"",""has_quantity_discount"":false,""scraped_at"":""2026-07-04T10:00:11.504Z""}"
Krannich Solar;1752296;1752296;S-Dome 6.15 Windbreaker short;;Konstrukce;K2 Systems;313.07;21;ks;https://shop.krannich-solar.com/cs-cz/S-Dome-6.15-Windbreaker-short/1752296;170 ks na skladě, možné naskladnění: 05.08.2026;"{""categories"":[""Konstrukce""],""price_raw"":""313,07 Kč*"",""price_per_wp_raw"":"""",""price_per_wp_czk_without_vat"":null,""properties"":{},""image_url"":""https://cdn.shop.krannich-solar.com/media/84/28/a8/1750077215/1752296_b_5_5_b_b55bf3375e2a343cb0de2348b92f539241f6c0eb_det_m_do_s_dome_6.15_windbreaker_short.png.png?width=3000"",""has_quantity_discount"":false,""scraped_at"":""2026-07-04T10:00:13.919Z""}"
Krannich Solar;1752390;1752390;S-Dome 6.15 Windbreaker X-tra long (-> kolejnice);Vhodné pro rozměry modulů 2045 mm - 2390 mm;Konstrukce;K2 Systems;487.18;21;ks;https://shop.krannich-solar.com/cs-cz/S-Dome-6.15-Windbreaker-X-tra-long-kolejnice/1752390;29 ks na skladě, možné naskladnění: 05.08.2026;"{""categories"":[""Konstrukce""],""price_raw"":""487,18 Kč*"",""price_per_wp_raw"":"""",""price_per_wp_czk_without_vat"":null,""properties"":{},""image_url"":""https://cdn.shop.krannich-solar.com/media/e5/7a/9c/1751501839/1752390_7_2_a_6_72a6e68974fa1554862facab3e45514109f8c0c2_det_m_do_s_dome_6.15_windbreaker_x_tra_long.png.png?width=3000"",""has_quantity_discount"":false,""scraped_at"":""2026-07-04T10:00:25.933Z""}"
Krannich Solar;1731527;1731527;S-Dome Classic Windbreaker 60-cells;Windbreaker pro S-Dome, pro 60-clánkový modul;Konstrukce;K2 Systems;263.6;21;ks;https://shop.krannich-solar.com/cs-cz/S-Dome-Classic-Windbreaker-60-cells/1731527;0 ks na skladě, možné naskladnění: 05.08.2026;"{""categories"":[""Konstrukce""],""price_raw"":""263,60 Kč*"",""price_per_wp_raw"":"""",""price_per_wp_czk_without_vat"":null,""properties"":{},""image_url"":""https://cdn.shop.krannich-solar.com/media/c6/bd/9b/1771796201/1731527_1_0_9_0_10909ce0cab1e9acd1f8c844921222bc8bd1eed9_det_m_do_s_dome_classic_windbreaker_60_cells.jpg.jpg?width=3000"",""has_quantity_discount"":false,""scraped_at"":""2026-07-04T10:02:45.848Z""}"
Krannich Solar;1730360;1730360;S-Dome V 15 Windbreaker;;Konstrukce;K2 Systems;121.98;21;ks;https://shop.krannich-solar.com/cs-cz/S-Dome-V-15-Windbreaker/1730360;303 ks na skladě, poslední kusy;"{""categories"":[""Konstrukce""],""price_raw"":""121,98 Kč*"",""price_per_wp_raw"":"""",""price_per_wp_czk_without_vat"":null,""properties"":{},""image_url"":""https://cdn.shop.krannich-solar.com/media/df/a7/80/1750077877/1730360_c_3_9_e_c39ebc0186e7a1348285819a29fa0296847b8da6_det_m_dome_v_windbreaker_15_60_cells.jpg.jpg?width=3000"",""has_quantity_discount"":false,""scraped_at"":""2026-07-04T10:00:09.006Z""}"
Krannich Solar;1719653;1719653;SC CS 6x70 TX;;Konstrukce;K2 Systems;10.19;21;ks;https://shop.krannich-solar.com/cs-cz/SC-CS-6x70-TX/1719653;0 ks na skladě, možné naskladnění: 05.08.2026;"{""categories"":[""Konstrukce""],""price_raw"":""10,19 Kč*"",""price_per_wp_raw"":"""",""price_per_wp_czk_without_vat"":null,""properties"":{},""image_url"":""https://cdn.shop.krannich-solar.com/media/39/aa/f9/1750078046/1719653_1_5_7_4_1574515e76a0335cc8aa0dbf03c11a39048a550e_det_m_sc_cs_6x70_tx.png.png?width=3000"",""has_quantity_discount"":false,""scraped_at"":""2026-07-04T10:02:53.339Z""}"
Krannich Solar;1753061;1753061;SC HH DB 4,8x20;Samořezný šroub 4,8x20 mm;Konstrukce;K2 Systems;8.49;21;ks;https://shop.krannich-solar.com/cs-cz/SC-HH-DB-4-8x20/1753061;0 ks na skladě, možné naskladnění: 05.08.2026;"{""categories"":[""Konstrukce""],""price_raw"":""8,49 Kč*"",""price_per_wp_raw"":"""",""price_per_wp_czk_without_vat"":null,""properties"":{},""image_url"":""https://cdn.shop.krannich-solar.com/media/ed/0a/40/1771796201/1753061_3_a_0_1_3a015ec02789e2886f45a1f8e61c3e22b00243a9_det_m_sc_hh_db_4_8x20.png.png?width=3000"",""has_quantity_discount"":false,""scraped_at"":""2026-07-04T10:02:45.847Z""}"
Krannich Solar;1752818;1752818;SC HH DB 6,0x25 SEAL;Samořezný šroub s těsnící podložkou 6x25 mm;Konstrukce;K2 Systems;8.49;21;ks;https://shop.krannich-solar.com/cs-cz/SC-HH-DB-6-0x25-SEAL/1752818;2760 ks na skladě, možné naskladnění: 05.08.2026;"{""categories"":[""Konstrukce""],""price_raw"":""8,49 Kč*"",""price_per_wp_raw"":"""",""price_per_wp_czk_without_vat"":null,""properties"":{},""image_url"":""https://cdn.shop.krannich-solar.com/media/f2/00/be/1750077249/1752818_1_a_c_2_1ac291471d3c724798c7e2f8461ad3bf01f31ab4_det_m_sc_hh_db_6_0x25_seal__minirail_.jpg.jpg?width=3000"",""has_quantity_discount"":false,""scraped_at"":""2026-07-04T10:00:01.715Z""}"
Krannich Solar;1718963;1718963;SC HH DB 6,0x25 SEAL;Samořezný šroub s těsnící podložkou 6x25 mm;Konstrukce;K2 Systems;8.49;21;ks;https://shop.krannich-solar.com/cs-cz/SC-HH-DB-6-0x25-SEAL/1718963;2024 ks na skladě, možné naskladnění: 05.08.2026;"{""categories"":[""Konstrukce""],""price_raw"":""8,49 Kč*"",""price_per_wp_raw"":"""",""price_per_wp_czk_without_vat"":null,""properties"":{},""image_url"":""https://cdn.shop.krannich-solar.com/media/8e/39/e2/1750078030/1718963_1_a_c_2_1ac291471d3c724798c7e2f8461ad3bf01f31ab4_det_m_sc_hh_db_6_0x25_seal__minirail_.jpg.jpg?width=3000"",""has_quantity_discount"":false,""scraped_at"":""2026-07-04T10:00:01.715Z""}"
Krannich Solar;1752820;1752820;SC HH DB 6,0x38 SEAL;Samořezný šroub s těsnící podložkou 6x38mm;Konstrukce;K2 Systems;8.73;21;ks;https://shop.krannich-solar.com/cs-cz/SC-HH-DB-6-0x38-SEAL/1752820;6685 ks na skladě, možné naskladnění: 05.08.2026;"{""categories"":[""Konstrukce""],""price_raw"":""8,73 Kč*"",""price_per_wp_raw"":"""",""price_per_wp_czk_without_vat"":null,""properties"":{},""image_url"":""https://cdn.shop.krannich-solar.com/media/41/86/0c/1750077254/1752820_9_2_6_1_9261186eab2190324f4fa8277102f5e716a924d9_det_m_sc_hh_db_6_0x38_seal__ab_0_50mm_blech_.jpg.jpg?width=3000"",""has_quantity_discount"":false,""scraped_at"":""2026-07-04T10:00:01.714Z""}"
Krannich Solar;1756391;1756391;SC HH SD 5,5x19;Samořezný šroub 5,5x19 mm;Konstrukce;K2 Systems;9.22;21;ks;https://shop.krannich-solar.com/cs-cz/SC-HH-SD-5-5x19/1756391;645 ks na skladě, možné naskladnění: 05.08.2026;"{""categories"":[""Konstrukce""],""price_raw"":""9,22 Kč*"",""price_per_wp_raw"":"""",""price_per_wp_czk_without_vat"":null,""properties"":{},""image_url"":""https://cdn.shop.krannich-solar.com/media/b2/12/e9/1750077457/1756391_b_b_8_d_bb8dccfc153dbacc54f560a9c1ffe882851d8ec5_det_m_sc_hh_sd_5_5x19.png.png?width=3000"",""has_quantity_discount"":false,""scraped_at"":""2026-07-04T10:00:06.620Z""}"
Krannich Solar;1753623;1753623;SC HH SD 6,0x22 SEAL;Samořezný šroub 6x22 mm;Konstrukce;K2 Systems;8.49;21;ks;https://shop.krannich-solar.com/cs-cz/SC-HH-SD-6-0x22-SEAL/1753623;0 ks na skladě, možné naskladnění: 05.08.2026;"{""categories"":[""Konstrukce""],""price_raw"":""8,49 Kč*"",""price_per_wp_raw"":"""",""price_per_wp_czk_without_vat"":null,""properties"":{},""image_url"":""https://cdn.shop.krannich-solar.com/media/6b/f3/9d/1750077305/1753623_c_f_b_1_cfb1fc378b8f5b1afb385758880c0f501ef224fa_2002936.jpg.jpg?width=3000"",""has_quantity_discount"":false,""scraped_at"":""2026-07-04T10:02:48.385Z""}"
Krannich Solar;1740119;1740119;SC HH SD 6,0x25;Samořezný šroub 6x25 mm s těsnící podložkou;Konstrukce;K2 Systems;8.97;21;ks;https://shop.krannich-solar.com/cs-cz/SC-HH-SD-6-0x25/1740119;0 ks na skladě, možné naskladnění: 05.08.2026;"{""categories"":[""Konstrukce""],""price_raw"":""8,97 Kč*"",""price_per_wp_raw"":"""",""price_per_wp_czk_without_vat"":null,""properties"":{},""image_url"":""https://cdn.shop.krannich-solar.com/media/bf/14/ac/1750077212/1740119_c_c_3_a_cc3a081a6ad155772714194f1e88c5d9c0fccc13_det_m_sc_hh_sd6_0x25.jpg.jpg?width=3000"",""has_quantity_discount"":false,""scraped_at"":""2026-07-04T10:02:45.848Z""}"
Krannich Solar;1753624;1753624;SC HH SD 6,0x25 SEAL;Samořezný šroub 6x25 mm;Konstrukce;K2 Systems;8.49;21;ks;https://shop.krannich-solar.com/cs-cz/SC-HH-SD-6-0x25-SEAL/1753624;4049 ks na skladě, možné naskladnění: 05.08.2026;"{""categories"":[""Konstrukce""],""price_raw"":""8,49 Kč*"",""price_per_wp_raw"":"""",""price_per_wp_czk_without_vat"":null,""properties"":{},""image_url"":""https://cdn.shop.krannich-solar.com/media/3a/bf/c7/1750077295/1753624_d_4_8_1_d48100950bb3ba5191db698dfa687273eaf38c01_det_m_sc_hh_sd_6_0x25_seal.png.png?width=3000"",""has_quantity_discount"":false,""scraped_at"":""2026-07-04T10:00:01.714Z""}"
Krannich Solar;1746686;1746686;SC HH SD 6,0x35 SEAL (EJOT);Samořezný šroub s těsnící podložkou 6x35 mm;Konstrukce;K2 Systems;7.28;21;ks;https://shop.krannich-solar.com/cs-cz/SC-HH-SD-6-0x35-SEAL-EJOT/1746686;409 ks na skladě, možné naskladnění: 05.08.2026;"{""categories"":[""Konstrukce""],""price_raw"":""7,28 Kč*"",""price_per_wp_raw"":"""",""price_per_wp_czk_without_vat"":null,""properties"":{},""image_url"":""https://cdn.shop.krannich-solar.com/media/ab/6f/99/1750078051/1746686_0_4_f_f_04ff2a0482cf8a919d9d7c0dc41f87df648a2b6d_det_f_m_sc_hh_sd5_5x25.jpg.jpg?width=3000"",""has_quantity_discount"":false,""scraped_at"":""2026-07-04T10:00:09.005Z""}"
Krannich Solar;1753625;1753625;SC HH SD 6,0x38 SEAL;Samořezný šroub 6x38 mm;Konstrukce;K2 Systems;8.73;21;ks;https://shop.krannich-solar.com/cs-cz/SC-HH-SD-6-0x38-SEAL/1753625;600 ks na skladě, možné naskladnění: 05.08.2026;"{""categories"":[""Konstrukce""],""price_raw"":""8,73 Kč*"",""price_per_wp_raw"":"""",""price_per_wp_czk_without_vat"":null,""properties"":{},""image_url"":""https://cdn.shop.krannich-solar.com/media/46/38/c3/1750077296/1753625_c_e_8_7_ce87890c316c4bd88ec312d2104c340cf5b27bbb_2002938.jpg.jpg?width=3000"",""has_quantity_discount"":false,""scraped_at"":""2026-07-04T10:00:06.620Z""}"
Krannich Solar;1753621;1753621;SC HH SD 6,8x140 SEAL;Samořezný šroub pro SpliceFoot 6,8x140 mm;Konstrukce;K2 Systems;27.4;21;ks;https://shop.krannich-solar.com/cs-cz/SC-HH-SD-6-8x140-SEAL/1753621;100 ks na skladě, možné naskladnění: 05.08.2026;"{""categories"":[""Konstrukce""],""price_raw"":""27,40 Kč*"",""price_per_wp_raw"":"""",""price_per_wp_czk_without_vat"":null,""properties"":{},""image_url"":""https://cdn.shop.krannich-solar.com/media/24/92/ac/1750077298/1753621_d_0_3_8_d038a4bad4eed1b175d28b9a10cfc355cda00a19_det_m_sc_hh_sd_6_8x140_seal.jpg.jpg?width=3000"",""has_quantity_discount"":false,""scraped_at"":""2026-07-04T10:00:18.765Z""}"
Krannich Solar;1755176;1755176;SC HH SD 6.0x75 SEAL;Samořezný šroub 6x75 mm s těsnící podložkou;Konstrukce;K2 Systems;12.37;21;ks;https://shop.krannich-solar.com/cs-cz/SC-HH-SD-6.0x75-SEAL/1755176;723 ks na skladě, možné naskladnění: 05.08.2026;"{""categories"":[""Konstrukce""],""price_raw"":""12,37 Kč*"",""price_per_wp_raw"":"""",""price_per_wp_czk_without_vat"":null,""properties"":{},""image_url"":""https://cdn.shop.krannich-solar.com/media/bb/19/aa/1750077406/1755176_c_b_d_0_cbd0a0f8f1de299b47a129e79216ac24c19edef3_det_m_hh_sd_6_0x75_seal.png.png?width=3000"",""has_quantity_discount"":false,""scraped_at"":""2026-07-04T10:00:06.620Z""}"
Krannich Solar;1752856;1752856;SC HH SD6,0x40;Samořezný šroub 6x40 mm;Konstrukce;K2 Systems;9.7;21;ks;https://shop.krannich-solar.com/cs-cz/SC-HH-SD6-0x40/1752856;0 ks na skladě, možné naskladnění: 05.08.2026;"{""categories"":[""Konstrukce""],""price_raw"":""9,70 Kč*"",""price_per_wp_raw"":"""",""price_per_wp_czk_without_vat"":null,""properties"":{},""image_url"":""https://cdn.shop.krannich-solar.com/media/79/2b/35/1750077259/1752856_5_c_9_2_5c927d02474802d69a4fca02cc1e9b7d2ef79276_SC_HH_SD6_0x40.jpg.jpg?width=3000"",""has_quantity_discount"":false,""scraped_at"":""2026-07-04T10:02:43.435Z""}"
Krannich Solar;1749901;1749901;SC MM 7,5x60;Šroubová kotva Multi Monti Plus SS, beton 7,5x60;Konstrukce;K2 Systems;11.16;21;ks;https://shop.krannich-solar.com/cs-cz/SC-MM-7-5x60/1749901;138 ks na skladě, možné naskladnění: 05.08.2026;"{""categories"":[""Konstrukce""],""price_raw"":""11,16 Kč*"",""price_per_wp_raw"":"""",""price_per_wp_czk_without_vat"":null,""properties"":{},""image_url"":""https://cdn.shop.krannich-solar.com/media/bf/41/e2/1750077593/1749901_d_c_3_e_dc3e6199426f0886aa9fce707d2dc18cdce63faf_det_m_sc_mm_7_5x60.jpg.jpg?width=3000"",""has_quantity_discount"":false,""scraped_at"":""2026-07-04T10:00:16.365Z""}"
Krannich Solar;1741340;1741340;SC MM S 10x70/5/20;Kotva montážní lišty Multi Monti, ocelová;Konstrukce;K2 Systems;22.55;21;ks;https://shop.krannich-solar.com/cs-cz/SC-MM-S-10x70-5-20/1741340;0 ks na skladě, možné naskladnění: 05.08.2026;"{""categories"":[""Konstrukce""],""price_raw"":""22,55 Kč*"",""price_per_wp_raw"":"""",""price_per_wp_czk_without_vat"":null,""properties"":{},""image_url"":""https://cdn.shop.krannich-solar.com/media/2a/9f/f8/1750077311/1741340_2_b_9_2_2b9255cacb1c44fc7122304e00535e2e53fe020e_det_m_sc_mm_s_10x70_5_20.png.png?width=3000"",""has_quantity_discount"":false,""scraped_at"":""2026-07-04T10:02:50.802Z""}"
Krannich Solar;1741332;1741332;SC MM S SiA 7,5X40/5 pozinkovaný;Kotva montážní lišty Multi Monti, ocelová;Konstrukce;K2 Systems;9.94;21;ks;https://shop.krannich-solar.com/cs-cz/SC-MM-S-SiA-7-5X40-5-pozinkovany/1741332;0 ks na skladě, možné naskladnění: 05.08.2026;"{""categories"":[""Konstrukce""],""price_raw"":""9,94 Kč*"",""price_per_wp_raw"":"""",""price_per_wp_czk_without_vat"":null,""properties"":{},""image_url"":""https://cdn.shop.krannich-solar.com/media/0a/92/13/1750077304/1741332_c_b_4_9_cb4954e199c6b37fa3a64cf5bd8f55c051ffc43b_1741332.jpg.jpg?width=3000"",""has_quantity_discount"":false,""scraped_at"":""2026-07-04T10:02:55.733Z""}"
Krannich Solar;1723648;1723648;SC SC M8x16 HS (SER);Inbusový šroub DIN 912/EN ISO 4762 SER A2-70;Konstrukce;K2 Systems;4.61;21;ks;https://shop.krannich-solar.com/cs-cz/SC-SC-M8x16-HS-SER/1723648;271 ks na skladě, možné naskladnění: 05.08.2026;"{""categories"":[""Konstrukce""],""price_raw"":""4,61 Kč*"",""price_per_wp_raw"":"""",""price_per_wp_czk_without_vat"":null,""properties"":{},""image_url"":""https://cdn.shop.krannich-solar.com/media/d1/15/95/1750077598/1723648_3_3_1_e_331e43e193e2ff8d3d1fc98a519d420c9fe10014_det_m_sc_sc_m8x16_hs__ser_.jpg.jpg?width=3000"",""has_quantity_discount"":false,""scraped_at"":""2026-07-04T10:00:11.504Z""}"
Krannich Solar;1723332;1723332;SC SC M8x20 HS (SER);Imbusový šroub DIN 912/EN ISO 4762 SER A2-70;Konstrukce;K2 Systems;5.09;21;ks;https://shop.krannich-solar.com/cs-cz/SC-SC-M8x20-HS-SER/1723332;4123 ks na skladě, možné naskladnění: 13.07.2026;"{""categories"":[""Konstrukce""],""price_raw"":""5,09 Kč*"",""price_per_wp_raw"":"""",""price_per_wp_czk_without_vat"":null,""properties"":{},""image_url"":""https://cdn.shop.krannich-solar.com/media/11/8d/63/1750077577/1723332_3_a_4_d_3a4d89a1819128b44e1201e2f9d73448f228c261_det_m_sc_sc_m8x20_hs__ser_.jpg.jpg?width=3000"",""has_quantity_discount"":false,""scraped_at"":""2026-07-04T10:00:01.714Z""}"
Krannich Solar;1723649;1723649;SC SC M8x25 HS (SER);Inbusový šroub DIN 912/EN ISO 4762 SER A2-70;Konstrukce;K2 Systems;4.85;21;ks;https://shop.krannich-solar.com/cs-cz/SC-SC-M8x25-HS-SER/1723649;0 ks na skladě, možné naskladnění: 05.08.2026;"{""categories"":[""Konstrukce""],""price_raw"":""4,85 Kč*"",""price_per_wp_raw"":"""",""price_per_wp_czk_without_vat"":null,""properties"":{},""image_url"":""https://cdn.shop.krannich-solar.com/media/c7/b0/28/1750077608/1723649_c_2_b_e_c2be560c8ed10d3eb474ea0154859d703f0c9a05_det_m_sc_sc_m8x25_hs__ser_.jpg.jpg?width=3000"",""has_quantity_discount"":false,""scraped_at"":""2026-07-04T10:03:00.650Z""}"
Krannich Solar;1723650;1723650;SC SC M8x30 HS (SER);Inbusový šroub DIN 912/EN ISO 4762 SER A2-70;Konstrukce;K2 Systems;5.09;21;ks;https://shop.krannich-solar.com/cs-cz/SC-SC-M8x30-HS-SER/1723650;201 ks na skladě, možné naskladnění: 05.08.2026;"{""categories"":[""Konstrukce""],""price_raw"":""5,09 Kč*"",""price_per_wp_raw"":"""",""price_per_wp_czk_without_vat"":null,""properties"":{},""image_url"":""https://cdn.shop.krannich-solar.com/media/b9/2a/78/1750077603/1723650_a_2_0_9_a209ae6e1eda85de9a97641df50d35a176e9fab2_det_m_sc_sc_ser.jpg.jpg?width=3000"",""has_quantity_discount"":false,""scraped_at"":""2026-07-04T10:00:13.918Z""}"
Krannich Solar;1756270;1756270;SC SC M8x55 (SER);Inbusový šroub M8x55;Konstrukce;K2 Systems;4.61;21;ks;https://shop.krannich-solar.com/cs-cz/SC-SC-M8x55-SER/1756270;442 ks na skladě, možné naskladnění: 05.08.2026;"{""categories"":[""Konstrukce""],""price_raw"":""4,61 Kč*"",""price_per_wp_raw"":"""",""price_per_wp_czk_without_vat"":null,""properties"":{},""image_url"":""https://cdn.shop.krannich-solar.com/media/d9/00/be/1750077448/1756270_7_c_d_8_7cd84a928ce00384689fa86d7a31968399a39d42_det_m_sc_sc_m8x55__ser_.png.png?width=3000"",""has_quantity_discount"":false,""scraped_at"":""2026-07-04T10:00:09.005Z""}"
Krannich Solar;1749976;1749976;SC TC 6x100;;Konstrukce;K2 Systems;11.4;21;ks;https://shop.krannich-solar.com/cs-cz/SC-TC-6x100/1749976;0 ks na skladě, možné naskladnění: 05.08.2026;"{""categories"":[""Konstrukce""],""price_raw"":""11,40 Kč*"",""price_per_wp_raw"":"""",""price_per_wp_czk_without_vat"":null,""properties"":{},""image_url"":""https://cdn.shop.krannich-solar.com/media/7f/e8/ae/1750077588/1749976_1_d_b_d_1dbdbf529f7ef6ff07fa6c8174714c270722bd40_det_m_sc_tc_6x100.png.png?width=3000"",""has_quantity_discount"":false,""scraped_at"":""2026-07-04T10:02:53.338Z""}"
Krannich Solar;1750131;1750131;SC TC 6x80;;Konstrukce;K2 Systems;8.73;21;ks;https://shop.krannich-solar.com/cs-cz/SC-TC-6x80/1750131;260 ks na skladě, možné naskladnění: 05.08.2026;"{""categories"":[""Konstrukce""],""price_raw"":""8,73 Kč*"",""price_per_wp_raw"":"""",""price_per_wp_czk_without_vat"":null,""properties"":{},""image_url"":""https://cdn.shop.krannich-solar.com/media/6c/f1/fe/1750077599/1750131_a_f_f_e_affe57a46c9c06a14b7b374e32bf4fa803687a04_det_m_sc_tc_6x80.png.png?width=3000"",""has_quantity_discount"":false,""scraped_at"":""2026-07-04T10:00:11.504Z""}"
Krannich Solar;1750115;1750115;SC TC 8x100;Samovrtný šroub do dreva, velikost podložky 8x100;Konstrukce;K2 Systems;10.67;21;ks;https://shop.krannich-solar.com/cs-cz/SC-TC-8x100/1750115;1502 ks na skladě, možné naskladnění: 05.08.2026;"{""categories"":[""Konstrukce""],""price_raw"":""10,67 Kč*"",""price_per_wp_raw"":"""",""price_per_wp_czk_without_vat"":null,""properties"":{},""image_url"":""https://cdn.shop.krannich-solar.com/media/e7/02/20/1750077592/1750115_0_0_0_4_0004a8affd4609595c11b49c87691244929a85e7_det_m_sc_tc_8x100.png.png?width=3000"",""has_quantity_discount"":false,""scraped_at"":""2026-07-04T10:00:04.097Z""}"
Krannich Solar;1750135;1750135;SC TC 8x120;Samovrtný šroub do dřeva, s hlavou 8x120;Konstrukce;K2 Systems;14.07;21;ks;https://shop.krannich-solar.com/cs-cz/SC-TC-8x120/1750135;0 ks na skladě, možné naskladnění: 13.07.2026;"{""categories"":[""Konstrukce""],""price_raw"":""14,07 Kč*"",""price_per_wp_raw"":"""",""price_per_wp_czk_without_vat"":null,""properties"":{},""image_url"":""https://cdn.shop.krannich-solar.com/media/0c/87/c2/1750077597/1750135_c_3_b_8_c3b888254e214885b51f1daa4f11263df16f1148_det_m_sc_tc_8x120.png.png?width=3000"",""has_quantity_discount"":false,""scraped_at"":""2026-07-04T10:00:35.470Z""}"
Krannich Solar;1750137;1750137;SC TC 8x160;Samovrtný šroub do dřeva, s hlavou 8x160;Konstrukce;K2 Systems;19.64;21;ks;https://shop.krannich-solar.com/cs-cz/SC-TC-8x160/1750137;100 ks na skladě, možné naskladnění: 05.08.2026;"{""categories"":[""Konstrukce""],""price_raw"":""19,64 Kč*"",""price_per_wp_raw"":"""",""price_per_wp_czk_without_vat"":null,""properties"":{},""image_url"":""https://cdn.shop.krannich-solar.com/media/b1/7e/32/1750077592/1750137_8_c_a_3_8ca3cd3add4d7f9b4355cca94b527f0c11256640_det_m_sc_tc_8x160.png.png?width=3000"",""has_quantity_discount"":false,""scraped_at"":""2026-07-04T10:00:18.765Z""}"
Krannich Solar;1749999;1749999;SC TC 8x180;;Konstrukce;K2 Systems;23.04;21;ks;https://shop.krannich-solar.com/cs-cz/SC-TC-8x180/1749999;0 ks na skladě, možné naskladnění: 05.08.2026;"{""categories"":[""Konstrukce""],""price_raw"":""23,04 Kč*"",""price_per_wp_raw"":"""",""price_per_wp_czk_without_vat"":null,""properties"":{},""image_url"":""https://cdn.shop.krannich-solar.com/media/eb/0b/24/1750077595/1749999_7_0_4_1_7041e04ea49e2600ab37ecc2c689067078c5c3da_det_m_sc_tc_8x180.png.png?width=3000"",""has_quantity_discount"":false,""scraped_at"":""2026-07-04T10:02:53.338Z""}"
Krannich Solar;1750138;1750138;SC TC 8x200;;Konstrukce;K2 Systems;27.65;21;ks;https://shop.krannich-solar.com/cs-cz/SC-TC-8x200/1750138;0 ks na skladě, možné naskladnění: 05.08.2026;"{""categories"":[""Konstrukce""],""price_raw"":""27,65 Kč*"",""price_per_wp_raw"":"""",""price_per_wp_czk_without_vat"":null,""properties"":{},""image_url"":""https://cdn.shop.krannich-solar.com/media/58/e4/b8/1750077599/1750138_b_4_d_b_b4db720efd8382134fc701a9a8e92869fa7c2180_det_m_sc_tc_8x200.png.png?width=3000"",""has_quantity_discount"":false,""scraped_at"":""2026-07-04T10:02:53.339Z""}"
Krannich Solar;1757150;1757150;SC TC 8x300;;Konstrukce;K2 Systems;57.96;21;ks;https://shop.krannich-solar.com/cs-cz/SC-TC-8x300/1757150;0 ks na skladě, možné naskladnění: 05.08.2026;"{""categories"":[""Konstrukce""],""price_raw"":""57,96 Kč*"",""price_per_wp_raw"":"""",""price_per_wp_czk_without_vat"":null,""properties"":{},""image_url"":""https://cdn.shop.krannich-solar.com/media/fd/5b/fe/1763021184/1757150_a_c_5_e_ac5ee31d16852b66760cfb6e0669ad30bc4a7fe9_det_m_sc_tc_8x300.png.png?width=3000"",""has_quantity_discount"":false,""scraped_at"":""2026-07-04T10:02:48.384Z""}"
Krannich Solar;1750134;1750134;SC TC 8x80;;Konstrukce;K2 Systems;10.19;21;ks;https://shop.krannich-solar.com/cs-cz/SC-TC-8x80/1750134;80 ks na skladě, možné naskladnění: 13.07.2026;"{""categories"":[""Konstrukce""],""price_raw"":""10,19 Kč*"",""price_per_wp_raw"":"""",""price_per_wp_czk_without_vat"":null,""properties"":{},""image_url"":""https://cdn.shop.krannich-solar.com/media/04/07/45/1750077601/1750134_8_f_9_7_8f9779d675a758b9ca49486ca37bca76ac84e9d1_det_m_sc_tc_8x80.png.png?width=3000"",""has_quantity_discount"":false,""scraped_at"":""2026-07-04T10:00:21.238Z""}"
Krannich Solar;1750908;1750908;SingleBoard 2.10m (-> Schiene);;Konstrukce;K2 Systems;736.96;21;ks;https://shop.krannich-solar.com/cs-cz/SingleBoard-2.10m-Schiene/1750908;28 ks na skladě, možné naskladnění: 05.08.2026;"{""categories"":[""Konstrukce""],""price_raw"":""736,96 Kč*"",""price_per_wp_raw"":"""",""price_per_wp_czk_without_vat"":null,""properties"":{},""image_url"":""https://cdn.shop.krannich-solar.com/media/2d/c6/20/1750077151/1750908_9_c_f_7_9cf7675c853c9ffda231e4661d805a82ad750bda_1750908.jpg.jpg?width=3000"",""has_quantity_discount"":false,""scraped_at"":""2026-07-04T10:00:25.933Z""}"
Krannich Solar;1741062;1741062;SingleBoard 3S/4S 2.10 m;Základní deska SingleBoard, délka 2,10 m;Konstrukce;K2 Systems;1115.74;21;ks;https://shop.krannich-solar.com/cs-cz/SingleBoard-3S-4S-2.10-m/1741062;0 ks na skladě, možné naskladnění: 05.08.2026;"{""categories"":[""Konstrukce""],""price_raw"":""1 115,74 Kč*"",""price_per_wp_raw"":"""",""price_per_wp_czk_without_vat"":null,""properties"":{},""image_url"":""https://cdn.shop.krannich-solar.com/media/57/2f/32/1750077154/1741062_1_a_8_5_1a8517fcdca1d8d64b4fac4b5e6dcf8042625626_det_m_rf_pa_singleboard_3s_4s_2.10m.jpg.jpg?width=3000"",""has_quantity_discount"":false,""scraped_at"":""2026-07-04T10:02:58.217Z""}"
Krannich Solar;1763019;1763019;SingleBracket 3S;Střešní hák SingleBracket 3S;Konstrukce;K2 Systems;132.16;21;ks;https://shop.krannich-solar.com/cs-cz/SingleBracket-3S/1763019;19 ks na skladě, možné naskladnění: 05.08.2026;"{""categories"":[""Konstrukce""],""price_raw"":""132,16 Kč*"",""price_per_wp_raw"":"""",""price_per_wp_czk_without_vat"":null,""properties"":{},""image_url"":""https://cdn.shop.krannich-solar.com/media/51/e4/af/1771600033/1763019_9_f_0_c_9f0ccb88990206365bfd08768a0feb8b8d0a714d_det_m_rf_pa_singlebracket_3s.png.png?width=3000"",""has_quantity_discount"":false,""scraped_at"":""2026-07-04T10:00:28.308Z""}"
Krannich Solar;1743253;1743253;SingleBracket 4S;Držák pro SingleHook 4S;Konstrukce;K2 Systems;162.96;21;ks;https://shop.krannich-solar.com/cs-cz/SingleBracket-4S/1743253;0 ks na skladě, možné naskladnění: 05.08.2026;"{""categories"":[""Konstrukce""],""price_raw"":""162,96 Kč*"",""price_per_wp_raw"":"""",""price_per_wp_czk_without_vat"":null,""properties"":{},""image_url"":""https://cdn.shop.krannich-solar.com/media/f7/dc/99/1750077931/1743253_3_9_5_8_39584d5af42035703d281bb3e1db46c1536b83a1_det_m_rf_pa_singlebracket_4s.jpg.jpg?width=3000"",""has_quantity_discount"":false,""scraped_at"":""2026-07-04T10:02:53.338Z""}"
Krannich Solar;1724099;1724099;SingleHook 1.1 Al;;Konstrukce;K2 Systems;148.9;21;ks;https://shop.krannich-solar.com/cs-cz/SingleHook-1.1-Al/1724099;3340 ks na skladě, možné naskladnění: 05.08.2026;"{""categories"":[""Konstrukce""],""price_raw"":""148,90 Kč*"",""price_per_wp_raw"":"""",""price_per_wp_czk_without_vat"":null,""properties"":{},""image_url"":""https://cdn.shop.krannich-solar.com/media/83/40/b9/1750077128/1724099_e_2_3_8_e238c715136654ae0e01d6b92d536a184498e6b0_det_m_rf_pa_singlehook_1.1_al_set_pa.jpg.jpg?width=3000"",""has_quantity_discount"":false,""scraped_at"":""2026-07-04T10:00:01.714Z""}"
Krannich Solar;1731785;1731785;SingleHook 2;Střešní hák pro ploché betonové střešní tašky;Konstrukce;K2 Systems;411.28;21;ks;https://shop.krannich-solar.com/cs-cz/SingleHook-2/1731785;10 ks na skladě, možné naskladnění: 05.08.2026;"{""categories"":[""Konstrukce""],""price_raw"":""411,28 Kč*"",""price_per_wp_raw"":"""",""price_per_wp_czk_without_vat"":null,""properties"":{},""image_url"":""https://cdn.shop.krannich-solar.com/media/89/48/75/1750077863/1731785_a_2_c_b_a2cb3cd720726b6daa23c726a53225936cd538fa_det_m_rf_pa_singlehook_2.jpg.jpg?width=3000"",""has_quantity_discount"":false,""scraped_at"":""2026-07-04T10:00:30.749Z""}"
Krannich Solar;1721102;1721102;SingleHook 2G;Střešní hák pro ocelovou střešní krytinu;Konstrukce;K2 Systems;317.19;21;ks;https://shop.krannich-solar.com/cs-cz/SingleHook-2G/1721102;9 ks na skladě, možné naskladnění: 05.08.2026;"{""categories"":[""Konstrukce""],""price_raw"":""317,19 Kč*"",""price_per_wp_raw"":"""",""price_per_wp_czk_without_vat"":null,""properties"":{},""image_url"":""https://cdn.shop.krannich-solar.com/media/c0/f5/93/1750173984/1721102_c_0_1_6_c016f7ce06fe7326d3760462f51a75696c82c0e1_det_m_rf_pa_singlehook_2g.jpg.jpg?width=3000"",""has_quantity_discount"":false,""scraped_at"":""2026-07-04T10:00:30.750Z""}"
Krannich Solar;1763425;1763425;SingleHook 3S;Střešní hák SingleHook 3S;Konstrukce;K2 Systems;187.94;21;ks;https://shop.krannich-solar.com/cs-cz/SingleHook-3S/1763425;570 ks na skladě, možné naskladnění: 05.08.2026;"{""categories"":[""Konstrukce""],""price_raw"":""187,94 Kč*"",""price_per_wp_raw"":"""",""price_per_wp_czk_without_vat"":null,""properties"":{},""image_url"":""https://cdn.shop.krannich-solar.com/media/3d/af/ef/1771600030/1763425_1_f_7_c_1f7ce525de6659cf68fd188a84b7f28e535a0df0_det_m_rf_pa_singlehook_3s.jpg.jpg?width=3000"",""has_quantity_discount"":false,""scraped_at"":""2026-07-04T10:00:06.621Z""}"
Krannich Solar;1733187;1733187;SingleHook 3S;Střešní hák se 3 možnostmi nastavení výšky;Konstrukce;K2 Systems;177.27;21;ks;https://shop.krannich-solar.com/cs-cz/SingleHook-3S/1733187;104 ks na skladě, poslední kusy;"{""categories"":[""Konstrukce""],""price_raw"":""177,27 Kč*"",""price_per_wp_raw"":"""",""price_per_wp_czk_without_vat"":null,""properties"":{},""image_url"":""https://cdn.shop.krannich-solar.com/media/f8/ea/78/1750077923/1733187_0_f_c_2_0fc2c1e5feba4184442717a0cacc8a5dc4cd20cf_det_m_rf_pa_singlehook_3s.jpg.jpg?width=3000"",""has_quantity_discount"":false,""scraped_at"":""2026-07-04T10:00:18.765Z""}"
Krannich Solar;1760029;1760029;SingleHook 3S Light;Střešní hák se 3 možnostmi nastavení výšky;Konstrukce;K2 Systems;170.96;21;ks;https://shop.krannich-solar.com/cs-cz/SingleHook-3S-Light/1760029;910 ks na skladě, možné naskladnění: 05.08.2026;"{""categories"":[""Konstrukce""],""price_raw"":""170,96 Kč*"",""price_per_wp_raw"":"""",""price_per_wp_czk_without_vat"":null,""properties"":{},""image_url"":""https://cdn.shop.krannich-solar.com/media/62/c3/48/1761291393/1760029_1_3_e_5_13e56934719f9e8a80b4edf8faf7470851d1abfd_det_m_rf_pa_singlehook_3s_light.png.png?width=3000"",""has_quantity_discount"":false,""scraped_at"":""2026-07-04T10:00:04.098Z""}"
Krannich Solar;1752406;1752406;SingleHook 3S long;Střešní hák se 3 možnostmi nastavení výšky;Konstrukce;K2 Systems;215.1;21;ks;https://shop.krannich-solar.com/cs-cz/SingleHook-3S-long/1752406;62 ks na skladě, poslední kusy;"{""categories"":[""Konstrukce""],""price_raw"":""215,10 Kč*"",""price_per_wp_raw"":"""",""price_per_wp_czk_without_vat"":null,""properties"":{},""image_url"":""https://cdn.shop.krannich-solar.com/media/fc/92/37/1750077230/1752406_c_1_9_a_c19a0d774015eec406b5fe76f268f9a62804c8c9_det_m_rf_pa_singlehook_3s_long.jpg.jpg?width=3000"",""has_quantity_discount"":false,""scraped_at"":""2026-07-04T10:00:21.239Z""}"
Krannich Solar;1763178;1763178;SingleHook 3S long;Střešní hák SingleHook 3S long;Konstrukce;K2 Systems;228.19;21;ks;https://shop.krannich-solar.com/cs-cz/SingleHook-3S-long/1763178;58 ks na skladě, možné naskladnění: 05.08.2026;"{""categories"":[""Konstrukce""],""price_raw"":""228,19 Kč*"",""price_per_wp_raw"":"""",""price_per_wp_czk_without_vat"":null,""properties"":{},""image_url"":""https://cdn.shop.krannich-solar.com/media/db/d1/41/1771600029/1763178_5_5_c_1_55c1703b06f75c51249dbc71d069f02958250772_det_m_rf_pa_singlehook_3s_long.jpg.jpg?width=3000"",""has_quantity_discount"":false,""scraped_at"":""2026-07-04T10:00:21.239Z""}"
Krannich Solar;1733188;1733188;SingleHook 4S;Střešní hák se 3 možnostmi nastavení výšky;Konstrukce;K2 Systems;192.06;21;ks;https://shop.krannich-solar.com/cs-cz/SingleHook-4S/1733188;312 ks na skladě, poslední kusy;"{""categories"":[""Konstrukce""],""price_raw"":""192,06 Kč*"",""price_per_wp_raw"":"""",""price_per_wp_czk_without_vat"":null,""properties"":{},""image_url"":""https://cdn.shop.krannich-solar.com/media/4a/f8/1c/1750077920/1733188_c_5_1_1_c5116ce2e7213f43a6178b7232916ab0fdb4b5c3_det_m_rf_pa_singlehook_4s.jpg.jpg?width=3000"",""has_quantity_discount"":false,""scraped_at"":""2026-07-04T10:00:09.006Z""}"
Krannich Solar;1763426;1763426;SingleHook 4S;Střešní hák SingleHook 4S;Konstrukce;K2 Systems;203.46;21;ks;https://shop.krannich-solar.com/cs-cz/SingleHook-4S/1763426;0 ks na skladě, možné naskladnění: 13.07.2026;"{""categories"":[""Konstrukce""],""price_raw"":""203,46 Kč*"",""price_per_wp_raw"":"""",""price_per_wp_czk_without_vat"":null,""properties"":{},""image_url"":""https://cdn.shop.krannich-solar.com/media/d1/58/15/1771600031/1763426_3_3_a_4_33a4f56c94ea844c60bdf4186e555ba127fcfe5c_det_m_rf_pa_singlehook_4s.jpg.jpg?width=3000"",""has_quantity_discount"":false,""scraped_at"":""2026-07-04T10:00:35.469Z""}"
Krannich Solar;1742828;1742828;SingleHook Alpin;;Konstrukce;K2 Systems;234.98;21;ks;https://shop.krannich-solar.com/cs-cz/SingleHook-Alpin/1742828;0 ks na skladě, možné naskladnění: 05.08.2026;"{""categories"":[""Konstrukce""],""price_raw"":""234,98 Kč*"",""price_per_wp_raw"":"""",""price_per_wp_czk_without_vat"":null,""properties"":{},""image_url"":""https://cdn.shop.krannich-solar.com/media/b6/9a/d4/1750077917/1742828_8_4_8_6_848644d2bce1ac93ca9ba05675dfaa6631730f81_det_m_rf_pa_singlehook_alpin.jpg.jpg?width=3000"",""has_quantity_discount"":false,""scraped_at"":""2026-07-04T10:03:00.652Z""}"
Krannich Solar;1756016;1756016;SingleHook FlatTile;Strešní hák pro bobrovku;Konstrukce;K2 Systems;75.42;21;ks;https://shop.krannich-solar.com/cs-cz/SingleHook-FlatTile/1756016;9 ks na skladě, možné naskladnění: 05.08.2026;"{""categories"":[""Konstrukce""],""price_raw"":""75,42 Kč*"",""price_per_wp_raw"":"""",""price_per_wp_czk_without_vat"":null,""properties"":{},""image_url"":""https://cdn.shop.krannich-solar.com/media/b1/7b/13/1750077422/1756016_c_c_3_8_cc3839bee18ff0cd2d8e5a6c269fec1c621de9db_det_m_rf_pa_singlehook_flat_tile.jpg.jpg?width=3000"",""has_quantity_discount"":false,""scraped_at"":""2026-07-04T10:00:30.750Z""}"
Krannich Solar;1756017;1756017;SingleHook FlatTile sheet metal, ANTHRACITE;;Konstrukce;K2 Systems;34.44;21;ks;https://shop.krannich-solar.com/cs-cz/SingleHook-FlatTile-sheet-metal-ANTHRACITE/1756017;0 ks na skladě, možné naskladnění: 05.08.2026;"{""categories"":[""Konstrukce""],""price_raw"":""34,44 Kč*"",""price_per_wp_raw"":"""",""price_per_wp_czk_without_vat"":null,""properties"":{},""image_url"":""https://cdn.shop.krannich-solar.com/media/ca/70/0e/1750077424/1756017_b_e_5_7_be5738ba9ed88d90cce511d44ee37abcc09ebf9f_det_m_rf_pl_singlehook_fla_sheet_metal_anthracite.jpg.jpg?width=3000"",""has_quantity_discount"":false,""scraped_at"":""2026-07-04T10:02:50.803Z""}"
Krannich Solar;1756018;1756018;SingleHook FlatTile sheet metal, RED;;Konstrukce;K2 Systems;34.44;21;ks;https://shop.krannich-solar.com/cs-cz/SingleHook-FlatTile-sheet-metal-RED/1756018;0 ks na skladě, možné naskladnění: 05.08.2026;"{""categories"":[""Konstrukce""],""price_raw"":""34,44 Kč*"",""price_per_wp_raw"":"""",""price_per_wp_czk_without_vat"":null,""properties"":{},""image_url"":""https://cdn.shop.krannich-solar.com/media/74/d9/4b/1750077421/1756018_3_5_1_3_3513b08b972801aef27f4cd63f032ecfbf80b9df_det_m_rf_pl_singlehook_fla_sheet_metal_red.jpg.jpg?width=3000"",""has_quantity_discount"":false,""scraped_at"":""2026-07-04T10:02:55.733Z""}"
Krannich Solar;1728099;1728099;SingleHook FT SET;Strešní hák (šírka zakladní desky:30 mm);Konstrukce;K2 Systems;112.76;21;ks;https://shop.krannich-solar.com/cs-cz/SingleHook-FT-SET/1728099;0 ks na skladě, možné naskladnění: 05.08.2026;"{""categories"":[""Konstrukce""],""price_raw"":""112,76 Kč*"",""price_per_wp_raw"":"""",""price_per_wp_czk_without_vat"":null,""properties"":{},""image_url"":""https://cdn.shop.krannich-solar.com/media/6b/2a/08/1750408848/1728099_a_f_b_a_afba78d72f67b52ffde25b14f8246add2046fe16_SingleHook_FT.jpg.jpg?width=3000"",""has_quantity_discount"":false,""scraped_at"":""2026-07-04T10:03:00.652Z""}"
Krannich Solar;1741558;1741558;SingleHook Vario SET;;Konstrukce;K2 Systems;190.12;21;ks;https://shop.krannich-solar.com/cs-cz/SingleHook-Vario-SET/1741558;81 ks na skladě, možné naskladnění: 05.08.2026;"{""categories"":[""Konstrukce""],""price_raw"":""190,12 Kč*"",""price_per_wp_raw"":"""",""price_per_wp_czk_without_vat"":null,""properties"":{},""image_url"":""https://cdn.shop.krannich-solar.com/media/35/0c/90/1750408841/1741558_2_8_9_d_289dc7098fe2575baaf23143867a6d16a8999690_det_m_rf_pa_singlehook_vario_set.jpg.jpg?width=3000"",""has_quantity_discount"":false,""scraped_at"":""2026-07-04T10:00:21.238Z""}"
Krannich Solar;1756193;1756193;SingleRail 36 - 2,40;;Konstrukce;K2 Systems;425.83;21;ks;https://shop.krannich-solar.com/cs-cz/SingleRail-36-2-40/1756193;31 ks na skladě, možné naskladnění: 05.08.2026;"{""categories"":[""Konstrukce""],""price_raw"":""425,83 Kč*"",""price_per_wp_raw"":"""",""price_per_wp_czk_without_vat"":null,""properties"":{},""image_url"":""https://cdn.shop.krannich-solar.com/media/c7/4c/g0/1750077441/1756193_a_7_5_d_a75d98e8516d3f7fe5cc35dafa2b17355570ac72_det_m_rk2_singlerail_36_2_40.jpg.jpg?width=3000"",""has_quantity_discount"":false,""scraped_at"":""2026-07-04T10:00:25.932Z""}"
Krannich Solar;1753644;1753644;SingleRail 36 - 3,65;;Konstrukce;K2 Systems;567.94;21;ks;https://shop.krannich-solar.com/cs-cz/SingleRail-36-3-65/1753644;599 ks na skladě, možné naskladnění: 05.08.2026;"{""categories"":[""Konstrukce""],""price_raw"":""567,94 Kč*"",""price_per_wp_raw"":"""",""price_per_wp_czk_without_vat"":null,""properties"":{},""image_url"":""https://cdn.shop.krannich-solar.com/media/6e/50/1f/1750077303/1753644_0_a_a_1_0aa16684bd5c20a88e8140d3b79247337faefcac_SingleRail_36.jpg.jpg?width=3000"",""has_quantity_discount"":false,""scraped_at"":""2026-07-04T10:00:06.620Z""}"
Krannich Solar;1754771;1754771;SingleRail 36 - 4,80;;Konstrukce;K2 Systems;747.87;21;ks;https://shop.krannich-solar.com/cs-cz/SingleRail-36-4-80/1754771;0 ks na skladě, možné naskladnění: 13.07.2026;"{""categories"":[""Konstrukce""],""price_raw"":""747,87 Kč*"",""price_per_wp_raw"":"""",""price_per_wp_czk_without_vat"":null,""properties"":{},""image_url"":""https://cdn.shop.krannich-solar.com/media/cb/a2/38/1750408845/1754771_6_9_8_4_6984e9fba42e6fe12e0b2152c744a400ae59f222_det_m_rk2_singlerail_36_4_80.jpg.jpg?width=3000"",""has_quantity_discount"":false,""scraped_at"":""2026-07-04T10:00:35.470Z""}"
Krannich Solar;1754767;1754767;SingleRail 36 - 4,80 BLACK;;Konstrukce;K2 Systems;1165.94;21;ks;https://shop.krannich-solar.com/cs-cz/SingleRail-36-4-80-BLACK/1754767;85 ks na skladě, možné naskladnění: 05.08.2026;"{""categories"":[""Konstrukce""],""price_raw"":""1 165,94 Kč*"",""price_per_wp_raw"":"""",""price_per_wp_czk_without_vat"":null,""properties"":{},""image_url"":""https://cdn.shop.krannich-solar.com/media/7f/a3/61/1750408843/1754767_3_4_1_e_341e6597c3ee6d82d55a7b2e91c0525ed69be29a_det_m_rk2_singlerail_36_4_80_black.jpg.jpg?width=3000"",""has_quantity_discount"":false,""scraped_at"":""2026-07-04T10:00:18.766Z""}"
Krannich Solar;1753646;1753646;SingleRail 36 - 5,95;;Konstrukce;K2 Systems;925.14;21;ks;https://shop.krannich-solar.com/cs-cz/SingleRail-36-5-95/1753646;142 ks na skladě, možné naskladnění: 05.08.2026;"{""categories"":[""Konstrukce""],""price_raw"":""925,14 Kč*"",""price_per_wp_raw"":"""",""price_per_wp_czk_without_vat"":null,""properties"":{},""image_url"":""https://cdn.shop.krannich-solar.com/media/81/23/ba/1750077306/1753646_0_a_a_1_0aa16684bd5c20a88e8140d3b79247337faefcac_SingleRail_36.jpg.jpg?width=3000"",""has_quantity_discount"":false,""scraped_at"":""2026-07-04T10:00:16.364Z""}"
Krannich Solar;1754768;1754768;SingleRail 36 Light - 4,80;;Konstrukce;K2 Systems;647.23;21;ks;https://shop.krannich-solar.com/cs-cz/SingleRail-36-Light-4-80/1754768;556 ks na skladě, možné naskladnění: 05.08.2026;"{""categories"":[""Konstrukce""],""price_raw"":""647,23 Kč*"",""price_per_wp_raw"":"""",""price_per_wp_czk_without_vat"":null,""properties"":{},""image_url"":""https://cdn.shop.krannich-solar.com/media/df/e6/42/1750408842/1754768_0_7_6_9_0769e0ccd9e31467aaf49bf0d763c4bac4a2d5aa_det_m_rk2_singlerail_light_36_4_80.jpg.jpg?width=3000"",""has_quantity_discount"":false,""scraped_at"":""2026-07-04T10:00:06.621Z""}"
Krannich Solar;1754744;1754744;SingleRail 50 - 4,80;;Konstrukce;K2 Systems;966.85;21;ks;https://shop.krannich-solar.com/cs-cz/SingleRail-50-4-80/1754744;79 ks na skladě, možné naskladnění: 05.08.2026;"{""categories"":[""Konstrukce""],""price_raw"":""966,85 Kč*"",""price_per_wp_raw"":"""",""price_per_wp_czk_without_vat"":null,""properties"":{},""image_url"":""https://cdn.shop.krannich-solar.com/media/d6/94/8b/1750408852/1754744_7_8_8_d_788dcb41b3d29154b3842933d4552ea34ba0e057_m_ek2_singlerail_50_4_80.png.png?width=3000"",""has_quantity_discount"":false,""scraped_at"":""2026-07-04T10:00:21.238Z""}"
Krannich Solar;1764084;1764084;SingleRail 50 EndCap;;Konstrukce;K2 Systems;10.67;21;ks;https://shop.krannich-solar.com/cs-cz/SingleRail-50-EndCap/1764084;30 ks na skladě, možné naskladnění: 05.08.2026;"{""categories"":[""Konstrukce""],""price_raw"":""10,67 Kč*"",""price_per_wp_raw"":"""",""price_per_wp_czk_without_vat"":null,""properties"":{},""image_url"":""https://cdn.shop.krannich-solar.com/media/fb/7a/5c/1776266017/1764084_0_2_a_1_02a1ec5064b2ccd5625f36d9619dbab8fefe958e_det_m_ac_end_cap_singlerail_50.png.png?width=3000"",""has_quantity_discount"":false,""scraped_at"":""2026-07-04T10:00:25.932Z""}"
Krannich Solar;1725370;1725370;SingleRail 63 - 6,10;;Konstrukce;K2 Systems;1863.86;21;ks;https://shop.krannich-solar.com/cs-cz/SingleRail-63-6-10/1725370;1 ks na skladě, možné naskladnění: 05.08.2026;"{""categories"":[""Konstrukce""],""price_raw"":""1 863,86 Kč*"",""price_per_wp_raw"":"""",""price_per_wp_czk_without_vat"":null,""properties"":{},""image_url"":""https://cdn.shop.krannich-solar.com/media/86/89/2a/1750077202/1725370_5_f_9_e_5f9e498a3806bb9ef17813b2968e80ded1593f2c_det_m_rk2_singlerail_63_6_10.jpg.jpg?width=3000"",""has_quantity_discount"":false,""scraped_at"":""2026-07-04T10:00:33.084Z""}"
Krannich Solar;1740067;1740067;SINGLERAIL L-ADAPTER SET;Spojovací sada SingleRail - střešní háky SolidHook;Konstrukce;K2 Systems;48.99;21;ks;https://shop.krannich-solar.com/cs-cz/SINGLERAIL-L-ADAPTER-SET/1740067;150 ks na skladě, možné naskladnění: 05.08.2026;"{""categories"":[""Konstrukce""],""price_raw"":""48,99 Kč*"",""price_per_wp_raw"":"""",""price_per_wp_czk_without_vat"":null,""properties"":{},""image_url"":""https://cdn.shop.krannich-solar.com/media/30/2e/b7/1750078060/1740067_d_d_1_1_dd116966a23890da8ba706b936de7196ea57a954_det_m_ac_singlerail_l_adapter_set.png.png?width=3000"",""has_quantity_discount"":false,""scraped_at"":""2026-07-04T10:00:16.364Z""}"
Krannich Solar;1753668;1753668;SingleRail SpliceFoot;Spojovací patka pro profily SingleRail;Konstrukce;K2 Systems;122.46;21;ks;https://shop.krannich-solar.com/cs-cz/SingleRail-SpliceFoot/1753668;208 ks na skladě, možné naskladnění: 05.08.2026;"{""categories"":[""Konstrukce""],""price_raw"":""122,46 Kč*"",""price_per_wp_raw"":"""",""price_per_wp_czk_without_vat"":null,""properties"":{},""image_url"":""https://cdn.shop.krannich-solar.com/media/03/1d/82/1750077300/1753668_6_d_0_d_6d0d78563bb72ca4ec550af7b79e68018e74a799_det_m_rf_singlerail_splicefoot.jpg.jpg?width=3000"",""has_quantity_discount"":false,""scraped_at"":""2026-07-04T10:00:13.918Z""}"
Krannich Solar;1716108;1716108;SN M8 SS;Rychloupínací matice s klipem M8 - nerez;Konstrukce;K2 Systems;14.31;21;ks;https://shop.krannich-solar.com/cs-cz/SN-M8-SS/1716108;2500 ks na skladě, možné naskladnění: 13.07.2026;"{""categories"":[""Konstrukce""],""price_raw"":""14,31 Kč*"",""price_per_wp_raw"":"""",""price_per_wp_czk_without_vat"":null,""properties"":{},""image_url"":""https://cdn.shop.krannich-solar.com/media/20/f9/09/1750077952/1716108_a_7_d_c_a7dcf2f616d3d0b43ed1cc157bbe41d70748293f_det_m_sn_m8_ss.jpg.jpg?width=3000"",""has_quantity_discount"":false,""scraped_at"":""2026-07-04T10:00:01.715Z""}"
Krannich Solar;1742152;1742152;Snap Seam Clamp CF:x SingleRail;Úchytka na falcovaný plech;Konstrukce;K2 Systems;157.63;21;ks;https://shop.krannich-solar.com/cs-cz/Snap-Seam-Clamp-CF-x-SingleRail/1742152;268 ks na skladě, možné naskladnění: 05.08.2026;"{""categories"":[""Konstrukce""],""price_raw"":""157,63 Kč*"",""price_per_wp_raw"":"""",""price_per_wp_czk_without_vat"":null,""properties"":{},""image_url"":""https://cdn.shop.krannich-solar.com/media/20/cd/1b/1750077889/1742152_b_c_7_4_bc74ea1620854332fe127b22373d7e26b203ea39_det_m_ac_single_seamclamp_cfx.jpg.jpg?width=3000"",""has_quantity_discount"":false,""scraped_at"":""2026-07-04T10:00:11.504Z""}"
Krannich Solar;1731184;1731184;Snap Seam Clamp CF:x SolidRail;Úchytka na falcovaný plech;Konstrukce;K2 Systems;160.54;21;ks;https://shop.krannich-solar.com/cs-cz/Snap-Seam-Clamp-CF-x-SolidRail/1731184;46 ks na skladě, možné naskladnění: 05.08.2026;"{""categories"":[""Konstrukce""],""price_raw"":""160,54 Kč*"",""price_per_wp_raw"":"""",""price_per_wp_czk_without_vat"":null,""properties"":{},""image_url"":""https://cdn.shop.krannich-solar.com/media/72/b8/69/1750077887/1731184_5_7_e_d_57ed7fdea5379381a63e12f47ed999eb9d90e71a_det_m_ac_solid_snap_seamclamp_cfx.jpg.jpg?width=3000"",""has_quantity_discount"":false,""scraped_at"":""2026-07-04T10:00:23.555Z""}"
Krannich Solar;1741235;1741235;SolidHook 3S+;Střešní hák se 3 možnostmi nastavení výšky;Konstrukce;K2 Systems;163.93;21;ks;https://shop.krannich-solar.com/cs-cz/SolidHook-3S/1741235;102 ks na skladě, možné naskladnění: 05.08.2026;"{""categories"":[""Konstrukce""],""price_raw"":""163,93 Kč*"",""price_per_wp_raw"":"""",""price_per_wp_czk_without_vat"":null,""properties"":{},""image_url"":""https://cdn.shop.krannich-solar.com/media/08/85/6f/1750077242/1741235_d_d_c_a_ddca26b96fcddf7ac254dbd842970aa8cce5db2a_det_m_rf_pa_solidhook_3s_.jpg.jpg?width=3000"",""has_quantity_discount"":false,""scraped_at"":""2026-07-04T10:00:18.765Z""}"
Krannich Solar;1725919;1725919;SolidHook 4S+;Střešní hák se 3 možnostmi nastavení výšky;Konstrukce;K2 Systems;186;21;ks;https://shop.krannich-solar.com/cs-cz/SolidHook-4S/1725919;103 ks na skladě, možné naskladnění: 05.08.2026;"{""categories"":[""Konstrukce""],""price_raw"":""186,00 Kč*"",""price_per_wp_raw"":"""",""price_per_wp_czk_without_vat"":null,""properties"":{},""image_url"":""https://cdn.shop.krannich-solar.com/media/8e/9f/fb/1750077266/1725919_d_8_3_b_d83b8c0b804cd1913c2168a1326ae7c927dd3a3c_det_m_rf_pa_solidhook_4s_.jpg.jpg?width=3000"",""has_quantity_discount"":false,""scraped_at"":""2026-07-04T10:00:18.765Z""}"
Krannich Solar;1753626;1753626;SolidRail Alpin 5,95;;Konstrukce;K2 Systems;2054.95;21;ks;https://shop.krannich-solar.com/cs-cz/SolidRail-Alpin-5-95/1753626;0 ks na skladě, možné naskladnění: 05.08.2026;"{""categories"":[""Konstrukce""],""price_raw"":""2 054,95 Kč*"",""price_per_wp_raw"":"""",""price_per_wp_czk_without_vat"":null,""properties"":{},""image_url"":""https://cdn.shop.krannich-solar.com/media/90/1a/b2/1750077299/1753626_5_d_4_0_5d40b59be3ac9a8a723718563bd990604b47e48e_det_m_rk2_a_5_50.jpg.jpg?width=3000"",""has_quantity_discount"":false,""scraped_at"":""2026-07-04T10:02:48.385Z""}"
Krannich Solar;1756192;1756192;SolidRail Light 2,40;;Konstrukce;K2 Systems;466.33;21;ks;https://shop.krannich-solar.com/cs-cz/SolidRail-Light-2-40/1756192;16 ks na skladě, možné naskladnění: 05.08.2026;"{""categories"":[""Konstrukce""],""price_raw"":""466,33 Kč*"",""price_per_wp_raw"":"""",""price_per_wp_czk_without_vat"":null,""properties"":{},""image_url"":""https://cdn.shop.krannich-solar.com/media/3a/9e/e4/1779697300/1756192_9_d_a_f_9daf2418e1f864f5e35233147fe4bc5355126d9c_det_m_rk2_l_2_40.jpg.jpg?width=3000"",""has_quantity_discount"":false,""scraped_at"":""2026-07-04T10:00:30.748Z""}"
Krannich Solar;1733081;1733081;SolidRail Light 3,30;;Konstrukce;K2 Systems;411.04;21;ks;https://shop.krannich-solar.com/cs-cz/SolidRail-Light-3-30/1733081;0 ks na skladě, možné naskladnění: 05.08.2026;"{""categories"":[""Konstrukce""],""price_raw"":""411,04 Kč*"",""price_per_wp_raw"":"""",""price_per_wp_czk_without_vat"":null,""properties"":{},""image_url"":""https://cdn.shop.krannich-solar.com/media/f6/45/2c/1771822080/1733081_0_d_5_e_0d5e6585a45a853725cabe164f77f1b96f9eee89_det_m_rk2_l_3_30.jpg.jpg?width=3000"",""has_quantity_discount"":false,""scraped_at"":""2026-07-04T10:02:43.435Z""}"
Krannich Solar;1753638;1753638;SolidRail Light 3,65;;Konstrukce;K2 Systems;625.89;21;ks;https://shop.krannich-solar.com/cs-cz/SolidRail-Light-3-65/1753638;598 ks na skladě, možné naskladnění: 05.08.2026;"{""categories"":[""Konstrukce""],""price_raw"":""625,89 Kč*"",""price_per_wp_raw"":"""",""price_per_wp_czk_without_vat"":null,""properties"":{},""image_url"":""https://cdn.shop.krannich-solar.com/media/da/48/48/1750077301/1753638_5_4_6_a_546a6c4e5cea079fe825581da3d4ae91dfbdcb54_det_m_rk2_l_5_50.jpg.jpg?width=3000"",""has_quantity_discount"":false,""scraped_at"":""2026-07-04T10:00:06.620Z""}"
Krannich Solar;1754770;1754770;SolidRail Light 4,80;;Konstrukce;K2 Systems;823.05;21;ks;https://shop.krannich-solar.com/cs-cz/SolidRail-Light-4-80/1754770;303 ks na skladě, možné naskladnění: 05.08.2026;"{""categories"":[""Konstrukce""],""price_raw"":""823,05 Kč*"",""price_per_wp_raw"":"""",""price_per_wp_czk_without_vat"":null,""properties"":{},""image_url"":""https://cdn.shop.krannich-solar.com/media/eb/84/7c/1751373404/1754770_f_1_7_6_f176555ccdeb7b0655b1f5be85f830e9edda79b0_det_m_rk2_Solidrail_light_4_80.jpg.jpg?width=3000"",""has_quantity_discount"":false,""scraped_at"":""2026-07-04T10:00:09.006Z""}"
Krannich Solar;1754765;1754765;SolidRail Light 4,80 BLACK;;Konstrukce;K2 Systems;1270.94;21;ks;https://shop.krannich-solar.com/cs-cz/SolidRail-Light-4-80-BLACK/1754765;94 ks na skladě, možné naskladnění: 05.08.2026;"{""categories"":[""Konstrukce""],""price_raw"":""1 270,94 Kč*"",""price_per_wp_raw"":"""",""price_per_wp_czk_without_vat"":null,""properties"":{},""image_url"":""https://cdn.shop.krannich-solar.com/media/6e/11/b9/1751371606/1754765_1_7_d_d_17ddc6946a7f87e5892514ec0f231b9042771d7c_det_m_rk2_Solidrail_light_4_80_black__2_.jpg.jpg?width=3000"",""has_quantity_discount"":false,""scraped_at"":""2026-07-04T10:00:18.766Z""}"
Krannich Solar;1753640;1753640;SolidRail Light 5,95;;Konstrukce;K2 Systems;1020.44;21;ks;https://shop.krannich-solar.com/cs-cz/SolidRail-Light-5-95/1753640;30 ks na skladě, možné naskladnění: 05.08.2026;"{""categories"":[""Konstrukce""],""price_raw"":""1 020,44 Kč*"",""price_per_wp_raw"":"""",""price_per_wp_czk_without_vat"":null,""properties"":{},""image_url"":""https://cdn.shop.krannich-solar.com/media/b8/c2/92/1750077303/1753640_5_4_6_a_546a6c4e5cea079fe825581da3d4ae91dfbdcb54_det_m_rk2_l_5_50.jpg.jpg?width=3000"",""has_quantity_discount"":false,""scraped_at"":""2026-07-04T10:00:25.932Z""}"
Krannich Solar;1754828;1754828;SolidRail Medium 4,80;;Konstrukce;K2 Systems;1219.05;21;ks;https://shop.krannich-solar.com/cs-cz/SolidRail-Medium-4-80/1754828;23 ks na skladě, možné naskladnění: 13.07.2026;"{""categories"":[""Konstrukce""],""price_raw"":""1 219,05 Kč*"",""price_per_wp_raw"":"""",""price_per_wp_czk_without_vat"":null,""properties"":{},""image_url"":""https://cdn.shop.krannich-solar.com/media/d5/42/bd/1750077357/1754828_a_3_6_d_a36d7d9c60dec6676164719942114f9d652694ad_det_m_rk2_m_4_80.jpg.jpg?width=3000"",""has_quantity_discount"":false,""scraped_at"":""2026-07-04T10:00:28.306Z""}"
Krannich Solar;1753627;1753627;SolidRail Medium 5,95;;Konstrukce;K2 Systems;1373.52;21;ks;https://shop.krannich-solar.com/cs-cz/SolidRail-Medium-5-95/1753627;18 ks na skladě, poslední kusy;"{""categories"":[""Konstrukce""],""price_raw"":""1 373,52 Kč*"",""price_per_wp_raw"":"""",""price_per_wp_czk_without_vat"":null,""properties"":{},""image_url"":""https://cdn.shop.krannich-solar.com/media/a3/3d/f3/1750077298/1753627_1_6_8_4_1684c2a6994b05396562ddc14bdaa00f998ae9da_2004273.jpg.jpg?width=3000"",""has_quantity_discount"":false,""scraped_at"":""2026-07-04T10:00:28.308Z""}"
Krannich Solar;1753633;1753633;SolidRail UltraLight 2,50;;Konstrukce;K2 Systems;362.78;21;ks;https://shop.krannich-solar.com/cs-cz/SolidRail-UltraLight-2-50/1753633;8 ks na skladě, možné naskladnění: 05.08.2026;"{""categories"":[""Konstrukce""],""price_raw"":""362,78 Kč*"",""price_per_wp_raw"":"""",""price_per_wp_czk_without_vat"":null,""properties"":{},""image_url"":""https://cdn.shop.krannich-solar.com/media/3e/58/39/1750077301/1753633_a_0_e_d_a0ede4e3ef5283a2b898458cef07f00187f6688c_det_m_rk2_ul_5_50.jpg.jpg?width=3000"",""has_quantity_discount"":false,""scraped_at"":""2026-07-04T10:00:33.083Z""}"
Krannich Solar;1753634;1753634;SolidRail UltraLight 3,65;;Konstrukce;K2 Systems;516.77;21;ks;https://shop.krannich-solar.com/cs-cz/SolidRail-UltraLight-3-65/1753634;49 ks na skladě, možné naskladnění: 05.08.2026;"{""categories"":[""Konstrukce""],""price_raw"":""516,77 Kč*"",""price_per_wp_raw"":"""",""price_per_wp_czk_without_vat"":null,""properties"":{},""image_url"":""https://cdn.shop.krannich-solar.com/media/01/13/08/1750077306/1753634_a_0_e_d_a0ede4e3ef5283a2b898458cef07f00187f6688c_det_m_rk2_ul_5_50.jpg.jpg?width=3000"",""has_quantity_discount"":false,""scraped_at"":""2026-07-04T10:00:23.555Z""}"
Krannich Solar;1754769;1754769;SolidRail UltraLight 4,80;;Konstrukce;K2 Systems;679.49;21;ks;https://shop.krannich-solar.com/cs-cz/SolidRail-UltraLight-4-80/1754769;139 ks na skladě, možné naskladnění: 05.08.2026;"{""categories"":[""Konstrukce""],""price_raw"":""679,49 Kč*"",""price_per_wp_raw"":"""",""price_per_wp_czk_without_vat"":null,""properties"":{},""image_url"":""https://cdn.shop.krannich-solar.com/media/53/e1/83/1751373401/1754769_f_2_d_b_f2dbe24423317b4a0bde92d482c6861adfbd9a91_det_m_rk2_solidrail_ultralight_4_80.jpg.jpg?width=3000"",""has_quantity_discount"":false,""scraped_at"":""2026-07-04T10:00:16.364Z""}"
Krannich Solar;1753636;1753636;SolidRail UltraLight 5,95;;Konstrukce;K2 Systems;841.96;21;ks;https://shop.krannich-solar.com/cs-cz/SolidRail-UltraLight-5-95/1753636;15 ks na skladě, možné naskladnění: 05.08.2026;"{""categories"":[""Konstrukce""],""price_raw"":""841,96 Kč*"",""price_per_wp_raw"":"""",""price_per_wp_czk_without_vat"":null,""properties"":{},""image_url"":""https://cdn.shop.krannich-solar.com/media/6e/75/5f/1750077297/1753636_a_0_e_d_a0ede4e3ef5283a2b898458cef07f00187f6688c_det_m_rk2_ul_5_50.jpg.jpg?width=3000"",""has_quantity_discount"":false,""scraped_at"":""2026-07-04T10:00:30.748Z""}"
Krannich Solar;1725244;1725244;SpeedPorter;K zatížení Dome systému;Konstrukce;K2 Systems;37.35;21;ks;https://shop.krannich-solar.com/cs-cz/SpeedPorter/1725244;567 ks na skladě, možné naskladnění: 13.07.2026;"{""categories"":[""Konstrukce""],""price_raw"":""37,35 Kč*"",""price_per_wp_raw"":"""",""price_per_wp_czk_without_vat"":null,""properties"":{},""image_url"":""https://cdn.shop.krannich-solar.com/media/2c/aa/61/1750077198/1725244_5_8_f_3_58f3189d9acac62c511bfc43ab185df054372b7c_det_m_do_speedporter.jpg.jpg?width=3000"",""has_quantity_discount"":false,""scraped_at"":""2026-07-04T10:00:06.621Z""}"
Krannich Solar;1714837;1714837;Standing Seam Clamp CF:x SingleRail;Úchytka na falcovaný plech;Konstrukce;K2 Systems;121.74;21;ks;https://shop.krannich-solar.com/cs-cz/Standing-Seam-Clamp-CF-x-SingleRail/1714837;263 ks na skladě, možné naskladnění: 05.08.2026;"{""categories"":[""Konstrukce""],""price_raw"":""121,74 Kč*"",""price_per_wp_raw"":"""",""price_per_wp_czk_without_vat"":null,""properties"":{},""image_url"":""https://cdn.shop.krannich-solar.com/media/69/a7/b1/1750077871/1714837_6_3_7_3_6373860a1b30eadeaf90748ab7c43cc47e54e48d_det_m_rf_ds_medi_set.jpg.jpg?width=3000"",""has_quantity_discount"":false,""scraped_at"":""2026-07-04T10:00:11.504Z""}"
Krannich Solar;1716477;1716477;TB 20/12 M8x20;T šroub 20/12 M8x20;Konstrukce;K2 Systems;6.55;21;ks;https://shop.krannich-solar.com/cs-cz/TB-20-12-M8x20/1716477;400 ks na skladě, možné naskladnění: 05.08.2026;"{""categories"":[""Konstrukce""],""price_raw"":""6,55 Kč*"",""price_per_wp_raw"":"""",""price_per_wp_czk_without_vat"":null,""properties"":{},""image_url"":""https://cdn.shop.krannich-solar.com/media/49/f6/e7/1750077969/1716477_0_c_f_8_0cf8fc00bff95fa21b557c10c2e28bebd155f32e_det_m_tb_20_12_28_15.jpg.jpg?width=3000"",""has_quantity_discount"":false,""scraped_at"":""2026-07-04T10:00:09.005Z""}"
Krannich Solar;1727489;1727489;TB 20/12 M8x30;Šroub s kladívkovou hlavou 20/12 M8x30;Konstrukce;K2 Systems;7.28;21;ks;https://shop.krannich-solar.com/cs-cz/TB-20-12-M8x30/1727489;0 ks na skladě, možné naskladnění: 05.08.2026;"{""categories"":[""Konstrukce""],""price_raw"":""7,28 Kč*"",""price_per_wp_raw"":"""",""price_per_wp_czk_without_vat"":null,""properties"":{},""image_url"":""https://cdn.shop.krannich-solar.com/media/86/be/72/1750077397/1727489_5_5_9_c_559c577b1dfdc0d5029d0e844800ced9f993a7c1_2002035.jpg.jpg?width=3000"",""has_quantity_discount"":false,""scraped_at"":""2026-07-04T10:02:55.733Z""}"
Krannich Solar;1713879;1713879;TB 28/15 M10x20;T šroub 28/15 M10x20;Konstrukce;K2 Systems;8.73;21;ks;https://shop.krannich-solar.com/cs-cz/TB-28-15-M10x20/1713879;1015 ks na skladě, možné naskladnění: 05.08.2026;"{""categories"":[""Konstrukce""],""price_raw"":""8,73 Kč*"",""price_per_wp_raw"":"""",""price_per_wp_czk_without_vat"":null,""properties"":{},""image_url"":""https://cdn.shop.krannich-solar.com/media/ee/d3/33/1750077444/1713879_b_5_9_a_b59a773f8f174c1c825e793cf27e3327ba3cae97_det_m_sc_tb_28_15_m10x20.jpg.jpg?width=3000"",""has_quantity_discount"":false,""scraped_at"":""2026-07-04T10:00:04.097Z""}"
Krannich Solar;1740411;1740411;TB 28/15 M10x25;Šroub s kladivovou hlavou 28/15 M10x25 A2;Konstrukce;K2 Systems;8.49;21;ks;https://shop.krannich-solar.com/cs-cz/TB-28-15-M10x25/1740411;116 ks na skladě, možné naskladnění: 05.08.2026;"{""categories"":[""Konstrukce""],""price_raw"":""8,49 Kč*"",""price_per_wp_raw"":"""",""price_per_wp_czk_without_vat"":null,""properties"":{},""image_url"":""https://cdn.shop.krannich-solar.com/media/88/99/4d/1750077975/1740411_8_9_c_8_89c8e1dc4eb8a2681c36ab5e7537447057b72b06_det_m_tb_20_12_28_15.jpg.jpg?width=3000"",""has_quantity_discount"":false,""scraped_at"":""2026-07-04T10:00:16.365Z""}"
Krannich Solar;1712904;1712904;TB 28/15 M10x30;T-Šroub 28/15 M10x30;Konstrukce;K2 Systems;8.25;21;ks;https://shop.krannich-solar.com/cs-cz/TB-28-15-M10x30/1712904;1878 ks na skladě, možné naskladnění: 05.08.2026;"{""categories"":[""Konstrukce""],""price_raw"":""8,25 Kč*"",""price_per_wp_raw"":"""",""price_per_wp_czk_without_vat"":null,""properties"":{},""image_url"":""https://cdn.shop.krannich-solar.com/media/b1/2f/04/1750077172/1712904_5_b_5_c_5b5cb5308737b5021d858b068014ef10f27e1b3e_det_m_sc_tb_28_15_m10x30.jpg.jpg?width=3000"",""has_quantity_discount"":false,""scraped_at"":""2026-07-04T10:00:04.096Z""}"
Krannich Solar;1716929;1716929;TB 28/15 M8x20;Šroub s hlavou T 28/15 M8x20 A2;Konstrukce;K2 Systems;5.34;21;ks;https://shop.krannich-solar.com/cs-cz/TB-28-15-M8x20/1716929;0 ks na skladě, možné naskladnění: 05.08.2026;"{""categories"":[""Konstrukce""],""price_raw"":""5,34 Kč*"",""price_per_wp_raw"":"""",""price_per_wp_czk_without_vat"":null,""properties"":{},""image_url"":""https://cdn.shop.krannich-solar.com/media/24/9d/98/1750077977/1716929_9_6_3_c_963c460462b9ec8b1e8881359fa1744b6fd58f36_det_m_sc_tb_28_15_m8x20.jpg.jpg?width=3000"",""has_quantity_discount"":false,""scraped_at"":""2026-07-04T10:03:00.651Z""}"
Krannich Solar;1714539;1714539;TB 28/15 M8x30;T-Šroub 28/15 M8x30;Konstrukce;K2 Systems;7.52;21;ks;https://shop.krannich-solar.com/cs-cz/TB-28-15-M8x30/1714539;320 ks na skladě, možné naskladnění: 05.08.2026;"{""categories"":[""Konstrukce""],""price_raw"":""7,52 Kč*"",""price_per_wp_raw"":"""",""price_per_wp_czk_without_vat"":null,""properties"":{},""image_url"":""https://cdn.shop.krannich-solar.com/media/36/6a/77/1750077786/1714539_d_f_0_a_df0a1639413365681fca3feeb41770ba4bff6dc1_det_m_sc_tb_28_15_m8x30.jpg.jpg?width=3000"",""has_quantity_discount"":false,""scraped_at"":""2026-07-04T10:00:09.006Z""}"
Krannich Solar;1727743;1727743;TerraGrif K2MI Duo;Vyrovnání potenciálu mezi panelem a profilem;Konstrukce;K2 Systems;40.26;21;ks;https://shop.krannich-solar.com/cs-cz/TerraGrif-K2MI-Duo/1727743;2076 ks na skladě, poslední kusy;"{""categories"":[""Konstrukce""],""price_raw"":""40,26 Kč*"",""price_per_wp_raw"":"""",""price_per_wp_czk_without_vat"":null,""properties"":{},""image_url"":""https://cdn.shop.krannich-solar.com/media/b9/28/0b/1771940214/1727743_6_c_f_f_6cff3112dccfa8885a1cc8d8da759844ad460a53_det_m_ac_terragrif_k2_minirail_duo.jpg.jpg?width=3000"",""has_quantity_discount"":false,""scraped_at"":""2026-07-04T10:00:01.715Z""}"
Krannich Solar;1753473;1753473;TerraGrif K2MI Duo 18;Vyrovnání potenciálu mezi panelem a profilem;Konstrukce;K2 Systems;38.8;21;ks;https://shop.krannich-solar.com/cs-cz/TerraGrif-K2MI-Duo-18/1753473;1226 ks na skladě, možné naskladnění: 05.08.2026;"{""categories"":[""Konstrukce""],""price_raw"":""38,80 Kč*"",""price_per_wp_raw"":"""",""price_per_wp_czk_without_vat"":null,""properties"":{},""image_url"":""https://cdn.shop.krannich-solar.com/media/cf/2a/8b/1750077292/1753473_2_b_f_c_2bfc8e71e83fdc64d840e47c44c2c9afe13c2721_2003542.jpg.jpg?width=3000"",""has_quantity_discount"":false,""scraped_at"":""2026-07-04T10:00:04.097Z""}"
Krannich Solar;1740590;1740590;TerraGrif K2PA 32;Vyrovnání potenciálu mezi panelem a profilem;Konstrukce;K2 Systems;54.32;21;ks;https://shop.krannich-solar.com/cs-cz/TerraGrif-K2PA-32/1740590;0 ks na skladě, možné naskladnění: 05.08.2026;"{""categories"":[""Konstrukce""],""price_raw"":""54,32 Kč*"",""price_per_wp_raw"":"""",""price_per_wp_czk_without_vat"":null,""properties"":{},""image_url"":""https://cdn.shop.krannich-solar.com/media/2b/dc/e5/1750078043/1740590_a_e_9_9_ae995f4b90dc8239a4b4496f97dbca48f1944042_det_m_terragrif_k2pa_paysage.jpg.jpg?width=3000"",""has_quantity_discount"":false,""scraped_at"":""2026-07-04T10:03:00.651Z""}"
Krannich Solar;1741230;1741230;TerraGrif K2S;Vyrovnání potenciálu mezi panelem a profilem;Konstrukce;K2 Systems;36.13;21;ks;https://shop.krannich-solar.com/cs-cz/TerraGrif-K2S/1741230;82 ks na skladě, možné naskladnění: 05.08.2026;"{""categories"":[""Konstrukce""],""price_raw"":""36,13 Kč*"",""price_per_wp_raw"":"""",""price_per_wp_czk_without_vat"":null,""properties"":{},""image_url"":""https://cdn.shop.krannich-solar.com/media/5a/6c/83/1750077234/1741230_4_6_a_a_46aa05023306e751c7def46a9a7bc34025733f52_det_m_i_ac_terragrif_s.jpg.jpg?width=3000"",""has_quantity_discount"":false,""scraped_at"":""2026-07-04T10:00:18.766Z""}"
Krannich Solar;1723330;1723330;TerraGrif K2SZ;Vyrovnání potenciálu mezi panelem a profilem;Konstrukce;K2 Systems;31.04;21;ks;https://shop.krannich-solar.com/cs-cz/TerraGrif-K2SZ/1723330;913 ks na skladě, možné naskladnění: 05.08.2026;"{""categories"":[""Konstrukce""],""price_raw"":""31,04 Kč*"",""price_per_wp_raw"":"""",""price_per_wp_czk_without_vat"":null,""properties"":{},""image_url"":""https://cdn.shop.krannich-solar.com/media/79/01/5f/1750077579/1723330_e_7_8_a_e78a686409a8c8b4149be40eeda6f6c7cb7da252_det_m_ac_terragrif_k2sz.jpg.jpg?width=3000"",""has_quantity_discount"":false,""scraped_at"":""2026-07-04T10:00:04.097Z""}"
Krannich Solar;1740589;1740589;TerraGrif K2U17 Portrait;Vyrovnání potenciálu mezi panelem a profilem;Konstrukce;K2 Systems;31.04;21;ks;https://shop.krannich-solar.com/cs-cz/TerraGrif-K2U17-Portrait/1740589;152 ks na skladě, možné naskladnění: 05.08.2026;"{""categories"":[""Konstrukce""],""price_raw"":""31,04 Kč*"",""price_per_wp_raw"":"""",""price_per_wp_czk_without_vat"":null,""properties"":{},""image_url"":""https://cdn.shop.krannich-solar.com/media/d2/5b/1b/1750078036/1740589_5_a_a_1_5aa1d02eaf9948374a7806189cbaeb4b8d228014_det_m_ac_terragrif_u17.jpg.jpg?width=3000"",""has_quantity_discount"":false,""scraped_at"":""2026-07-04T10:00:13.919Z""}"
Krannich Solar;1746163;1746163;TerraGrif PL;Vyrovnání potenciálu mezi panelem a profilem;Konstrukce;K2 Systems;16.73;21;ks;https://shop.krannich-solar.com/cs-cz/TerraGrif-PL/1746163;151 ks na skladě, možné naskladnění: 05.08.2026;"{""categories"":[""Konstrukce""],""price_raw"":""16,73 Kč*"",""price_per_wp_raw"":"""",""price_per_wp_czk_without_vat"":null,""properties"":{},""image_url"":""https://cdn.shop.krannich-solar.com/media/8a/6c/ea/1750078037/1746163_7_9_6_8_796811ca1fde488eab1c2d647cce6cd2e79aa580_det_m_ac_terragrif_pl.png.png?width=3000"",""has_quantity_discount"":false,""scraped_at"":""2026-07-04T10:00:16.364Z""}"
Krannich Solar;1754694;1754694;TerraGrif QL;Vyrovnání potenciálu mezi panelem a profilem;Konstrukce;K2 Systems;31.04;21;ks;https://shop.krannich-solar.com/cs-cz/TerraGrif-QL/1754694;2082 ks na skladě, možné naskladnění: 05.08.2026;"{""categories"":[""Konstrukce""],""price_raw"":""31,04 Kč*"",""price_per_wp_raw"":"""",""price_per_wp_czk_without_vat"":null,""properties"":{},""image_url"":""https://cdn.shop.krannich-solar.com/media/74/c4/66/1750077357/1754694_9_b_9_1_9b91961f12ee377a0431c129febecc0e1e8dc316_det_m_ac_terragrif_ql.jpg.jpg?width=3000"",""has_quantity_discount"":false,""scraped_at"":""2026-07-04T10:00:01.715Z""}"
Krannich Solar;1752819;1752819;Thread-forming metal screw 6x25_sp;;Konstrukce;K2 Systems;8.49;21;ks;https://shop.krannich-solar.com/cs-cz/Thread-forming-metal-screw-6x25-sp/1752819;200 ks na skladě, možné naskladnění: 05.08.2026;"{""categories"":[""Konstrukce""],""price_raw"":""8,49 Kč*"",""price_per_wp_raw"":"""",""price_per_wp_czk_without_vat"":null,""properties"":{},""image_url"":""https://cdn.shop.krannich-solar.com/media/ee/5c/dc/1771943818/1752819_1_a_c_2_1ac291471d3c724798c7e2f8461ad3bf01f31ab4_det_m_sc_hh_db_6_0x25_seal__minirail_.jpg.jpg?width=3000"",""has_quantity_discount"":false,""scraped_at"":""2026-07-04T10:00:13.918Z""}"
Krannich Solar;1751911;1751911;Thread-forming metal screw 6x38_sp;;Konstrukce;K2 Systems;8.73;21;ks;https://shop.krannich-solar.com/cs-cz/Thread-forming-metal-screw-6x38-sp/1751911;5308 ks na skladě, možné naskladnění: 05.08.2026;"{""categories"":[""Konstrukce""],""price_raw"":""8,73 Kč*"",""price_per_wp_raw"":"""",""price_per_wp_czk_without_vat"":null,""properties"":{},""image_url"":""https://cdn.shop.krannich-solar.com/media/0b/a4/ff/1771943817/1751911_9_2_6_1_9261186eab2190324f4fa8277102f5e716a924d9_det_m_sc_hh_db_6_0x38_seal__ab_0_50mm_blech_.jpg.jpg?width=3000"",""has_quantity_discount"":false,""scraped_at"":""2026-07-04T10:00:01.714Z""}"
Krannich Solar;1743885;1743885;TILTUP VENTO BEAM 1,60;;Konstrukce;K2 Systems;327.13;21;ks;https://shop.krannich-solar.com/cs-cz/TILTUP-VENTO-BEAM-1-60/1743885;6 ks na skladě, možné naskladnění: 05.08.2026;"{""categories"":[""Konstrukce""],""price_raw"":""327,13 Kč*"",""price_per_wp_raw"":"""",""price_per_wp_czk_without_vat"":null,""properties"":{},""image_url"":""https://cdn.shop.krannich-solar.com/media/9e/ae/d0/1750077967/1743885_d_0_e_d_d0ed0db64cca830c930d45f7eb6b7aa83b2a3bbc_det_m_tiltup_vento_beam_1_60.jpg.jpg?width=3000"",""has_quantity_discount"":false,""scraped_at"":""2026-07-04T10:00:33.083Z""}"
Krannich Solar;1750590;1750590;TILTUP VENTO BEAM 2,36;"Horní lišta TiltUp Vento; 2,36 m";Konstrukce;K2 Systems;469.72;21;ks;https://shop.krannich-solar.com/cs-cz/TILTUP-VENTO-BEAM-2-36/1750590;24 ks na skladě, možné naskladnění: 05.08.2026;"{""categories"":[""Konstrukce""],""price_raw"":""469,72 Kč*"",""price_per_wp_raw"":"""",""price_per_wp_czk_without_vat"":null,""properties"":{},""image_url"":""https://cdn.shop.krannich-solar.com/media/02/65/ff/1750077138/1750590_8_0_8_c_808c7c1f61fc2a586ec61a0e39e8d9a7b6bfc3b6_det_m_tiltup_vento_beam_2_36.jpg.jpg?width=3000"",""has_quantity_discount"":false,""scraped_at"":""2026-07-04T10:00:25.933Z""}"
Krannich Solar;1750591;1750591;TILTUP VENTO BRACE 1047;"Vzpěra TiltUp Vento; 1047 mm";Konstrukce;K2 Systems;134.35;21;ks;https://shop.krannich-solar.com/cs-cz/TILTUP-VENTO-BRACE-1047/1750591;0 ks na skladě, možné naskladnění: 05.08.2026;"{""categories"":[""Konstrukce""],""price_raw"":""134,35 Kč*"",""price_per_wp_raw"":"""",""price_per_wp_czk_without_vat"":null,""properties"":{},""image_url"":""https://cdn.shop.krannich-solar.com/media/29/06/6e/1750077141/1750591_1_7_f_6_17f656cf9e66e12a82136608192bbe4ee1605d56_det_m_tiltup_vento_brace_1047.jpg.jpg?width=3000"",""has_quantity_discount"":false,""scraped_at"":""2026-07-04T10:02:50.803Z""}"
Krannich Solar;1750589;1750589;TILTUP VENTO BRACE 446;"Vzpěra TiltUp Vento; 446 mm";Konstrukce;K2 Systems;71.78;21;ks;https://shop.krannich-solar.com/cs-cz/TILTUP-VENTO-BRACE-446/1750589;7 ks na skladě, možné naskladnění: 05.08.2026;"{""categories"":[""Konstrukce""],""price_raw"":""71,78 Kč*"",""price_per_wp_raw"":"""",""price_per_wp_czk_without_vat"":null,""properties"":{},""image_url"":""https://cdn.shop.krannich-solar.com/media/31/ab/a1/1750077130/1750589_4_c_d_6_4cd62fb143e6e6ca8f9d0c4b48845b93c682a3ac_det_m_tiltup_vento_brace_446.jpg.jpg?width=3000"",""has_quantity_discount"":false,""scraped_at"":""2026-07-04T10:00:33.083Z""}"
Krannich Solar;1749900;1749900;TILTUP VENTO BRACE 558;;Konstrukce;K2 Systems;82.94;21;ks;https://shop.krannich-solar.com/cs-cz/TILTUP-VENTO-BRACE-558/1749900;0 ks na skladě, možné naskladnění: 05.08.2026;"{""categories"":[""Konstrukce""],""price_raw"":""82,94 Kč*"",""price_per_wp_raw"":"""",""price_per_wp_czk_without_vat"":null,""properties"":{},""image_url"":""https://cdn.shop.krannich-solar.com/media/57/ee/96/1750077589/1749900_0_3_5_8_03589f7f60c441bc1d1fcce0d87590af3ecf22ee_det_m_tiltup_vento_brace_558.jpg.jpg?width=3000"",""has_quantity_discount"":false,""scraped_at"":""2026-07-04T10:03:00.651Z""}"
Krannich Solar;1743877;1743877;TILTUP VENTO BRACE 679;;Konstrukce;K2 Systems;75.9;21;ks;https://shop.krannich-solar.com/cs-cz/TILTUP-VENTO-BRACE-679/1743877;27 ks na skladě, možné naskladnění: 05.08.2026;"{""categories"":[""Konstrukce""],""price_raw"":""75,90 Kč*"",""price_per_wp_raw"":"""",""price_per_wp_czk_without_vat"":null,""properties"":{},""image_url"":""https://cdn.shop.krannich-solar.com/media/e2/c1/a2/1750077971/1743877_0_9_c_2_09c28dca1d60d1ae55fe0354d4a6e08167054d16_det_m_tiltup_vento_brace_679.jpg.jpg?width=3000"",""has_quantity_discount"":false,""scraped_at"":""2026-07-04T10:00:25.933Z""}"
Krannich Solar;1743886;1743886;TILTUP VENTO BRACE 856;;Konstrukce;K2 Systems;89.73;21;ks;https://shop.krannich-solar.com/cs-cz/TILTUP-VENTO-BRACE-856/1743886;44 ks na skladě, možné naskladnění: 05.08.2026;"{""categories"":[""Konstrukce""],""price_raw"":""89,73 Kč*"",""price_per_wp_raw"":"""",""price_per_wp_czk_without_vat"":null,""properties"":{},""image_url"":""https://cdn.shop.krannich-solar.com/media/71/3e/g0/1750077978/1743886_9_8_7_7_9877baaaf9743e1a26ce24a296efc2dfa905ff0e_det_m_tiltup_vento_brace_856.jpg.jpg?width=3000"",""has_quantity_discount"":false,""scraped_at"":""2026-07-04T10:00:23.555Z""}"
Krannich Solar;1743878;1743878;TILTUP VENTO FOOT;Spojnice na betonový základ - TiltUp Vento Brace;Konstrukce;K2 Systems;28.13;21;ks;https://shop.krannich-solar.com/cs-cz/TILTUP-VENTO-FOOT/1743878;8 ks na skladě, možné naskladnění: 13.07.2026;"{""categories"":[""Konstrukce""],""price_raw"":""28,13 Kč*"",""price_per_wp_raw"":"""",""price_per_wp_czk_without_vat"":null,""properties"":{},""image_url"":""https://cdn.shop.krannich-solar.com/media/1d/76/d1/1750077976/1743878_4_f_f_4_4ff482633d49cb752f46cd038deb914713a9c6e5_det_m_tiltup_vento_foot.jpg.jpg?width=3000"",""has_quantity_discount"":false,""scraped_at"":""2026-07-04T10:00:33.083Z""}"
Krannich Solar;1753533;1753533;TILTUP VENTO PIN;Čep pro profily TiltUp Vento;Konstrukce;K2 Systems;16.98;21;ks;https://shop.krannich-solar.com/cs-cz/TILTUP-VENTO-PIN/1753533;52 ks na skladě, možné naskladnění: 05.08.2026;"{""categories"":[""Konstrukce""],""price_raw"":""16,98 Kč*"",""price_per_wp_raw"":"""",""price_per_wp_czk_without_vat"":null,""properties"":{},""image_url"":""https://cdn.shop.krannich-solar.com/media/96/88/ff/1750077290/1753533_3_3_2_b_332b48d0cfe5102844857db6c9a8917a51218c99_det_m_tiltup_vento_pin.jpg.jpg?width=3000"",""has_quantity_discount"":false,""scraped_at"":""2026-07-04T10:00:21.239Z""}"
Krannich Solar;1750909;1750909;TILTUP VENTO SPRING PLUG;Pružinová závlačka pro TiltUp Vento;Konstrukce;K2 Systems;2.43;21;ks;https://shop.krannich-solar.com/cs-cz/TILTUP-VENTO-SPRING-PLUG/1750909;100 ks na skladě, možné naskladnění: 05.08.2026;"{""categories"":[""Konstrukce""],""price_raw"":""2,43 Kč*"",""price_per_wp_raw"":"""",""price_per_wp_czk_without_vat"":null,""properties"":{},""image_url"":""https://cdn.shop.krannich-solar.com/media/d2/7d/1f/1750077162/1750909_5_8_3_6_583603da47a276fe979a987d660cf0c141ffdc16_det_m_tiltup_vento_spring_plug.jpg.jpg?width=3000"",""has_quantity_discount"":false,""scraped_at"":""2026-07-04T10:00:18.765Z""}"
Krannich Solar;1744627;1744627;Vzorek křížové vazby K2 SolidRail a SingleRail 36;;Konstrukce;K2 Systems;466.33;21;ks;https://shop.krannich-solar.com/cs-cz/Vzorek-krizove-vazby-K2-SolidRail-a-SingleRail-36/1744627;0 ks na skladě, možné naskladnění: 05.08.2026;"{""categories"":[""Konstrukce""],""price_raw"":""466,33 Kč*"",""price_per_wp_raw"":"""",""price_per_wp_czk_without_vat"":null,""properties"":{},""image_url"":""https://cdn.shop.krannich-solar.com/media/40/3f/91/1750078001/1744627_d_6_1_4_d614f1f6e885b57c2afb3b0e999afe23c755c4cd_det_m_sample_set_2_layer_system.jpg.jpg?width=3000"",""has_quantity_discount"":false,""scraped_at"":""2026-07-04T10:02:50.802Z""}"
Krannich Solar;1744626;1744626;Vzorek systému K2 BasicRail 22;;Konstrukce;K2 Systems;386.79;21;ks;https://shop.krannich-solar.com/cs-cz/Vzorek-systemu-K2-BasicRail-22/1744626;0 ks na skladě, možné naskladnění: 05.08.2026;"{""categories"":[""Konstrukce""],""price_raw"":""386,79 Kč*"",""price_per_wp_raw"":"""",""price_per_wp_czk_without_vat"":null,""properties"":{},""image_url"":""https://cdn.shop.krannich-solar.com/media/70/3a/39/1774275834/1744626_3_a_b_d_3abdf5e23f344a9eedb6ec417bae30012dbaf96c_det_m_sample_set_basicrail_22.png.png?width=3000"",""has_quantity_discount"":false,""scraped_at"":""2026-07-04T10:02:53.337Z""}"
Krannich Solar;1743843;1743843;Vzorek systému K2 D-Dome 6.10;;Konstrukce;K2 Systems;1142.9;21;ks;https://shop.krannich-solar.com/cs-cz/Vzorek-systemu-K2-D-Dome-6.10/1743843;0 ks na skladě, možné naskladnění: 05.08.2026;"{""categories"":[""Konstrukce""],""price_raw"":""1 142,90 Kč*"",""price_per_wp_raw"":"""",""price_per_wp_czk_without_vat"":null,""properties"":{},""image_url"":""https://cdn.shop.krannich-solar.com/media/6c/74/89/1750077969/1743843_6_6_3_7_6637203bd5883c9fefa5726cffba3a9c01ae90bc_1743843.jpg.jpg?width=3000"",""has_quantity_discount"":false,""scraped_at"":""2026-07-04T10:02:53.339Z""}"
Krannich Solar;1743841;1743841;Vzorek systému K2 Insertion Rail;;Konstrukce;K2 Systems;591.7;21;ks;https://shop.krannich-solar.com/cs-cz/Vzorek-systemu-K2-Insertion-Rail/1743841;0 ks na skladě, možné naskladnění: 05.08.2026;"{""categories"":[""Konstrukce""],""price_raw"":""591,70 Kč*"",""price_per_wp_raw"":"""",""price_per_wp_czk_without_vat"":null,""properties"":{},""image_url"":""https://cdn.shop.krannich-solar.com/media/5b/88/b6/1750077968/1743841_5_c_1_9_5c19377b4f877bb83f888f3013ae3ce74962ad0a_1743841.jpg.jpg?width=3000"",""has_quantity_discount"":false,""scraped_at"":""2026-07-04T10:03:00.651Z""}"
Krannich Solar;1754818;1754818;Vzorek systému K2 MiniFive MK2;;Konstrukce;K2 Systems;363.99;21;ks;https://shop.krannich-solar.com/cs-cz/Vzorek-systemu-K2-MiniFive-MK2/1754818;0 ks na skladě, možné naskladnění: 05.08.2026;"{""categories"":[""Konstrukce""],""price_raw"":""363,99 Kč*"",""price_per_wp_raw"":"""",""price_per_wp_czk_without_vat"":null,""properties"":{},""image_url"":""https://cdn.shop.krannich-solar.com/media/27/2e/09/1774279346/1754818_6_b_c_2_6bc2565e13610e53816a6cd85459cef4615c01c4_det_m_sample_set_minifive_mk2.png.png?width=3000"",""has_quantity_discount"":false,""scraped_at"":""2026-07-04T10:02:55.734Z""}"
Krannich Solar;1742561;1742561;Vzorek systému K2 MultiRail 25;;Konstrukce;K2 Systems;333.2;21;ks;https://shop.krannich-solar.com/cs-cz/Vzorek-systemu-K2-MultiRail-25/1742561;0 ks na skladě, možné naskladnění: 05.08.2026;"{""categories"":[""Konstrukce""],""price_raw"":""333,20 Kč*"",""price_per_wp_raw"":"""",""price_per_wp_czk_without_vat"":null,""properties"":{},""image_url"":""https://cdn.shop.krannich-solar.com/media/8d/1e/a9/1774277547/1742561_5_a_9_b_5a9be1555de563bca1fb98c0b8da492e1961f497_det_m_sample_set_multirail_25.png.png?width=3000"",""has_quantity_discount"":false,""scraped_at"":""2026-07-04T10:02:58.217Z""}"
Krannich Solar;1751445;1751445;Vzorek systému K2 S-Dome 6.10;;Konstrukce;K2 Systems;1020.93;21;ks;https://shop.krannich-solar.com/cs-cz/Vzorek-systemu-K2-S-Dome-6.10/1751445;0 ks na skladě, možné naskladnění: 05.08.2026;"{""categories"":[""Konstrukce""],""price_raw"":""1 020,93 Kč*"",""price_per_wp_raw"":"""",""price_per_wp_czk_without_vat"":null,""properties"":{},""image_url"":""https://cdn.shop.krannich-solar.com/media/9e/62/d7/1750077170/1751445_1_2_c_4_12c4fdf08b7facaeb407588b851b260cd4003ab7_1751445.jpg.jpg?width=3000"",""has_quantity_discount"":false,""scraped_at"":""2026-07-04T10:02:50.802Z""}"
Krannich Solar;1744629;1744629;Vzorek systému K2 SingleRail 36;;Konstrukce;K2 Systems;292.94;21;ks;https://shop.krannich-solar.com/cs-cz/Vzorek-systemu-K2-SingleRail-36/1744629;0 ks na skladě, možné naskladnění: 05.08.2026;"{""categories"":[""Konstrukce""],""price_raw"":""292,94 Kč*"",""price_per_wp_raw"":"""",""price_per_wp_czk_without_vat"":null,""properties"":{},""image_url"":""https://cdn.shop.krannich-solar.com/media/39/94/dd/1774277548/1744629_b_b_d_c_bbdcfebed5097edb2d3a7f347d21629fd9fa2729_det_m_sample_set_singlerail_36.png.png?width=3000"",""has_quantity_discount"":false,""scraped_at"":""2026-07-04T10:02:53.338Z""}"
Krannich Solar;1744628;1744628;Vzorek systému K2 SingleRail 50;;Konstrukce;K2 Systems;318.16;21;ks;https://shop.krannich-solar.com/cs-cz/Vzorek-systemu-K2-SingleRail-50/1744628;0 ks na skladě, možné naskladnění: 05.08.2026;"{""categories"":[""Konstrukce""],""price_raw"":""318,16 Kč*"",""price_per_wp_raw"":"""",""price_per_wp_czk_without_vat"":null,""properties"":{},""image_url"":""https://cdn.shop.krannich-solar.com/media/d6/8d/6e/1774277548/1744628_b_7_d_1_b7d188460d95710e694f2e9f312d9175f02ff74d_det_m_sample_set_singlerail_50.png.png?width=3000"",""has_quantity_discount"":false,""scraped_at"":""2026-07-04T10:02:58.217Z""}"
Krannich Solar;1740688;1740688;Vzorek systému K2 SolidRail Alpin;;Konstrukce;K2 Systems;317.19;21;ks;https://shop.krannich-solar.com/cs-cz/Vzorek-systemu-K2-SolidRail-Alpin/1740688;0 ks na skladě, možné naskladnění: 05.08.2026;"{""categories"":[""Konstrukce""],""price_raw"":""317,19 Kč*"",""price_per_wp_raw"":"""",""price_per_wp_czk_without_vat"":null,""properties"":{},""image_url"":""https://cdn.shop.krannich-solar.com/media/d7/8a/66/1774277549/1740688_5_d_a_8_5da888eb8536f487a67c89b39fb2528c28f36fc2_det_m_sample_set_solidrail_alpin.png.png?width=3000"",""has_quantity_discount"":false,""scraped_at"":""2026-07-04T10:03:00.651Z""}"
Krannich Solar;1740686;1740686;Vzorek systému K2 SolidRail Light;;Konstrukce;K2 Systems;183.82;21;ks;https://shop.krannich-solar.com/cs-cz/Vzorek-systemu-K2-SolidRail-Light/1740686;0 ks na skladě, možné naskladnění: 05.08.2026;"{""categories"":[""Konstrukce""],""price_raw"":""183,82 Kč*"",""price_per_wp_raw"":"""",""price_per_wp_czk_without_vat"":null,""properties"":{},""image_url"":""https://cdn.shop.krannich-solar.com/media/a6/95/f5/1774275835/1740686_8_3_6_3_8363ed2504d7bc8645a151ef28cf98881be6d241_det_m_sample_set_solidrail_light.png.png?width=3000"",""has_quantity_discount"":false,""scraped_at"":""2026-07-04T10:03:02.773Z""}"
Krannich Solar;1740687;1740687;Vzorek systému K2 SolidRail Medium;;Konstrukce;K2 Systems;317.19;21;ks;https://shop.krannich-solar.com/cs-cz/Vzorek-systemu-K2-SolidRail-Medium/1740687;0 ks na skladě, možné naskladnění: 05.08.2026;"{""categories"":[""Konstrukce""],""price_raw"":""317,19 Kč*"",""price_per_wp_raw"":"""",""price_per_wp_czk_without_vat"":null,""properties"":{},""image_url"":""https://cdn.shop.krannich-solar.com/media/66/cc/0a/1774277548/1740687_c_7_a_4_c7a420a55859c84505d9e7afc7d8dc822a1822ec_det_m_sample_set_solidrail_medium.png.png?width=3000"",""has_quantity_discount"":false,""scraped_at"":""2026-07-04T10:02:50.802Z""}"
Krannich Solar;1756545;1756545;Vzorek systému WallPV CarrierRail;;Konstrukce;K2 Systems;420.25;21;ks;https://shop.krannich-solar.com/cs-cz/Vzorek-systemu-WallPV-CarrierRail/1756545;0 ks na skladě, možné naskladnění: 05.08.2026;"{""categories"":[""Konstrukce""],""price_raw"":""420,25 Kč*"",""price_per_wp_raw"":"""",""price_per_wp_czk_without_vat"":null,""properties"":{},""image_url"":""https://cdn.shop.krannich-solar.com/media/95/12/76/1750077475/1756545_b_f_c_c_bfcc1b30f0c3480cf40b0d3c6c5d24becb903e18_det_m_sample_set_wallpv_carrierrail.png.png?width=3000"",""has_quantity_discount"":false,""scraped_at"":""2026-07-04T10:02:50.802Z""}"
Krannich Solar;1756544;1756544;Vzorek systému WallPV FacadeRail;;Konstrukce;K2 Systems;462.45;21;ks;https://shop.krannich-solar.com/cs-cz/Vzorek-systemu-WallPV-FacadeRail/1756544;0 ks na skladě, možné naskladnění: 05.08.2026;"{""categories"":[""Konstrukce""],""price_raw"":""462,45 Kč*"",""price_per_wp_raw"":"""",""price_per_wp_czk_without_vat"":null,""properties"":{},""image_url"":""https://cdn.shop.krannich-solar.com/media/26/41/0c/1750077482/1756544_e_e_5_8_ee58d26553b403b52bb82d4692e3a39de6e550b3_det_m_sample_set_wallpv_facaderail.png.png?width=3000"",""has_quantity_discount"":false,""scraped_at"":""2026-07-04T10:02:55.733Z""}"
Krannich Solar;1756546;1756546;Vzorek systému WallPV MultiRail Clamp;;Konstrukce;K2 Systems;300.46;21;ks;https://shop.krannich-solar.com/cs-cz/Vzorek-systemu-WallPV-MultiRail-Clamp/1756546;0 ks na skladě, možné naskladnění: 05.08.2026;"{""categories"":[""Konstrukce""],""price_raw"":""300,46 Kč*"",""price_per_wp_raw"":"""",""price_per_wp_czk_without_vat"":null,""properties"":{},""image_url"":""https://cdn.shop.krannich-solar.com/media/3c/a7/14/1774279347/1756546_1_0_f_e_10fe6c68da228a527b512dbba1328a8cbb33622a_det_m_sample_set_wallpv_multirail_clamp.png.png?width=3000"",""has_quantity_discount"":false,""scraped_at"":""2026-07-04T10:02:53.338Z""}"
Krannich Solar;1756547;1756547;Vzorek systému WallPV MultiRail InsertionRail;;Konstrukce;K2 Systems;356.72;21;ks;https://shop.krannich-solar.com/cs-cz/Vzorek-systemu-WallPV-MultiRail-InsertionRail/1756547;0 ks na skladě, možné naskladnění: 05.08.2026;"{""categories"":[""Konstrukce""],""price_raw"":""356,72 Kč*"",""price_per_wp_raw"":"""",""price_per_wp_czk_without_vat"":null,""properties"":{},""image_url"":""https://cdn.shop.krannich-solar.com/media/13/2e/dd/1750077477/1756547_b_9_e_d_b9ed4f9498c2efdba7024bb378727887fd3854d4_det_m_sample_set_wallpv_multirail_insertionrail.png.png?width=3000"",""has_quantity_discount"":false,""scraped_at"":""2026-07-04T10:03:02.773Z""}"
Krannich Solar;1712924;1712924;WA 8,4x20x1,5;Nerezová podložka - DIN 9240;Konstrukce;K2 Systems;0.97;21;ks;https://shop.krannich-solar.com/cs-cz/WA-8-4x20x1-5/1712924;459 ks na skladě, možné naskladnění: 05.08.2026;"{""categories"":[""Konstrukce""],""price_raw"":""0,97 Kč*"",""price_per_wp_raw"":"""",""price_per_wp_czk_without_vat"":null,""properties"":{},""image_url"":""https://cdn.shop.krannich-solar.com/media/d8/58/1b/1750077188/1712924_2_1_9_1_219171c96eef8dadc59b1ef8c436751f9b82090f_det_m_ac_wa_8_4x30x1_5.jpg.jpg?width=3000"",""has_quantity_discount"":false,""scraped_at"":""2026-07-04T10:00:09.005Z""}"
Krannich Solar;1712956;1712956;WA 8,4x30x1,5;Nerezová podložka - DIN 9240;Konstrukce;K2 Systems;1.46;21;ks;https://shop.krannich-solar.com/cs-cz/WA-8-4x30x1-5/1712956;145 ks na skladě, možné naskladnění: 05.08.2026;"{""categories"":[""Konstrukce""],""price_raw"":""1,46 Kč*"",""price_per_wp_raw"":"""",""price_per_wp_czk_without_vat"":null,""properties"":{},""image_url"":""https://cdn.shop.krannich-solar.com/media/23/45/f5/1750077211/1712956_2_c_b_3_2cb3d39c66a30f034fbee98dde452760ecf2a3ba_det_f_m_wa8_4x20x1_5.jpg.jpg?width=3000"",""has_quantity_discount"":false,""scraped_at"":""2026-07-04T10:00:16.364Z""}"
Krannich Solar;1758168;1758168;Wall bracket MFT-FOX VI 100 L 6.5/11;Konzole pro fasádní systémy K2;Konstrukce;K2 Systems;190.85;21;ks;https://shop.krannich-solar.com/cs-cz/Wall-bracket-MFT-FOX-VI-100-L-6.5-11/1758168;0 ks na skladě, možné naskladnění: 05.08.2026;"{""categories"":[""Konstrukce""],""price_raw"":""190,85 Kč*"",""price_per_wp_raw"":"""",""price_per_wp_czk_without_vat"":null,""properties"":{},""image_url"":""https://cdn.shop.krannich-solar.com/media/8d/0c/65/1776265379/1758168_b_3_9_d_b39d63cfbe570b086cc81a17c70e3d37fee41cd6_krannich_mount_k2_wall_bracket_mft_fox_vi_80_300_l_image.png.png?width=3000"",""has_quantity_discount"":false,""scraped_at"":""2026-07-04T10:02:38.569Z""}"
Krannich Solar;1757458;1757458;Wall bracket MFT-FOX VI 100 M 6.5/11;Konzole pro fasádní systémy K2;Konstrukce;K2 Systems;142.59;21;ks;https://shop.krannich-solar.com/cs-cz/Wall-bracket-MFT-FOX-VI-100-M-6.5-11/1757458;0 ks na skladě, možné naskladnění: 05.08.2026;"{""categories"":[""Konstrukce""],""price_raw"":""142,59 Kč*"",""price_per_wp_raw"":"""",""price_per_wp_czk_without_vat"":null,""properties"":{},""image_url"":""https://cdn.shop.krannich-solar.com/media/c4/d9/b0/1776265375/1757458_e_b_1_8_eb1867a3322da1a68536c6b5c913509dc4d1eb2a_det_m_pr_rf_wall_bracket_mft_fox_vi_xxx_m_6.5_11.png.png?width=3000"",""has_quantity_discount"":false,""scraped_at"":""2026-07-04T10:02:41.025Z""}"
Krannich Solar;1758160;1758160;Wall bracket MFT-FOX VI 100 S 11;Konzole pro fasádní systémy K2;Konstrukce;K2 Systems;105.97;21;ks;https://shop.krannich-solar.com/cs-cz/Wall-bracket-MFT-FOX-VI-100-S-11/1758160;0 ks na skladě, možné naskladnění: 05.08.2026;"{""categories"":[""Konstrukce""],""price_raw"":""105,97 Kč*"",""price_per_wp_raw"":"""",""price_per_wp_czk_without_vat"":null,""properties"":{},""image_url"":""https://cdn.shop.krannich-solar.com/media/6e/cf/a9/1776265377/1758160_1_7_e_2_17e2aaac6cbf46ba145408def20aa11ea678918b_krannich_mount_k2_wall_bracket_mft_fox_vi_80_300_s_image.png.png?width=3000"",""has_quantity_discount"":false,""scraped_at"":""2026-07-04T10:02:38.569Z""}"
Krannich Solar;1758169;1758169;Wall bracket MFT-FOX VI 120 L 6.5/11;Konzole pro fasádní systémy K2;Konstrukce;K2 Systems;213.16;21;ks;https://shop.krannich-solar.com/cs-cz/Wall-bracket-MFT-FOX-VI-120-L-6.5-11/1758169;0 ks na skladě, možné naskladnění: 05.08.2026;"{""categories"":[""Konstrukce""],""price_raw"":""213,16 Kč*"",""price_per_wp_raw"":"""",""price_per_wp_czk_without_vat"":null,""properties"":{},""image_url"":""https://cdn.shop.krannich-solar.com/media/cd/10/51/1776266020/1758169_5_d_5_c_5d5c43955661b8a2d8ffccb177d63eeb5b596c7b_krannich_mount_k2_wall_bracket_mft_fox_vi_80_300_l_image.png.png?width=3000"",""has_quantity_discount"":false,""scraped_at"":""2026-07-04T10:02:38.568Z""}"
Krannich Solar;1757459;1757459;Wall bracket MFT-FOX VI 120 M 6.5/11;Konzole pro fasádní systémy K2;Konstrukce;K2 Systems;156.41;21;ks;https://shop.krannich-solar.com/cs-cz/Wall-bracket-MFT-FOX-VI-120-M-6.5-11/1757459;0 ks na skladě, možné naskladnění: 05.08.2026;"{""categories"":[""Konstrukce""],""price_raw"":""156,41 Kč*"",""price_per_wp_raw"":"""",""price_per_wp_czk_without_vat"":null,""properties"":{},""image_url"":""https://cdn.shop.krannich-solar.com/media/79/bb/c1/1776265375/1757459_a_b_9_9_ab99b6f9f865f9b0c5d56a45c8f82c65d05cecef_det_m_pr_rf_wall_bracket_mft_fox_vi_xxx_m_6.5_11.png.png?width=3000"",""has_quantity_discount"":false,""scraped_at"":""2026-07-04T10:02:41.025Z""}"
Krannich Solar;1758161;1758161;Wall bracket MFT-FOX VI 120 S 11;Konzole pro fasádní systémy K2;Konstrukce;K2 Systems;114.95;21;ks;https://shop.krannich-solar.com/cs-cz/Wall-bracket-MFT-FOX-VI-120-S-11/1758161;0 ks na skladě, možné naskladnění: 05.08.2026;"{""categories"":[""Konstrukce""],""price_raw"":""114,95 Kč*"",""price_per_wp_raw"":"""",""price_per_wp_czk_without_vat"":null,""properties"":{},""image_url"":""https://cdn.shop.krannich-solar.com/media/7a/60/ea/1776265378/1758161_4_6_0_8_4608aaeba62fc00f5fad82b28ac80b194a8d0bba_krannich_mount_k2_wall_bracket_mft_fox_vi_80_300_s_image.png.png?width=3000"",""has_quantity_discount"":false,""scraped_at"":""2026-07-04T10:02:38.569Z""}"
Krannich Solar;1758170;1758170;Wall bracket MFT-FOX VI 140 L 6.5/11;Konzole pro fasádní systémy K2;Konstrukce;K2 Systems;236.92;21;ks;https://shop.krannich-solar.com/cs-cz/Wall-bracket-MFT-FOX-VI-140-L-6.5-11/1758170;0 ks na skladě, možné naskladnění: 05.08.2026;"{""categories"":[""Konstrukce""],""price_raw"":""236,92 Kč*"",""price_per_wp_raw"":"""",""price_per_wp_czk_without_vat"":null,""properties"":{},""image_url"":""https://cdn.shop.krannich-solar.com/media/50/be/5b/1776266020/1758170_b_9_0_a_b90a2950656e4eb93707103b69e03b5786c6bc9a_krannich_mount_k2_wall_bracket_mft_fox_vi_80_300_l_image.png.png?width=3000"",""has_quantity_discount"":false,""scraped_at"":""2026-07-04T10:02:38.568Z""}"
Krannich Solar;1757460;1757460;Wall bracket MFT-FOX VI 140 M 6.5/11;Konzole pro fasádní systémy K2;Konstrukce;K2 Systems;169.99;21;ks;https://shop.krannich-solar.com/cs-cz/Wall-bracket-MFT-FOX-VI-140-M-6.5-11/1757460;0 ks na skladě, možné naskladnění: 05.08.2026;"{""categories"":[""Konstrukce""],""price_raw"":""169,99 Kč*"",""price_per_wp_raw"":"""",""price_per_wp_czk_without_vat"":null,""properties"":{},""image_url"":""https://cdn.shop.krannich-solar.com/media/30/76/c8/1776265376/1757460_d_8_f_6_d8f6c09ee06501283a1ebdbd273c064c1ff500d4_det_m_pr_rf_wall_bracket_mft_fox_vi_xxx_m_6.5_11.png.png?width=3000"",""has_quantity_discount"":false,""scraped_at"":""2026-07-04T10:02:41.025Z""}"
Krannich Solar;1758162;1758162;Wall bracket MFT-FOX VI 140 S 11;Konzole pro fasádní systémy K2;Konstrukce;K2 Systems;123.92;21;ks;https://shop.krannich-solar.com/cs-cz/Wall-bracket-MFT-FOX-VI-140-S-11/1758162;0 ks na skladě, možné naskladnění: 05.08.2026;"{""categories"":[""Konstrukce""],""price_raw"":""123,92 Kč*"",""price_per_wp_raw"":"""",""price_per_wp_czk_without_vat"":null,""properties"":{},""image_url"":""https://cdn.shop.krannich-solar.com/media/51/8f/12/1776265378/1758162_6_c_a_c_6cac6ece1d62e9fbea53ca63edfe38534dd3b202_krannich_mount_k2_wall_bracket_mft_fox_vi_80_300_s_image.png.png?width=3000"",""has_quantity_discount"":false,""scraped_at"":""2026-07-04T10:02:38.569Z""}"
Krannich Solar;1758171;1758171;Wall bracket MFT-FOX VI 160 L 6.5/11;Konzole pro fasádní systémy K2;Konstrukce;K2 Systems;259.96;21;ks;https://shop.krannich-solar.com/cs-cz/Wall-bracket-MFT-FOX-VI-160-L-6.5-11/1758171;0 ks na skladě, možné naskladnění: 05.08.2026;"{""categories"":[""Konstrukce""],""price_raw"":""259,96 Kč*"",""price_per_wp_raw"":"""",""price_per_wp_czk_without_vat"":null,""properties"":{},""image_url"":""https://cdn.shop.krannich-solar.com/media/d3/1e/fe/1776266020/1758171_b_5_7_6_b576be5275272ed9590d8cd0f892236041d3528c_krannich_mount_k2_wall_bracket_mft_fox_vi_80_300_l_image.png.png?width=3000"",""has_quantity_discount"":false,""scraped_at"":""2026-07-04T10:02:38.569Z""}"
Krannich Solar;1757461;1757461;Wall bracket MFT-FOX VI 160 M 6.5/11;Konzole pro fasádní systémy K2;Konstrukce;K2 Systems;183.57;21;ks;https://shop.krannich-solar.com/cs-cz/Wall-bracket-MFT-FOX-VI-160-M-6.5-11/1757461;0 ks na skladě, možné naskladnění: 05.08.2026;"{""categories"":[""Konstrukce""],""price_raw"":""183,57 Kč*"",""price_per_wp_raw"":"""",""price_per_wp_czk_without_vat"":null,""properties"":{},""image_url"":""https://cdn.shop.krannich-solar.com/media/26/21/f9/1776265376/1757461_4_0_6_f_406f0406b74ec533bc96ed37b6cf86d55d40cc24_det_m_pr_rf_wall_bracket_mft_fox_vi_xxx_m_6.5_11.png.png?width=3000"",""has_quantity_discount"":false,""scraped_at"":""2026-07-04T10:02:41.025Z""}"
Krannich Solar;1758163;1758163;Wall bracket MFT-FOX VI 160 S 11;Konzole pro fasádní systémy K2;Konstrukce;K2 Systems;133.38;21;ks;https://shop.krannich-solar.com/cs-cz/Wall-bracket-MFT-FOX-VI-160-S-11/1758163;0 ks na skladě, možné naskladnění: 05.08.2026;"{""categories"":[""Konstrukce""],""price_raw"":""133,38 Kč*"",""price_per_wp_raw"":"""",""price_per_wp_czk_without_vat"":null,""properties"":{},""image_url"":""https://cdn.shop.krannich-solar.com/media/21/9f/06/1776265379/1758163_e_5_0_4_e504a384e1de2f98c2d4eb9f660bc1b52c13d841_krannich_mount_k2_wall_bracket_mft_fox_vi_80_300_s_image.png.png?width=3000"",""has_quantity_discount"":false,""scraped_at"":""2026-07-04T10:02:38.569Z""}"
Krannich Solar;1756534;1756534;Wall bracket MFT-FOX VI 180 L 6.5/11;Konzole pro fasádní systémy K2;Konstrukce;K2 Systems;282.51;21;ks;https://shop.krannich-solar.com/cs-cz/Wall-bracket-MFT-FOX-VI-180-L-6.5-11/1756534;61 ks na skladě, možné naskladnění: 05.08.2026;"{""categories"":[""Konstrukce""],""price_raw"":""282,51 Kč*"",""price_per_wp_raw"":"""",""price_per_wp_czk_without_vat"":null,""properties"":{},""image_url"":""https://cdn.shop.krannich-solar.com/media/73/d5/ee/1750077476/1756534_1_9_a_b_19ab5540823ea35b700a81530a61c219fbfc7afd_det_m_pr_rf_wall_bracket_mft_fox_vi_xxx_l_6.5_11.png.png?width=3000"",""has_quantity_discount"":false,""scraped_at"":""2026-07-04T10:00:21.239Z""}"
Krannich Solar;1756530;1756530;Wall bracket MFT-FOX VI 180 M 6.5/11;Konzole pro fasádní systémy K2;Konstrukce;K2 Systems;196.67;21;ks;https://shop.krannich-solar.com/cs-cz/Wall-bracket-MFT-FOX-VI-180-M-6.5-11/1756530;0 ks na skladě, možné naskladnění: 05.08.2026;"{""categories"":[""Konstrukce""],""price_raw"":""196,67 Kč*"",""price_per_wp_raw"":"""",""price_per_wp_czk_without_vat"":null,""properties"":{},""image_url"":""https://cdn.shop.krannich-solar.com/media/74/0f/dc/1771943819/1756530_c_a_0_4_ca04b6aa0c2cc153705e057b4c3b02d48d08ac78_det_m_pr_rf_wall_bracket_mft_fox_vi_xxx_m_6.5_11.png.png?width=3000"",""has_quantity_discount"":false,""scraped_at"":""2026-07-04T10:02:43.434Z""}"
Krannich Solar;1756526;1756526;Wall bracket MFT-FOX VI 180 S 11;Konzole pro fasádní systémy K2;Konstrukce;K2 Systems;142.11;21;ks;https://shop.krannich-solar.com/cs-cz/Wall-bracket-MFT-FOX-VI-180-S-11/1756526;0 ks na skladě, možné naskladnění: 05.08.2026;"{""categories"":[""Konstrukce""],""price_raw"":""142,11 Kč*"",""price_per_wp_raw"":"""",""price_per_wp_czk_without_vat"":null,""properties"":{},""image_url"":""https://cdn.shop.krannich-solar.com/media/e1/09/e7/1771943818/1756526_3_0_1_c_301c32e132648236c8fef13b52b10ec43dfc4433_det_m_pr_rf_wall_bracket_mft_fox_vi_xxx_s_6.5_11.png.png?width=3000"",""has_quantity_discount"":false,""scraped_at"":""2026-07-04T10:02:43.435Z""}"
Krannich Solar;1756535;1756535;Wall bracket MFT-FOX VI 200 L 6.5/11;Konzole pro fasádní systémy K2;Konstrukce;K2 Systems;306.04;21;ks;https://shop.krannich-solar.com/cs-cz/Wall-bracket-MFT-FOX-VI-200-L-6.5-11/1756535;0 ks na skladě, možné naskladnění: 05.08.2026;"{""categories"":[""Konstrukce""],""price_raw"":""306,04 Kč*"",""price_per_wp_raw"":"""",""price_per_wp_czk_without_vat"":null,""properties"":{},""image_url"":""https://cdn.shop.krannich-solar.com/media/a4/d5/85/1771943819/1756535_7_8_8_2_788238b24dac71d0d45d3f410b2030ec6d392428_det_m_pr_rf_wall_bracket_mft_fox_vi_xxx_l_6.5_11.png.png?width=3000"",""has_quantity_discount"":false,""scraped_at"":""2026-07-04T10:02:43.434Z""}"
Krannich Solar;1756531;1756531;Wall bracket MFT-FOX VI 200 M 6.5/11;Konzole pro fasádní systémy K2;Konstrukce;K2 Systems;209.52;21;ks;https://shop.krannich-solar.com/cs-cz/Wall-bracket-MFT-FOX-VI-200-M-6.5-11/1756531;0 ks na skladě, možné naskladnění: 05.08.2026;"{""categories"":[""Konstrukce""],""price_raw"":""209,52 Kč*"",""price_per_wp_raw"":"""",""price_per_wp_czk_without_vat"":null,""properties"":{},""image_url"":""https://cdn.shop.krannich-solar.com/media/50/c8/41/1771943820/1756531_d_2_f_a_d2fa5edebd211bb2985d12499549b1418e2d975f_det_m_pr_rf_wall_bracket_mft_fox_vi_xxx_m_6.5_11.png.png?width=3000"",""has_quantity_discount"":false,""scraped_at"":""2026-07-04T10:02:43.434Z""}"
Krannich Solar;1756527;1756527;Wall bracket MFT-FOX VI 200 S 11;Konzole pro fasádní systémy K2;Konstrukce;K2 Systems;151.56;21;ks;https://shop.krannich-solar.com/cs-cz/Wall-bracket-MFT-FOX-VI-200-S-11/1756527;0 ks na skladě, možné naskladnění: 05.08.2026;"{""categories"":[""Konstrukce""],""price_raw"":""151,56 Kč*"",""price_per_wp_raw"":"""",""price_per_wp_czk_without_vat"":null,""properties"":{},""image_url"":""https://cdn.shop.krannich-solar.com/media/bd/45/c8/1771943818/1756527_6_c_d_8_6cd812fb2628324d8bd882f0f65243bd4ff789a0_det_m_pr_rf_wall_bracket_mft_fox_vi_xxx_s_6.5_11.png.png?width=3000"",""has_quantity_discount"":false,""scraped_at"":""2026-07-04T10:02:43.435Z""}"
Krannich Solar;1756536;1756536;Wall bracket MFT-FOX VI 220 L 6.5/11;Konzole pro fasádní systémy K2;Konstrukce;K2 Systems;329.8;21;ks;https://shop.krannich-solar.com/cs-cz/Wall-bracket-MFT-FOX-VI-220-L-6.5-11/1756536;0 ks na skladě, možné naskladnění: 05.08.2026;"{""categories"":[""Konstrukce""],""price_raw"":""329,80 Kč*"",""price_per_wp_raw"":"""",""price_per_wp_czk_without_vat"":null,""properties"":{},""image_url"":""https://cdn.shop.krannich-solar.com/media/73/36/47/1771943820/1756536_0_2_1_3_021326cae4e12ebab764cee3390406fe767dae66_det_m_pr_rf_wall_bracket_mft_fox_vi_xxx_l_6.5_11.png.png?width=3000"",""has_quantity_discount"":false,""scraped_at"":""2026-07-04T10:02:43.434Z""}"
Krannich Solar;1756532;1756532;Wall bracket MFT-FOX VI 220 M 6.5/11;Konzole pro fasádní systémy K2;Konstrukce;K2 Systems;223.83;21;ks;https://shop.krannich-solar.com/cs-cz/Wall-bracket-MFT-FOX-VI-220-M-6.5-11/1756532;0 ks na skladě, možné naskladnění: 05.08.2026;"{""categories"":[""Konstrukce""],""price_raw"":""223,83 Kč*"",""price_per_wp_raw"":"""",""price_per_wp_czk_without_vat"":null,""properties"":{},""image_url"":""https://cdn.shop.krannich-solar.com/media/74/1d/6e/1771943821/1756532_8_2_e_5_82e5e6567f2e1cf2a85439cdd59954105d559caa_det_m_pr_rf_wall_bracket_mft_fox_vi_xxx_m_6.5_11.png.png?width=3000"",""has_quantity_discount"":false,""scraped_at"":""2026-07-04T10:02:43.434Z""}"
Krannich Solar;1756528;1756528;Wall bracket MFT-FOX VI 220 S 6.5;Konzole pro fasádní systémy K2;Konstrukce;K2 Systems;160.54;21;ks;https://shop.krannich-solar.com/cs-cz/Wall-bracket-MFT-FOX-VI-220-S-6.5/1756528;0 ks na skladě, možné naskladnění: 05.08.2026;"{""categories"":[""Konstrukce""],""price_raw"":""160,54 Kč*"",""price_per_wp_raw"":"""",""price_per_wp_czk_without_vat"":null,""properties"":{},""image_url"":""https://cdn.shop.krannich-solar.com/media/fb/3c/d2/1771943819/1756528_5_7_7_0_5770b4b882165e2277e76bd8112cf5c9025f8f57_det_m_pr_rf_wall_bracket_mft_fox_vi_xxx_s_6.5_11.png.png?width=3000"",""has_quantity_discount"":false,""scraped_at"":""2026-07-04T10:02:43.435Z""}"
Krannich Solar;1758172;1758172;Wall bracket MFT-FOX VI 240 L 6.5/11;Konzole pro fasádní systémy K2;Konstrukce;K2 Systems;355.75;21;ks;https://shop.krannich-solar.com/cs-cz/Wall-bracket-MFT-FOX-VI-240-L-6.5-11/1758172;0 ks na skladě, možné naskladnění: 05.08.2026;"{""categories"":[""Konstrukce""],""price_raw"":""355,75 Kč*"",""price_per_wp_raw"":"""",""price_per_wp_czk_without_vat"":null,""properties"":{},""image_url"":""https://cdn.shop.krannich-solar.com/media/ec/a3/88/1773146403/1758172_c_b_4_2_cb426d055c979573762a18348443849e1636aee6_krannich_mount_k2_wall_bracket_mft_fox_vi_80_300_l_image.png.png?width=3000"",""has_quantity_discount"":false,""scraped_at"":""2026-07-04T10:02:41.026Z""}"
Krannich Solar;1757454;1757454;Wall bracket MFT-FOX VI 240 M 6.5/11;Konzole pro fasádní systémy K2;Konstrukce;K2 Systems;239.83;21;ks;https://shop.krannich-solar.com/cs-cz/Wall-bracket-MFT-FOX-VI-240-M-6.5-11/1757454;0 ks na skladě, možné naskladnění: 05.08.2026;"{""categories"":[""Konstrukce""],""price_raw"":""239,83 Kč*"",""price_per_wp_raw"":"""",""price_per_wp_czk_without_vat"":null,""properties"":{},""image_url"":""https://cdn.shop.krannich-solar.com/media/d6/96/96/1776265373/1757454_d_b_b_4_dbb488f49367f6fdd9e23575a9de2768cd8d6862_det_m_pr_rf_wall_bracket_mft_fox_vi_xxx_m_6.5_11.png.png?width=3000"",""has_quantity_discount"":false,""scraped_at"":""2026-07-04T10:02:41.026Z""}"
Krannich Solar;1758164;1758164;Wall bracket MFT-FOX VI 240 S 11;Konzole pro fasádní systémy K2;Konstrukce;K2 Systems;171.21;21;ks;https://shop.krannich-solar.com/cs-cz/Wall-bracket-MFT-FOX-VI-240-S-11/1758164;0 ks na skladě, možné naskladnění: 05.08.2026;"{""categories"":[""Konstrukce""],""price_raw"":""171,21 Kč*"",""price_per_wp_raw"":"""",""price_per_wp_czk_without_vat"":null,""properties"":{},""image_url"":""https://cdn.shop.krannich-solar.com/media/bc/cb/5c/1776265380/1758164_9_f_9_c_9f9c4b465ca0449bf3b6e62aa29aa4cae15b537e_krannich_mount_k2_wall_bracket_mft_fox_vi_80_300_s_image.png.png?width=3000"",""has_quantity_discount"":false,""scraped_at"":""2026-07-04T10:02:38.569Z""}"
Krannich Solar;1758173;1758173;Wall bracket MFT-FOX VI 260 L 6.5/11;Konzole pro fasádní systémy K2;Konstrukce;K2 Systems;379.03;21;ks;https://shop.krannich-solar.com/cs-cz/Wall-bracket-MFT-FOX-VI-260-L-6.5-11/1758173;0 ks na skladě, možné naskladnění: 05.08.2026;"{""categories"":[""Konstrukce""],""price_raw"":""379,03 Kč*"",""price_per_wp_raw"":"""",""price_per_wp_czk_without_vat"":null,""properties"":{},""image_url"":""https://cdn.shop.krannich-solar.com/media/0a/g0/3d/1776266021/1758173_a_6_c_3_a6c382d05d5d453ad31ffed31a1c36c08e59c7fd_krannich_mount_k2_wall_bracket_mft_fox_vi_80_300_l_image.png.png?width=3000"",""has_quantity_discount"":false,""scraped_at"":""2026-07-04T10:02:38.568Z""}"
Krannich Solar;1757455;1757455;Wall bracket MFT-FOX VI 260 M 6.5/11;Konzole pro fasádní systémy K2;Konstrukce;K2 Systems;253.41;21;ks;https://shop.krannich-solar.com/cs-cz/Wall-bracket-MFT-FOX-VI-260-M-6.5-11/1757455;0 ks na skladě, možné naskladnění: 05.08.2026;"{""categories"":[""Konstrukce""],""price_raw"":""253,41 Kč*"",""price_per_wp_raw"":"""",""price_per_wp_czk_without_vat"":null,""properties"":{},""image_url"":""https://cdn.shop.krannich-solar.com/media/8d/e9/9e/1776265373/1757455_1_0_2_5_102549a6c82b1d5e55b3ef893383e941ddcc42d5_det_m_pr_rf_wall_bracket_mft_fox_vi_xxx_m_6.5_11.png.png?width=3000"",""has_quantity_discount"":false,""scraped_at"":""2026-07-04T10:02:41.025Z""}"
Krannich Solar;1758165;1758165;Wall bracket MFT-FOX VI 260 S 11;Konzole pro fasádní systémy K2;Konstrukce;K2 Systems;180.66;21;ks;https://shop.krannich-solar.com/cs-cz/Wall-bracket-MFT-FOX-VI-260-S-11/1758165;0 ks na skladě, možné naskladnění: 05.08.2026;"{""categories"":[""Konstrukce""],""price_raw"":""180,66 Kč*"",""price_per_wp_raw"":"""",""price_per_wp_czk_without_vat"":null,""properties"":{},""image_url"":""https://cdn.shop.krannich-solar.com/media/44/fc/69/1776265380/1758165_b_5_1_2_b512b62382341028922d2a4b52d1ec883004cc86_krannich_mount_k2_wall_bracket_mft_fox_vi_80_300_s_image.png.png?width=3000"",""has_quantity_discount"":false,""scraped_at"":""2026-07-04T10:02:38.569Z""}"
Krannich Solar;1758174;1758174;Wall bracket MFT-FOX VI 280 L 6.5/11;Konzole pro fasádní systémy K2;Konstrukce;K2 Systems;402.07;21;ks;https://shop.krannich-solar.com/cs-cz/Wall-bracket-MFT-FOX-VI-280-L-6.5-11/1758174;0 ks na skladě, možné naskladnění: 05.08.2026;"{""categories"":[""Konstrukce""],""price_raw"":""402,07 Kč*"",""price_per_wp_raw"":"""",""price_per_wp_czk_without_vat"":null,""properties"":{},""image_url"":""https://cdn.shop.krannich-solar.com/media/45/16/7b/1776266021/1758174_2_6_d_1_26d1e3e6c4b9e65e4f2b454570ff777b6d2de8ac_krannich_mount_k2_wall_bracket_mft_fox_vi_80_300_l_image.png.png?width=3000"",""has_quantity_discount"":false,""scraped_at"":""2026-07-04T10:02:38.568Z""}"
Krannich Solar;1757456;1757456;Wall bracket MFT-FOX VI 280 M 6.5/11;Konzole pro fasádní systémy K2;Konstrukce;K2 Systems;266.99;21;ks;https://shop.krannich-solar.com/cs-cz/Wall-bracket-MFT-FOX-VI-280-M-6.5-11/1757456;0 ks na skladě, možné naskladnění: 05.08.2026;"{""categories"":[""Konstrukce""],""price_raw"":""266,99 Kč*"",""price_per_wp_raw"":"""",""price_per_wp_czk_without_vat"":null,""properties"":{},""image_url"":""https://cdn.shop.krannich-solar.com/media/04/a2/21/1776265374/1757456_9_2_1_c_921c5e6a5b37eb396a693aa2cee244adca437f8c_det_m_pr_rf_wall_bracket_mft_fox_vi_xxx_m_6.5_11.png.png?width=3000"",""has_quantity_discount"":false,""scraped_at"":""2026-07-04T10:02:41.025Z""}"
Krannich Solar;1758166;1758166;Wall bracket MFT-FOX VI 280 S 11;Konzole pro fasádní systémy K2;Konstrukce;K2 Systems;189.39;21;ks;https://shop.krannich-solar.com/cs-cz/Wall-bracket-MFT-FOX-VI-280-S-11/1758166;0 ks na skladě, možné naskladnění: 05.08.2026;"{""categories"":[""Konstrukce""],""price_raw"":""189,39 Kč*"",""price_per_wp_raw"":"""",""price_per_wp_czk_without_vat"":null,""properties"":{},""image_url"":""https://cdn.shop.krannich-solar.com/media/9d/78/a5/1776265378/1758166_f_4_c_a_f4cac258e94b72203d0316a0eab82e78d3c63e48_krannich_mount_k2_wall_bracket_mft_fox_vi_80_300_s_image.png.png?width=3000"",""has_quantity_discount"":false,""scraped_at"":""2026-07-04T10:02:38.569Z""}"
Krannich Solar;1758175;1758175;Wall bracket MFT-FOX VI 300 L 6.5/11;Konzole pro fasádní systémy K2;Konstrukce;K2 Systems;425.83;21;ks;https://shop.krannich-solar.com/cs-cz/Wall-bracket-MFT-FOX-VI-300-L-6.5-11/1758175;0 ks na skladě, možné naskladnění: 05.08.2026;"{""categories"":[""Konstrukce""],""price_raw"":""425,83 Kč*"",""price_per_wp_raw"":"""",""price_per_wp_czk_without_vat"":null,""properties"":{},""image_url"":""https://cdn.shop.krannich-solar.com/media/9a/c6/a0/1776266011/1758175_b_2_1_6_b216207bbe330983461df71d8a1410ca8964da65_krannich_mount_k2_wall_bracket_mft_fox_vi_80_300_l_image.png.png?width=3000"",""has_quantity_discount"":false,""scraped_at"":""2026-07-04T10:02:38.568Z""}"
Krannich Solar;1757457;1757457;Wall bracket MFT-FOX VI 300 M 6.5/11;Konzole pro fasádní systémy K2;Konstrukce;K2 Systems;280.57;21;ks;https://shop.krannich-solar.com/cs-cz/Wall-bracket-MFT-FOX-VI-300-M-6.5-11/1757457;0 ks na skladě, možné naskladnění: 05.08.2026;"{""categories"":[""Konstrukce""],""price_raw"":""280,57 Kč*"",""price_per_wp_raw"":"""",""price_per_wp_czk_without_vat"":null,""properties"":{},""image_url"":""https://cdn.shop.krannich-solar.com/media/e8/2f/1f/1776265374/1757457_1_6_8_9_16893bc6dec95d80e8bafa1c7a33eedf16003933_det_m_pr_rf_wall_bracket_mft_fox_vi_xxx_m_6.5_11.png.png?width=3000"",""has_quantity_discount"":false,""scraped_at"":""2026-07-04T10:02:41.025Z""}"
Krannich Solar;1758167;1758167;Wall bracket MFT-FOX VI 300 S 11;Konzole pro fasádní systémy K2;Konstrukce;K2 Systems;198.37;21;ks;https://shop.krannich-solar.com/cs-cz/Wall-bracket-MFT-FOX-VI-300-S-11/1758167;0 ks na skladě, možné naskladnění: 05.08.2026;"{""categories"":[""Konstrukce""],""price_raw"":""198,37 Kč*"",""price_per_wp_raw"":"""",""price_per_wp_czk_without_vat"":null,""properties"":{},""image_url"":""https://cdn.shop.krannich-solar.com/media/d0/2b/ae/1776268339/1758167_4_3_0_1_430179ea5059a92352528193c9b8d509f5467ce3_krannich_mount_k2_wall_bracket_mft_fox_vi_80_300_s_image.png.png?width=3000"",""has_quantity_discount"":false,""scraped_at"":""2026-07-04T10:02:38.568Z""}"
Krannich Solar;1756533;1756533;Wall bracket MFT-FOX VI 80 L 6.5/11;Konzole pro fasádní systémy K2;Konstrukce;K2 Systems;167.08;21;ks;https://shop.krannich-solar.com/cs-cz/Wall-bracket-MFT-FOX-VI-80-L-6.5-11/1756533;0 ks na skladě, možné naskladnění: 05.08.2026;"{""categories"":[""Konstrukce""],""price_raw"":""167,08 Kč*"",""price_per_wp_raw"":"""",""price_per_wp_czk_without_vat"":null,""properties"":{},""image_url"":""https://cdn.shop.krannich-solar.com/media/a2/13/6c/1771943821/1756533_a_5_8_4_a5841a373deda0d46b823f11a21da6b526be2b2b_det_m_pr_rf_wall_bracket_mft_fox_vi_xxx_l_6.5_11.png.png?width=3000"",""has_quantity_discount"":false,""scraped_at"":""2026-07-04T10:02:43.434Z""}"
Krannich Solar;1756529;1756529;Wall bracket MFT-FOX VI 80 M 6.5/11;Konzole pro fasádní systémy K2;Konstrukce;K2 Systems;129.01;21;ks;https://shop.krannich-solar.com/cs-cz/Wall-bracket-MFT-FOX-VI-80-M-6.5-11/1756529;0 ks na skladě, možné naskladnění: 05.08.2026;"{""categories"":[""Konstrukce""],""price_raw"":""129,01 Kč*"",""price_per_wp_raw"":"""",""price_per_wp_czk_without_vat"":null,""properties"":{},""image_url"":""https://cdn.shop.krannich-solar.com/media/b4/f0/c9/1770991622/1756529_a_8_e_f_a8ef7aa9650a170733fdb0853dc345797099abdc_det_m_pr_rf_wall_bracket_mft_fox_vi_xxx_m_6.5_11.png.png?width=3000"",""has_quantity_discount"":false,""scraped_at"":""2026-07-04T10:02:48.384Z""}"
Krannich Solar;1756525;1756525;Wall bracket MFT-FOX VI 80 S 11;Konzole pro fasádní systémy K2;Konstrukce;K2 Systems;97;21;ks;https://shop.krannich-solar.com/cs-cz/Wall-bracket-MFT-FOX-VI-80-S-11/1756525;0 ks na skladě, možné naskladnění: 05.08.2026;"{""categories"":[""Konstrukce""],""price_raw"":""97,00 Kč*"",""price_per_wp_raw"":"""",""price_per_wp_czk_without_vat"":null,""properties"":{},""image_url"":""https://cdn.shop.krannich-solar.com/media/56/c9/39/1770991622/1756525_3_2_7_2_327299c0d563cd9c8104f68a442b78ab24d59bc1_det_m_pr_rf_wall_bracket_mft_fox_vi_xxx_s_6.5_11.png.png?width=3000"",""has_quantity_discount"":false,""scraped_at"":""2026-07-04T10:02:48.384Z""}"
Krannich Solar;1756271;1756271;WB P-Rack metal perforated tie 20x0.8;;Konstrukce;K2 Systems;916.17;21;ks;https://shop.krannich-solar.com/cs-cz/WB-P-Rack-metal-perforated-tie-20x0.8/1756271;24 ks na skladě, možné naskladnění: 05.08.2026;"{""categories"":[""Konstrukce""],""price_raw"":""916,17 Kč*"",""price_per_wp_raw"":"""",""price_per_wp_czk_without_vat"":null,""properties"":{},""image_url"":""https://cdn.shop.krannich-solar.com/media/7f/64/70/1750077442/1756271_9_a_f_2_9af24748144dfbd5692d06761404731bea79ed1b_det_m_wb_p_rack_metal_perforated_tie_20x0.8.png.png?width=3000"",""has_quantity_discount"":false,""scraped_at"":""2026-07-04T10:00:25.933Z""}"
Krannich Solar;1760017;1760017;XS Clamp EC Black Set 30;Krajová úchytka 30 mm, černá;Konstrukce;K2 Systems;46.56;21;ks;https://shop.krannich-solar.com/cs-cz/XS-Clamp-EC-Black-Set-30/1760017;0 ks na skladě, možné naskladnění: 05.08.2026;"{""categories"":[""Konstrukce""],""price_raw"":""46,56 Kč*"",""price_per_wp_raw"":"""",""price_per_wp_czk_without_vat"":null,""properties"":{},""image_url"":""https://cdn.shop.krannich-solar.com/media/fc/fe/a3/1774693427/1760017_d_4_e_a_d4ead622d0b8553eeee60e2119b08a1244f0da6d_det_m_ec_xs_clamp_black_set_30.png.png?width=3000"",""has_quantity_discount"":false,""scraped_at"":""2026-07-04T10:02:41.026Z""}"
Krannich Solar;1760013;1760013;XS Clamp EC Set 30;Krajová úchytka 30 mm;Konstrukce;K2 Systems;;21;ks;https://shop.krannich-solar.com/cs-cz/XS-Clamp-EC-Set-30/1760013;0 ks na skladě, možné naskladnění: 05.08.2026;"{""categories"":[""Konstrukce""],""price_raw"":"""",""price_per_wp_raw"":"""",""price_per_wp_czk_without_vat"":null,""properties"":{},""image_url"":""https://cdn.shop.krannich-solar.com/media/87/4f/6f/1774693426/1760013_6_5_a_0_65a0dd3cce36e98d3c645b64446c82d820c9a920_det_m_ec_xs_clamp_set_30.png.png?width=3000"",""has_quantity_discount"":false,""scraped_at"":""2026-07-04T10:02:41.026Z""}"
Krannich Solar;1760015;1760015;XS Clamp MC Black Set 30;Středová úchytka 30 mm, černá;Konstrukce;K2 Systems;43.17;21;ks;https://shop.krannich-solar.com/cs-cz/XS-Clamp-MC-Black-Set-30/1760015;0 ks na skladě, možné naskladnění: 05.08.2026;"{""categories"":[""Konstrukce""],""price_raw"":""43,17 Kč*"",""price_per_wp_raw"":"""",""price_per_wp_czk_without_vat"":null,""properties"":{},""image_url"":""https://cdn.shop.krannich-solar.com/media/84/3e/1c/1774693426/1760015_c_8_8_8_c8880369f05826e0ddc3bf1f040ae1a1b416d133_det_m_mc_xs_clamp_black_set_30.png.png?width=3000"",""has_quantity_discount"":false,""scraped_at"":""2026-07-04T10:02:41.026Z""}"
Krannich Solar;1760011;1760011;XS Clamp MC Set 30;Středová úchytka 30 mm;Konstrukce;K2 Systems;;21;ks;https://shop.krannich-solar.com/cs-cz/XS-Clamp-MC-Set-30/1760011;0 ks na skladě, možné naskladnění: 05.08.2026;"{""categories"":[""Konstrukce""],""price_raw"":"""",""price_per_wp_raw"":"""",""price_per_wp_czk_without_vat"":null,""properties"":{},""image_url"":""https://cdn.shop.krannich-solar.com/media/2a/56/77/1774693425/1760011_e_1_0_1_e1013f6367ff180741f96095af1c61e3fb228e0b_det_m_mc_xs_clamp_set_30.png.png?width=3000"",""has_quantity_discount"":false,""scraped_at"":""2026-07-04T10:02:41.026Z""}"
Krannich Solar;1741589;1741589;Zasouvací lišta Fix stop;;Konstrukce;K2 Systems;61.84;21;ks;https://shop.krannich-solar.com/cs-cz/Zasouvaci-lista-Fix-stop/1741589;0 ks na skladě, možné naskladnění: 05.08.2026;"{""categories"":[""Konstrukce""],""price_raw"":""61,84 Kč*"",""price_per_wp_raw"":"""",""price_per_wp_czk_without_vat"":null,""properties"":{},""image_url"":""https://cdn.shop.krannich-solar.com/media/32/16/c4/1750077435/1741589_5_2_a_6_52a6a6b03fd72da881ab923acee4d3c6ccb30e69_det_m_i_insertion_rail_fix_stop.jpg.jpg?width=3000"",""has_quantity_discount"":false,""scraped_at"":""2026-07-04T10:02:43.435Z""}"
Krannich Solar;1749495;1749495;Zkušební závaží pro měření koeficientu tření.;;Konstrukce;K2 Systems;4888.8;21;ks;https://shop.krannich-solar.com/cs-cz/Zkusebni-zavazi-pro-mereni-koeficientu-treni./1749495;1 ks na skladě, možné naskladnění: 05.08.2026;"{""categories"":[""Konstrukce"",""Příslušenství""],""price_raw"":""4 888,80 Kč*"",""price_per_wp_raw"":"""",""price_per_wp_czk_without_vat"":null,""properties"":{},""image_url"":""https://cdn.shop.krannich-solar.com/media/4b/ae/de/1750077577/1749495_7_4_6_c_746c9dd7456ab9099f9b3dd8bc947fdb65ea403e_1749495.jpg.jpg?width=3000"",""has_quantity_discount"":false,""scraped_at"":""2026-07-04T10:00:33.084Z""}"
Krannich Solar;1762354;1762354;CARPORT W-01-00;;Konstrukce;KENO;53107.5;21;ks;https://shop.krannich-solar.com/cs-cz/CARPORT-W-01-00/1762354;0 ks na skladě, možné naskladnění: 29.07.2026;"{""categories"":[""Konstrukce""],""price_raw"":""53 107,50 Kč*"",""price_per_wp_raw"":"""",""price_per_wp_czk_without_vat"":null,""properties"":{},""image_url"":""https://cdn.shop.krannich-solar.com/media/5f/b1/ef/1758890178/1762354_4_d_3_4_4d34f40480134b95044207fc48172c0e6c4c3801_W_01_00.jpg.jpg?width=3000"",""has_quantity_discount"":false,""scraped_at"":""2026-07-04T10:00:35.470Z""}"
Krannich Solar;1752348;1752348;WATTPILOT ADAPTER SET GO 11 2.0;VOLITELNÁ SADA ADAPTÉRŮ PRO WATTPILOT GO 11 J 2.0;Nabíjecí stanice;Fronius;1920.84;21;ks;https://shop.krannich-solar.com/cs-cz/WATTPILOT-ADAPTER-SET-GO-11-2.0/1752348;0 ks na skladě, možné naskladnění: 22.07.2026;"{""categories"":[""Nabíjecí stanice""],""price_raw"":""1 920,84 Kč*"",""price_per_wp_raw"":"""",""price_per_wp_czk_without_vat"":null,""properties"":{},""image_url"":""https://cdn.shop.krannich-solar.com/media/17/48/c2/1773768119/1752348_2_6_6_e_266eb9e8e7c9acdf71a8cc62f901242f1623b548_det_cua_fr_wattpilot_adapter_set_go_11_2.0.jpg.jpg?width=3000"",""has_quantity_discount"":false,""scraped_at"":""2026-07-04T09:59:41.879Z""}"
Krannich Solar;1752349;1752349;WATTPILOT ADAPTER SET GO 22 2.0;VOLITELNÁ SADA ADAPTÉRŮ PRO WATTPILOT GO 22 J 2.0;Nabíjecí stanice;Fronius;1920.84;21;ks;https://shop.krannich-solar.com/cs-cz/WATTPILOT-ADAPTER-SET-GO-22-2.0/1752349;0 ks na skladě, možné naskladnění: 22.07.2026;"{""categories"":[""Nabíjecí stanice""],""price_raw"":""1 920,84 Kč*"",""price_per_wp_raw"":"""",""price_per_wp_czk_without_vat"":null,""properties"":{},""image_url"":""https://cdn.shop.krannich-solar.com/media/29/ba/b3/1773768120/1752349_d_0_5_7_d057302b034ccbedb69a61ddae9c20f31af5eeb3_det_cua_fr_wattpilot_adapter_set_go_22_2.0.jpg.jpg?width=3000"",""has_quantity_discount"":false,""scraped_at"":""2026-07-04T09:59:41.879Z""}"
Krannich Solar;1758609;1758609;Wattpilot Flex Home 11 C6;AC nabíjecí stanice 11 kW;Nabíjecí stanice;Fronius;18174.65;21;ks;https://shop.krannich-solar.com/cs-cz/Wattpilot-Flex-Home-11-C6/1758609;0 ks na skladě, možné naskladnění: 19.08.2026;"{""categories"":[""Nabíjecí stanice""],""price_raw"":""18 174,65 Kč*"",""price_per_wp_raw"":"""",""price_per_wp_czk_without_vat"":null,""properties"":{""Jmenovitý nabíjecí výkon (kW)"":""11.00"",""Nabíjecí výkon na nabíjecí místo (kW)"":""11.00"",""Počet nabíjecích bodů"":""1""},""image_url"":""https://cdn.shop.krannich-solar.com/media/f8/ea/79/1767944213/1758609_6_7_4_9_6749c727201bc81e341ff483a4556511d73d7594_det_cu_fonius_wattpilot_flex_home_22_c6.png.png?width=3000"",""has_quantity_discount"":false,""scraped_at"":""2026-07-04T09:59:44.098Z""}"
Krannich Solar;1758610;1758610;Wattpilot Flex Home 22 C6;AC nabíjecí stanice 22 kW;Nabíjecí stanice;Fronius;18742.58;21;ks;https://shop.krannich-solar.com/cs-cz/Wattpilot-Flex-Home-22-C6/1758610;0 ks na skladě, možné naskladnění: 19.08.2026;"{""categories"":[""Nabíjecí stanice""],""price_raw"":""18 742,58 Kč*"",""price_per_wp_raw"":"""",""price_per_wp_czk_without_vat"":null,""properties"":{""Jmenovitý nabíjecí výkon (kW)"":""22.00"",""Nabíjecí výkon na nabíjecí místo (kW)"":""22.00"",""Počet nabíjecích bodů"":""1""},""image_url"":""https://cdn.shop.krannich-solar.com/media/d4/c4/60/1772644419/1758610_0_0_7_a_007a695c004c7450b4ae6e3d99b67f2e9fca21f3_det_cu_fonius_wattpilot_flex_home_22_c6.png.png?width=3000"",""has_quantity_discount"":false,""scraped_at"":""2026-07-04T09:59:44.098Z""}"
Krannich Solar;1758623;1758623;Wattpilot Flex Pro 11 C6E;AC nabíjecí stanice 11 kW;Nabíjecí stanice;Fronius;21749.58;21;ks;https://shop.krannich-solar.com/cs-cz/Wattpilot-Flex-Pro-11-C6E/1758623;0 ks na skladě, možné naskladnění: 04.11.2026;"{""categories"":[""Nabíjecí stanice""],""price_raw"":""21 749,58 Kč*"",""price_per_wp_raw"":"""",""price_per_wp_czk_without_vat"":null,""properties"":{""Jmenovitý nabíjecí výkon (kW)"":""11.00"",""Nabíjecí výkon na nabíjecí místo (kW)"":""11.00"",""Počet nabíjecích bodů"":""1""},""image_url"":""https://cdn.shop.krannich-solar.com/media/37/dd/c5/1772644419/1758623_1_f_4_6_1f46eaa8a1bdce23b4c177c21ae1101440e619e2_det_cu_fonius_wattpilot_flex_pro_22_c6e.png.png?width=3000"",""has_quantity_discount"":false,""scraped_at"":""2026-07-04T09:59:46.311Z""}"
Krannich Solar;1758624;1758624;Wattpilot Flex Pro 22 C6E;AC nabíjecí stanice 22 kW;Nabíjecí stanice;Fronius;22350.98;21;ks;https://shop.krannich-solar.com/cs-cz/Wattpilot-Flex-Pro-22-C6E/1758624;0 ks na skladě, možné naskladnění: 04.11.2026;"{""categories"":[""Nabíjecí stanice""],""price_raw"":""22 350,98 Kč*"",""price_per_wp_raw"":"""",""price_per_wp_czk_without_vat"":null,""properties"":{""Jmenovitý nabíjecí výkon (kW)"":""22.00"",""Nabíjecí výkon na nabíjecí místo (kW)"":""22.00"",""Počet nabíjecích bodů"":""1""},""image_url"":""https://cdn.shop.krannich-solar.com/media/49/05/aa/1772644420/1758624_b_a_a_9_baa9ed4583d18dc13e39279c7e65cf4f3a1ca2b9_det_cu_fonius_wattpilot_flex_pro_22_c6e.png.png?width=3000"",""has_quantity_discount"":false,""scraped_at"":""2026-07-04T09:59:46.310Z""}"
Krannich Solar;1752350;1752350;WATTPILOT MOUNTING PLATE GO 2.0;Držák pro Wattpilot Go 2.0;Nabíjecí stanice;Fronius;367.39;21;ks;https://shop.krannich-solar.com/cs-cz/WATTPILOT-MOUNTING-PLATE-GO-2.0/1752350;0 ks na skladě, možné naskladnění: 22.07.2026;"{""categories"":[""Nabíjecí stanice""],""price_raw"":""367,39 Kč*"",""price_per_wp_raw"":"""",""price_per_wp_czk_without_vat"":null,""properties"":{},""image_url"":""https://cdn.shop.krannich-solar.com/media/e3/ab/5a/1773768120/1752350_0_2_d_6_02d649ff2d2804512ea9cf366036c654f8ef7f85_det_cua_fr_wattpilot_mounting_plate_go_2.0.jpg.jpg?width=3000"",""has_quantity_discount"":false,""scraped_at"":""2026-07-04T09:59:41.879Z""}"
Krannich Solar;1760449;1760449;Floor post;Stojan pro nabiječky GoodWe;Nabíjecí stanice;GoodWe;2360.01;21;ks;https://shop.krannich-solar.com/cs-cz/Floor-post/1760449;0 ks na skladě, možné naskladnění: 24.07.2026;"{""categories"":[""Nabíjecí stanice""],""price_raw"":""2 360,01 Kč*"",""price_per_wp_raw"":"""",""price_per_wp_czk_without_vat"":null,""properties"":{},""image_url"":""https://cdn.shop.krannich-solar.com/media/3f/82/fe/1755171411/1760449_7_2_5_8_72582a01e148bb5973587af4c81cef45fc006723_000004541_000_001_PM.png.png?width=3000"",""has_quantity_discount"":false,""scraped_at"":""2026-07-04T09:59:44.097Z""}"
Krannich Solar;1761532;1761532;GW11K-HCA-20;AC nabíjecí stanice 11 kW;Nabíjecí stanice;GoodWe;8829.91;21;ks;https://shop.krannich-solar.com/cs-cz/GW11K-HCA-20/1761532;0 ks na skladě, možné naskladnění: 11.09.2026;"{""categories"":[""Nabíjecí stanice""],""price_raw"":""8 829,91 Kč*"",""price_per_wp_raw"":"""",""price_per_wp_czk_without_vat"":null,""properties"":{""Jmenovitý nabíjecí výkon (kW)"":""11.00"",""Nabíjecí výkon na nabíjecí místo (kW)"":""11.00"",""Počet nabíjecích bodů"":""1""},""image_url"":""https://cdn.shop.krannich-solar.com/media/af/0b/84/1755171414/1761532_f_8_0_2_f802cd40679a40b9627dfb6cafcf11a34605832f_det_cu_gw_gw7_22k_hca_g2_ev_charger.png.png?width=3000"",""has_quantity_discount"":false,""scraped_at"":""2026-07-04T09:59:44.098Z""}"
Krannich Solar;1761533;1761533;GW22K-HCA-20;AC nabíjecí stanice 22 kW;Nabíjecí stanice;GoodWe;9863.93;21;ks;https://shop.krannich-solar.com/cs-cz/GW22K-HCA-20/1761533;0 ks na skladě, dostupnost na vyžádání, -;"{""categories"":[""Nabíjecí stanice""],""price_raw"":""9 863,93 Kč*"",""price_per_wp_raw"":"""",""price_per_wp_czk_without_vat"":null,""properties"":{""Jmenovitý nabíjecí výkon (kW)"":""22.00"",""Počet nabíjecích bodů"":""1""},""image_url"":""https://cdn.shop.krannich-solar.com/media/f7/b1/34/1755171414/1761533_a_3_4_a_a34ae5139d9d1c421bf99824ae63b2cfc4bb1b81_det_cu_gw_gw7_22k_hca_g2_ev_charger.png.png?width=3000"",""has_quantity_discount"":false,""scraped_at"":""2026-07-04T09:59:46.311Z""}"
Krannich Solar;1761531;1761531;GW7K-HCA-20;AC nabíjecí stanice 7 kW;Nabíjecí stanice;GoodWe;12624.79;21;ks;https://shop.krannich-solar.com/cs-cz/GW7K-HCA-20/1761531;0 ks na skladě, dostupnost na vyžádání, -;"{""categories"":[""Nabíjecí stanice""],""price_raw"":""12 624,79 Kč*"",""price_per_wp_raw"":"""",""price_per_wp_czk_without_vat"":null,""properties"":{""Jmenovitý nabíjecí výkon (kW)"":""7.00"",""Počet nabíjecích bodů"":""1""},""image_url"":""https://cdn.shop.krannich-solar.com/media/fb/15/95/1755171413/1761531_f_b_5_7_fb5736f7cd4e26653897aca097574db0eedafa19_det_cu_gw_gw7_22k_hca_g2_ev_charger.png.png?width=3000"",""has_quantity_discount"":false,""scraped_at"":""2026-07-04T09:59:46.311Z""}"
Krannich Solar;1752825;1752825;AP022N-EU;AC nabíjecí stanice 22 kW;Nabíjecí stanice;Huawei;8317.99;21;ks;https://shop.krannich-solar.com/cs-cz/AP022N-EU/1752825;0 ks na skladě, možné naskladnění: 09.07.2026;"{""categories"":[""Nabíjecí stanice""],""price_raw"":""8 317,99 Kč*"",""price_per_wp_raw"":"""",""price_per_wp_czk_without_vat"":null,""properties"":{""Jmenovitý nabíjecí výkon (kW)"":""22.00"",""Nabíjecí výkon na nabíjecí místo (kW)"":""22.00"",""Počet nabíjecích bodů"":""1""},""image_url"":""https://cdn.shop.krannich-solar.com/media/84/9e/29/1750077257/1752825_4_4_6_0_4460c5fcbeec05a87c08e9b5813e3b52c8fb718c_charger_2_ws.jpg.jpg?width=3000"",""has_quantity_discount"":false,""scraped_at"":""2026-07-04T09:59:41.878Z""}"
Krannich Solar;1753020;1753020;AP07N-EU;AC nabíjecí stanice 7 kW;Nabíjecí stanice;Huawei;7532.78;21;ks;https://shop.krannich-solar.com/cs-cz/AP07N-EU/1753020;0 ks na skladě, možné naskladnění: 11.08.2026;"{""categories"":[""Nabíjecí stanice""],""price_raw"":""7 532,78 Kč*"",""price_per_wp_raw"":"""",""price_per_wp_czk_without_vat"":null,""properties"":{""Jmenovitý nabíjecí výkon (kW)"":""7.40"",""Nabíjecí výkon na nabíjecí místo (kW)"":""7.40"",""Počet nabíjecích bodů"":""1""},""image_url"":""https://cdn.shop.krannich-solar.com/media/13/63/b7/1750077262/1753020_4_4_6_0_4460c5fcbeec05a87c08e9b5813e3b52c8fb718c_charger_2_ws.jpg.jpg?width=3000"",""has_quantity_discount"":false,""scraped_at"":""2026-07-04T09:59:44.098Z""}"
Krannich Solar;1756719;1756719;RFID CARD;Karta pro nabíjecí stanice Huawei;Nabíjecí stanice;Huawei;79.78;21;ks;https://shop.krannich-solar.com/cs-cz/RFID-CARD/1756719;0 ks na skladě, možné naskladnění: 29.07.2026;"{""categories"":[""Nabíjecí stanice""],""price_raw"":""79,78 Kč*"",""price_per_wp_raw"":"""",""price_per_wp_czk_without_vat"":null,""properties"":{},""image_url"":""https://cdn.shop.krannich-solar.com/media/55/9b/af/1773933761/1756719_1_e_9_2_1e92d55949a103fb5d1ab24cb4a6e2776523fa50_det_cua_hu_rfid_card__002_.png.png?width=3000"",""has_quantity_discount"":false,""scraped_at"":""2026-07-04T09:59:44.098Z""}"
Krannich Solar;1757198;1757198;EVC-CBL-3-10-20;Nabíjecí kabel 10 m;Nabíjecí stanice;SMA;5073.83;21;ks;https://shop.krannich-solar.com/cs-cz/EVC-CBL-3-10-20/1757198;0 ks na skladě, možné naskladnění: 22.07.2026;"{""categories"":[""Nabíjecí stanice""],""price_raw"":""5 073,83 Kč*"",""price_per_wp_raw"":"""",""price_per_wp_czk_without_vat"":null,""properties"":{},""image_url"":""https://cdn.shop.krannich-solar.com/media/bb/3a/78/1779720690/1757198_6_c_c_4_6cc4fd93079ce228515e50c1509b8632be96d4b8_det_cua_sma_charge_cable_evc_cbl_3_xx_20.png.png?width=3000"",""has_quantity_discount"":false,""scraped_at"":""2026-07-04T09:59:41.879Z""}"
Krannich Solar;1757196;1757196;EVC-CBL-3-5-20;Nabíjecí kabel 5 m;Nabíjecí stanice;SMA;4203.25;21;ks;https://shop.krannich-solar.com/cs-cz/EVC-CBL-3-5-20/1757196;0 ks na skladě, možné naskladnění: 22.07.2026;"{""categories"":[""Nabíjecí stanice""],""price_raw"":""4 203,25 Kč*"",""price_per_wp_raw"":"""",""price_per_wp_czk_without_vat"":null,""properties"":{},""image_url"":""https://cdn.shop.krannich-solar.com/media/79/37/3f/1779720689/1757196_b_5_d_c_b5dc9d01805924e856964b8ac054e08d9bb121ae_det_cua_sma_charge_cable_evc_cbl_3_xx_20.png.png?width=3000"",""has_quantity_discount"":false,""scraped_at"":""2026-07-04T09:59:41.879Z""}"
Krannich Solar;1757197;1757197;EVC-CBL-3-7.5-20;Nabíjecí kabel 7,5 m;Nabíjecí stanice;SMA;4653.58;21;ks;https://shop.krannich-solar.com/cs-cz/EVC-CBL-3-7.5-20/1757197;0 ks na skladě, možné naskladnění: 22.07.2026;"{""categories"":[""Nabíjecí stanice""],""price_raw"":""4 653,58 Kč*"",""price_per_wp_raw"":"""",""price_per_wp_czk_without_vat"":null,""properties"":{},""image_url"":""https://cdn.shop.krannich-solar.com/media/b1/4f/30/1779720690/1757197_7_4_c_4_74c45bc75429d72e24120baa8bdad2e0fc540475_det_cua_sma_charge_cable_evc_cbl_3_xx_20.png.png?width=3000"",""has_quantity_discount"":false,""scraped_at"":""2026-07-04T09:59:41.879Z""}"
Krannich Solar;1759655;1759655;EV One Black;AC nabíjecí stanice 22 kW;Nabíjecí stanice;Smappee;18308.02;21;ks;https://shop.krannich-solar.com/cs-cz/EV-One-Black/1759655;0 ks na skladě, možné naskladnění: 12.08.2026;"{""categories"":[""Nabíjecí stanice""],""price_raw"":""18 308,02 Kč*"",""price_per_wp_raw"":"""",""price_per_wp_czk_without_vat"":null,""properties"":{""Jmenovitý nabíjecí výkon (kW)"":""22.00"",""Nabíjecí výkon na nabíjecí místo (kW)"":""22.00"",""Počet nabíjecích bodů"":""1""},""image_url"":""https://cdn.shop.krannich-solar.com/media/97/e9/41/1772644421/1759655_4_5_4_c_454c4546c7e04cac97475dadadc9fe7b77988085_det_cu_smp_ev_one_home_22kw.png.png?width=3000"",""has_quantity_discount"":false,""scraped_at"":""2026-07-04T09:59:44.098Z""}"
Krannich Solar;1761743;1761743;EV Ultra 120D White Eichrecht;DC nabíjecí stanice 2 x 120 kW;Nabíjecí stanice;Smappee;1052141.63;21;ks;https://shop.krannich-solar.com/cs-cz/EV-Ultra-120D-White-Eichrecht/1761743;0 ks na skladě, možné naskladnění: 22.07.2026;"{""categories"":[""Nabíjecí stanice""],""price_raw"":""1 052 141,63 Kč*"",""price_per_wp_raw"":"""",""price_per_wp_czk_without_vat"":null,""properties"":{""Jmenovitý nabíjecí výkon (kW)"":""240.00"",""Nabíjecí výkon na nabíjecí místo (kW)"":""120.00"",""Počet nabíjecích bodů"":""2""},""image_url"":""https://cdn.shop.krannich-solar.com/media/7a/10/77/1771601832/1761743_8_c_9_f_8c9f14016a0f15e3aa43174685e3e99e8e0d0ba3_det_cu_smp_ev_ultra_40d_white_eichrecht.png.png?width=3000"",""has_quantity_discount"":false,""scraped_at"":""2026-07-04T09:59:44.097Z""}"
Krannich Solar;1761745;1761745;EV Ultra 240S White Eichrecht;DC nabíjecí stanice 240 kW;Nabíjecí stanice;Smappee;894071.14;21;ks;https://shop.krannich-solar.com/cs-cz/EV-Ultra-240S-White-Eichrecht/1761745;0 ks na skladě, možné naskladnění: 22.07.2026;"{""categories"":[""Nabíjecí stanice""],""price_raw"":""894 071,14 Kč*"",""price_per_wp_raw"":"""",""price_per_wp_czk_without_vat"":null,""properties"":{""Jmenovitý nabíjecí výkon (kW)"":""240.00"",""Nabíjecí výkon na nabíjecí místo (kW)"":""240.00"",""Počet nabíjecích bodů"":""1""},""image_url"":""https://cdn.shop.krannich-solar.com/media/5d/dd/90/1771601833/1761745_1_f_1_3_1f13f3e00e6182a56291e6e9d53e443efa85d363_det_cu_smp_ev_ultra_80s_white_eichrecht.png.png?width=3000"",""has_quantity_discount"":false,""scraped_at"":""2026-07-04T09:59:44.097Z""}"
Krannich Solar;1759656;1759656;EV Ultra 40D White Eichrecht;DC nabíjecí stanice 2 x 40 kW;Nabíjecí stanice;Smappee;622769.88;21;ks;https://shop.krannich-solar.com/cs-cz/EV-Ultra-40D-White-Eichrecht/1759656;0 ks na skladě, možné naskladnění: 22.07.2026;"{""categories"":[""Nabíjecí stanice""],""price_raw"":""622 769,88 Kč*"",""price_per_wp_raw"":"""",""price_per_wp_czk_without_vat"":null,""properties"":{""Jmenovitý nabíjecí výkon (kW)"":""80.00"",""Nabíjecí výkon na nabíjecí místo (kW)"":""40.00"",""Počet nabíjecích bodů"":""2""},""image_url"":""https://cdn.shop.krannich-solar.com/media/4c/a5/95/1771601831/1759656_8_c_9_f_8c9f14016a0f15e3aa43174685e3e99e8e0d0ba3_det_cu_smp_ev_ultra_40d_white_eichrecht.png.png?width=3000"",""has_quantity_discount"":false,""scraped_at"":""2026-07-04T09:59:44.097Z""}"
Krannich Solar;1761744;1761744;EV Ultra 80S White Eichrecht;DC nabíjecí stanice 80 kW;Nabíjecí stanice;Smappee;566154.61;21;ks;https://shop.krannich-solar.com/cs-cz/EV-Ultra-80S-White-Eichrecht/1761744;0 ks na skladě, možné naskladnění: 22.07.2026;"{""categories"":[""Nabíjecí stanice""],""price_raw"":""566 154,61 Kč*"",""price_per_wp_raw"":"""",""price_per_wp_czk_without_vat"":null,""properties"":{""Jmenovitý nabíjecí výkon (kW)"":""80.00"",""Nabíjecí výkon na nabíjecí místo (kW)"":""80.00"",""Počet nabíjecích bodů"":""1""},""image_url"":""https://cdn.shop.krannich-solar.com/media/b5/89/16/1771601832/1761744_1_f_1_3_1f13f3e00e6182a56291e6e9d53e443efa85d363_det_cu_smp_ev_ultra_80s_white_eichrecht.png.png?width=3000"",""has_quantity_discount"":false,""scraped_at"":""2026-07-04T09:59:44.097Z""}"
Krannich Solar;1761747;1761747;EV Ultra Commisioning;Uvedení do provozu;Nabíjecí stanice;Smappee;12488.75;21;ks;https://shop.krannich-solar.com/cs-cz/EV-Ultra-Commisioning/1761747;0 ks na skladě, možné naskladnění: 22.07.2026;"{""categories"":[""Nabíjecí stanice""],""price_raw"":""12 488,75 Kč*"",""price_per_wp_raw"":"""",""price_per_wp_czk_without_vat"":null,""properties"":{},""image_url"":""https://cdn.shop.krannich-solar.com/media/70/c2/c3/1772644422/1761747_c_b_2_a_cb2a886dab02c7e66c9c673dd3ab7808936a33fb_Krannich_Icon_service.png.png?width=3000"",""has_quantity_discount"":false,""scraped_at"":""2026-07-04T09:59:41.879Z""}"
Krannich Solar;1759657;1759657;EV Wall Solar add-on;Platební stojan;Nabíjecí stanice;Smappee;67938.56;21;ks;https://shop.krannich-solar.com/cs-cz/EV-Wall-Solar-add-on/1759657;0 ks na skladě, možné naskladnění: 22.07.2026;"{""categories"":[""Nabíjecí stanice""],""price_raw"":""67 938,56 Kč*"",""price_per_wp_raw"":"""",""price_per_wp_czk_without_vat"":null,""properties"":{},""image_url"":""https://cdn.shop.krannich-solar.com/media/96/1d/57/1772644421/1759657_4_3_7_a_437a3ec8cc32496fef59bf84b4e9565eb1846de9_det_cua_smp_ev_pay_station.png.png?width=3000"",""has_quantity_discount"":false,""scraped_at"":""2026-07-04T09:59:41.879Z""}"
Krannich Solar;1759597;1759597;EV Wall White Socket, 22kW;AC nabíjecí stanice 22 kW;Nabíjecí stanice;Smappee;16468.18;21;ks;https://shop.krannich-solar.com/cs-cz/EV-Wall-White-Socket-22kW/1759597;0 ks na skladě, možné naskladnění: 22.07.2026;"{""categories"":[""Nabíjecí stanice""],""price_raw"":""16 468,18 Kč*"",""price_per_wp_raw"":"""",""price_per_wp_czk_without_vat"":null,""properties"":{""Jmenovitý nabíjecí výkon (kW)"":""22.00"",""Počet nabíjecích bodů"":""1""},""image_url"":""https://cdn.shop.krannich-solar.com/media/28/83/d2/1772644421/1759597_2_c_8_c_2c8c181ac46a2dc4447cbd0c9c82a45540421154_det_cu_smp_ev_wall.png.png?width=3000"",""has_quantity_discount"":false,""scraped_at"":""2026-07-04T09:59:41.879Z""}"
Krannich Solar;1761859;1761859;EV11k-AC-02;AC nabíjecí stanice 11 kW;Nabíjecí stanice;SOFAR;11780.41;21;ks;https://shop.krannich-solar.com/cs-cz/EV11k-AC-02/1761859;6 ks na skladě, možné naskladnění: 05.08.2026;"{""categories"":[""Nabíjecí stanice""],""price_raw"":""11 780,41 Kč*"",""price_per_wp_raw"":"""",""price_per_wp_czk_without_vat"":null,""properties"":{""Jmenovitý nabíjecí výkon (kW)"":""11.00"",""Nabíjecí výkon na nabíjecí místo (kW)"":""11.00"",""Počet nabíjecích bodů"":""1""},""image_url"":""https://cdn.shop.krannich-solar.com/media/7e/61/1a/1756217181/1761859_a_a_2_f_aa2f5340f4fa46d62c79498cedda95424a5c2bfa_det_cu_sof_ev11k_ac_02.png.png?width=3000"",""has_quantity_discount"":false,""scraped_at"":""2026-07-04T09:59:41.878Z""}"
Krannich Solar;1761765;1761765;ONE EV Charger;AC nabíjecí stanice 22 kW;Nabíjecí stanice;SolarEdge;12015.15;21;ks;https://shop.krannich-solar.com/cs-cz/ONE-EV-Charger/1761765;1 ks na skladě, možné naskladnění: 02.09.2026;"{""categories"":[""Nabíjecí stanice""],""price_raw"":""12 015,15 Kč*"",""price_per_wp_raw"":"""",""price_per_wp_czk_without_vat"":null,""properties"":{""Jmenovitý nabíjecí výkon (kW)"":""22.00"",""Nabíjecí výkon na nabíjecí místo (kW)"":""22.00"",""Počet nabíjecích bodů"":""1""},""image_url"":""https://cdn.shop.krannich-solar.com/media/c4/0d/29/1763532417/1761765_d_a_6_9_da6909ccc07aff9f0b8d5feb92a12784d3cd3ac9_det_cu_se_one_ev_charger_pro.png.png?width=3000"",""has_quantity_discount"":false,""scraped_at"":""2026-07-04T09:59:41.878Z""}"
Krannich Solar;1761767;1761767;ONE EV Charger Pro;AC nabíjecí stanice 22 kW;Nabíjecí stanice;SolarEdge;16945.9;21;ks;https://shop.krannich-solar.com/cs-cz/ONE-EV-Charger-Pro/1761767;0 ks na skladě, možné naskladnění: 21.07.2026;"{""categories"":[""Nabíjecí stanice""],""price_raw"":""16 945,90 Kč*"",""price_per_wp_raw"":"""",""price_per_wp_czk_without_vat"":null,""properties"":{""Jmenovitý nabíjecí výkon (kW)"":""22.00"",""Nabíjecí výkon na nabíjecí místo (kW)"":""22.00"",""Počet nabíjecích bodů"":""1""},""image_url"":""https://cdn.shop.krannich-solar.com/media/3d/d3/25/1772644422/1761767_0_f_5_7_0f57ceb1e70c7cdf70a0d20fd519019964810906_det_cu_se_one_ev_charger_pro.png.png?width=3000"",""has_quantity_discount"":false,""scraped_at"":""2026-07-04T09:59:41.879Z""}"
Krannich Solar;1762682;1762682;EVC Pedestal Dual;Stojan pro nabíjecí stanice Solax HAC a EVC;Nabíjecí stanice;SolaX Power;1883.74;21;ks;https://shop.krannich-solar.com/cs-cz/EVC-Pedestal-Dual/1762682;0 ks na skladě, možné naskladnění: 31.07.2026;"{""categories"":[""Nabíjecí stanice""],""price_raw"":""1 883,74 Kč*"",""price_per_wp_raw"":"""",""price_per_wp_czk_without_vat"":null,""properties"":{},""image_url"":""https://cdn.shop.krannich-solar.com/media/9d/3c/a5/1761231980/1762682_4_1_7_d_417d69be4e0a9f07396f206d0fa27f08dbdac22b_det_cua_solax_evc_pedestal_dual.png.png?width=3000"",""has_quantity_discount"":false,""scraped_at"":""2026-07-04T09:59:44.098Z""}"
Krannich Solar;1763584;1763584;EVC Rain Shelter;Stříška pro stojan k nabíjecím stanicím Solax;Nabíjecí stanice;SolaX Power;941.87;21;ks;https://shop.krannich-solar.com/cs-cz/EVC-Rain-Shelter/1763584;0 ks na skladě, možné naskladnění: 28.08.2026;"{""categories"":[""Nabíjecí stanice""],""price_raw"":""941,87 Kč*"",""price_per_wp_raw"":"""",""price_per_wp_czk_without_vat"":null,""properties"":{},""image_url"":""https://cdn.shop.krannich-solar.com/media/7e/41/bf/1770984393/1763584_a_2_d_b_a2db63137377242121e42a7061766026105eda5f_det_cua_solax_shelter_for_ev_pedestal_dual.png.png?width=3000"",""has_quantity_discount"":false,""scraped_at"":""2026-07-04T09:59:44.098Z""}"
Krannich Solar;1763583;1763583;RFID card for HAC EVC;RFID karty pro nabíjecí stanice Solax;Nabíjecí stanice;SolaX Power;53.84;21;ks;https://shop.krannich-solar.com/cs-cz/RFID-card-for-HAC-EVC/1763583;0 ks na skladě, možné naskladnění: 14.09.2026;"{""categories"":[""Nabíjecí stanice""],""price_raw"":""53,84 Kč*"",""price_per_wp_raw"":"""",""price_per_wp_czk_without_vat"":null,""properties"":{},""image_url"":""https://cdn.shop.krannich-solar.com/media/ae/6c/ab/1770984393/1763583_e_2_5_7_e257aaf38b11b5201d039c3700b47cf2fa8d4034_EVC_RFID_card_Appearance.png.png?width=3000"",""has_quantity_discount"":false,""scraped_at"":""2026-07-04T09:59:44.098Z""}"
Krannich Solar;1764060;1764060;X3-EVC11K (SXH);Inteligentní nabíjecí stanice 11 kW;Nabíjecí stanice;SolaX Power;7535.2;21;ks;https://shop.krannich-solar.com/cs-cz/X3-EVC11K-SXH/1764060;10 ks na skladě, poslední kusy;"{""categories"":[""Nabíjecí stanice""],""price_raw"":""7 535,20 Kč*"",""price_per_wp_raw"":"""",""price_per_wp_czk_without_vat"":null,""properties"":{""Jmenovitý nabíjecí výkon (kW)"":""11.00"",""Nabíjecí výkon na nabíjecí místo (kW)"":""11.00"",""Počet nabíjecích bodů"":""1""},""image_url"":""https://cdn.shop.krannich-solar.com/media/82/d9/44/1774605330/1764060_e_b_e_f_ebef5bcfe66099841016b4f3cb8f74343f4495dc_det_cu_solax_x3_evc_11k.png.png?width=3000"",""has_quantity_discount"":false,""scraped_at"":""2026-07-04T09:59:41.878Z""}"
Krannich Solar;1757905;1757905;X3-HAC-11P;AC nabíjecí stanice 11 kW;Nabíjecí stanice;SolaX Power;10253.39;21;ks;https://shop.krannich-solar.com/cs-cz/X3-HAC-11P/1757905;0 ks na skladě, možné naskladnění: 03.08.2026;"{""categories"":[""Nabíjecí stanice""],""price_raw"":""10 253,39 Kč*"",""price_per_wp_raw"":"""",""price_per_wp_czk_without_vat"":null,""properties"":{""Jmenovitý nabíjecí výkon (kW)"":""11.00"",""Nabíjecí výkon na nabíjecí místo (kW)"":""11.00"",""Počet nabíjecích bodů"":""1""},""image_url"":""https://cdn.shop.krannich-solar.com/media/74/12/fd/1750077748/1757905_a_7_e_a_a7ea79f7fffe7268ce98e55ec3e9331880215d49_X3_HAC.png.png?width=3000"",""has_quantity_discount"":false,""scraped_at"":""2026-07-04T09:59:44.098Z""}"
Krannich Solar;1764095;1764095;X3-HAC-11P + Pedestal dual + Shelter;2 nabíjecí stanice, stojan a krycí stříšky;Nabíjecí stanice;SolaX Power;24031.51;21;ks;https://shop.krannich-solar.com/cs-cz/X3-HAC-11P-Pedestal-dual-Shelter/1764095;0 ks na skladě, možné naskladnění: 28.08.2026;"{""categories"":[""Nabíjecí stanice""],""price_raw"":""24 031,51 Kč*"",""price_per_wp_raw"":"""",""price_per_wp_czk_without_vat"":null,""properties"":{""Jmenovitý nabíjecí výkon (kW)"":""11.00"",""Nabíjecí výkon na nabíjecí místo (kW)"":""11.00"",""Počet nabíjecích bodů"":""1""},""image_url"":""https://cdn.shop.krannich-solar.com/media/01/5d/39/1779794505/1764095_1_2_3_9_123984863ef98f2b36e4bb76f6ebedbe4227e4b5_EVC_Pedestal_Dual___Rain_Shelter_Appearance.png.png?width=3000"",""has_quantity_discount"":false,""scraped_at"":""2026-07-04T09:59:44.098Z""}"
Krannich Solar;1757906;1757906;X3-HAC-22;AC nabíjecí stanice 22 kW;Nabíjecí stanice;SolaX Power;11383.44;21;ks;https://shop.krannich-solar.com/cs-cz/X3-HAC-22/1757906;29 ks na skladě, možné naskladnění: 20.07.2026;"{""categories"":[""Nabíjecí stanice""],""price_raw"":""11 383,44 Kč*"",""price_per_wp_raw"":"""",""price_per_wp_czk_without_vat"":null,""properties"":{""Jmenovitý nabíjecí výkon (kW)"":""22.00"",""Nabíjecí výkon na nabíjecí místo (kW)"":""22.00"",""Počet nabíjecích bodů"":""1""},""image_url"":""https://cdn.shop.krannich-solar.com/media/21/87/67/1750077750/1757906_a_d_6_0_ad60609850dc77728ace381340317442b4b027b5_X3_HAC.png.png?width=3000"",""has_quantity_discount"":false,""scraped_at"":""2026-07-04T09:59:41.878Z""}"
Krannich Solar;1759724;1759724;ECA-S11K-BS0;AC nabíjecí stanice 11 kW;Nabíjecí stanice;Solinteg;8472.47;21;ks;https://shop.krannich-solar.com/cs-cz/ECA-S11K-BS0/1759724;0 ks na skladě, možné naskladnění: 20.07.2026;"{""categories"":[""Nabíjecí stanice""],""price_raw"":""8 472,47 Kč*"",""price_per_wp_raw"":"""",""price_per_wp_czk_without_vat"":null,""properties"":{""Jmenovitý nabíjecí výkon (kW)"":""11.00"",""Počet nabíjecích bodů"":""1""},""image_url"":""https://cdn.shop.krannich-solar.com/media/2c/49/08/1750077853/1759724_7_4_0_f_740f64e33b5bd14d7be3e2e2d6cff528388b8376_07_600069_Solinteg_Charger_ECA_S07K_BS0_01.png.png?width=3000"",""has_quantity_discount"":false,""scraped_at"":""2026-07-04T09:59:41.878Z""}"
Krannich Solar;1763937;1763937;Mounting stand for EV charger;Stojan pro nabíjecí stanici Solinteg ECA-S11K-BS0;Nabíjecí stanice;Solinteg;3356.44;21;ks;https://shop.krannich-solar.com/cs-cz/Mounting-stand-for-EV-charger/1763937;8 ks na skladě, možné naskladnění: 12.08.2026;"{""categories"":[""Nabíjecí stanice""],""price_raw"":""3 356,44 Kč*"",""price_per_wp_raw"":"""",""price_per_wp_czk_without_vat"":null,""properties"":{},""image_url"":""https://cdn.shop.krannich-solar.com/media/3f/ea/03/1773822115/1763937_4_d_b_e_4dbeb8daa46e3f627cf6e1f9af60b5a9ac88a3b4_det_sog_eca_s07k_s11k_s22k_bs0_with_pole_eca_r_b_s_0.png.png?width=3000"",""has_quantity_discount"":false,""scraped_at"":""2026-07-04T09:59:41.878Z""}"
Krannich Solar;1762199;1762199;AC22E-01;AC nabíjecí stanice 22 kW;Nabíjecí stanice;Sungrow;13321.25;21;ks;https://shop.krannich-solar.com/cs-cz/AC22E-01/1762199;0 ks na skladě, možné naskladnění: 14.07.2026;"{""categories"":[""Nabíjecí stanice""],""price_raw"":""13 321,25 Kč*"",""price_per_wp_raw"":"""",""price_per_wp_czk_without_vat"":null,""properties"":{""Jmenovitý nabíjecí výkon (kW)"":""22.00"",""Nabíjecí výkon na nabíjecí místo (kW)"":""22.00"",""Počet nabíjecích bodů"":""1""},""image_url"":""https://cdn.shop.krannich-solar.com/media/d7/d3/4d/1768471650/1762199_f_4_8_4_f48487c1c4a8df1a138fa3aa3203c665fbcbd9a7_det_cu_sung_ac022e_01_ev_charger.png.png?width=3000"",""has_quantity_discount"":false,""scraped_at"":""2026-07-04T09:59:41.878Z""}"
Krannich Solar;1762200;1762200;AC22E-01;AC nabíjecí stanice 22 kW s integrovaným MID;Nabíjecí stanice;Sungrow;15985.36;21;ks;https://shop.krannich-solar.com/cs-cz/AC22E-01/1762200;0 ks na skladě, možné naskladnění: 29.07.2026;"{""categories"":[""Nabíjecí stanice""],""price_raw"":""15 985,36 Kč*"",""price_per_wp_raw"":"""",""price_per_wp_czk_without_vat"":null,""properties"":{""Jmenovitý nabíjecí výkon (kW)"":""22.00"",""Nabíjecí výkon na nabíjecí místo (kW)"":""22.00"",""Počet nabíjecích bodů"":""1""},""image_url"":""https://cdn.shop.krannich-solar.com/media/06/b4/78/1780300402/1762200_f_4_8_4_f48487c1c4a8df1a138fa3aa3203c665fbcbd9a7_det_cu_sung_ac022e_01_ev_charger.png.png?width=3000"",""has_quantity_discount"":false,""scraped_at"":""2026-07-04T09:59:44.098Z""}"
Krannich Solar;1762062;1762062;IDC180E;DC nabíjecí stanice 2 x 180 kW;Nabíjecí stanice;Sungrow;765440.89;21;ks;https://shop.krannich-solar.com/cs-cz/IDC180E/1762062;0 ks na skladě, možné naskladnění: 14.10.2026;"{""categories"":[""Nabíjecí stanice""],""price_raw"":""765 440,89 Kč*"",""price_per_wp_raw"":"""",""price_per_wp_czk_without_vat"":null,""properties"":{""Jmenovitý nabíjecí výkon (kW)"":""180.00"",""Nabíjecí výkon na nabíjecí místo (kW)"":""180.00"",""Počet nabíjecích bodů"":""2""},""image_url"":""https://cdn.shop.krannich-solar.com/media/c8/45/8d/1771598218/1762062_c_5_0_0_c5006f35f1fef2d27b43faee253e03cdd0c7900a_det_cu_sung_idc180e_ev_charger.png.png?width=3000"",""has_quantity_discount"":false,""scraped_at"":""2026-07-04T09:59:46.310Z""}"
Krannich Solar;1759113;1759113;IDC180E;DC nabíjecí stanice 2 x 180 kW;Nabíjecí stanice;Sungrow;721280.9;21;ks;https://shop.krannich-solar.com/cs-cz/IDC180E/1759113;0 ks na skladě, možné naskladnění: 14.10.2026;"{""categories"":[""Nabíjecí stanice""],""price_raw"":""721 280,90 Kč*"",""price_per_wp_raw"":"""",""price_per_wp_czk_without_vat"":null,""properties"":{""Jmenovitý nabíjecí výkon (kW)"":""180.00"",""Nabíjecí výkon na nabíjecí místo (kW)"":""180.00"",""Počet nabíjecích bodů"":""2""},""image_url"":""https://cdn.shop.krannich-solar.com/media/1e/2f/27/1771303306/1759113_b_e_f_b_befb0a6a6e86f0861ff6955303d20daeede4e183_det_cu_sung_idc180e_ev_charger.png.png?width=3000"",""has_quantity_discount"":false,""scraped_at"":""2026-07-04T09:59:46.310Z""}"
Krannich Solar;1762725;1762725;IDC30E;DC nabíjecí stanice 30 kW;Nabíjecí stanice;Sungrow;167064.57;21;ks;https://shop.krannich-solar.com/cs-cz/IDC30E/1762725;0 ks na skladě, možné naskladnění: 14.10.2026;"{""categories"":[""Nabíjecí stanice""],""price_raw"":""167 064,57 Kč*"",""price_per_wp_raw"":"""",""price_per_wp_czk_without_vat"":null,""properties"":{""Jmenovitý nabíjecí výkon (kW)"":""30.00"",""Nabíjecí výkon na nabíjecí místo (kW)"":""30.00"",""Počet nabíjecích bodů"":""1""},""image_url"":""https://cdn.shop.krannich-solar.com/media/8b/79/11/1771598218/1762725_9_a_2_c_9a2cc52f0b24df7a66a7b587a68f581a14851d0e_det_cu_sung_idc30e_ev_charger_1.png.png?width=3000"",""has_quantity_discount"":false,""scraped_at"":""2026-07-04T09:59:46.310Z""}"
Krannich Solar;1762726;1762726;IDC30E;DC nabíjecí stanice 30 kW;Nabíjecí stanice;Sungrow;149407.41;21;ks;https://shop.krannich-solar.com/cs-cz/IDC30E/1762726;0 ks na skladě, možné naskladnění: 14.10.2026;"{""categories"":[""Nabíjecí stanice""],""price_raw"":""149 407,41 Kč*"",""price_per_wp_raw"":"""",""price_per_wp_czk_without_vat"":null,""properties"":{""Jmenovitý nabíjecí výkon (kW)"":""30.00"",""Nabíjecí výkon na nabíjecí místo (kW)"":""30.00"",""Počet nabíjecích bodů"":""1""},""image_url"":""https://cdn.shop.krannich-solar.com/media/83/f0/98/1771303308/1762726_9_a_2_c_9a2cc52f0b24df7a66a7b587a68f581a14851d0e_det_cu_sung_idc30e_ev_charger_1.png.png?width=3000"",""has_quantity_discount"":false,""scraped_at"":""2026-07-04T09:59:46.310Z""}"
Krannich Solar;1754264;1754264;IDC30E_S_A;Stojan pro nabíječky Sungrow IDC30E;Nabíjecí stanice;Sungrow;5485.35;21;ks;https://shop.krannich-solar.com/cs-cz/IDC30E-S-A/1754264;0 ks na skladě, možné naskladnění: 14.10.2026;"{""categories"":[""Nabíjecí stanice""],""price_raw"":""5 485,35 Kč*"",""price_per_wp_raw"":"""",""price_per_wp_czk_without_vat"":null,""properties"":{},""image_url"":""https://cdn.shop.krannich-solar.com/media/f5/eb/9a/1772644418/1754264_3_e_e_b_3eeb55dc26263fd7dad9a0d936bb8da5cd8db3df_det_cua_sung_pole_30kw_dc_ev_charger_1__1_.png.png?width=3000"",""has_quantity_discount"":false,""scraped_at"":""2026-07-04T09:59:46.310Z""}"
Krannich Solar;1763711;1763711;IDC480E-C;DC nabíjecí stanice 4 x 480 kW;Nabíjecí stanice;Sungrow;1175407.3;21;ks;https://shop.krannich-solar.com/cs-cz/IDC480E-C/1763711;0 ks na skladě, možné naskladnění: 14.10.2026;"{""categories"":[""Nabíjecí stanice""],""price_raw"":""1 175 407,30 Kč*"",""price_per_wp_raw"":"""",""price_per_wp_czk_without_vat"":null,""properties"":{""Jmenovitý nabíjecí výkon (kW)"":""480.00"",""Nabíjecí výkon na nabíjecí místo (kW)"":""480.00"",""Počet nabíjecích bodů"":""2""},""image_url"":""https://cdn.shop.krannich-solar.com/media/94/e8/a0/1774043518/1763711_9_f_c_1_9fc1cbf5adf8837517b2b59325391713e3ccac84_det_cu_sung_idc480e_c.png.png?width=3000"",""has_quantity_discount"":false,""scraped_at"":""2026-07-04T09:59:46.310Z""}"
Krannich Solar;1763681;1763681;IDC480E-C;DC nabíjecí stanice 4 x 480 kW;Nabíjecí stanice;Sungrow;1201527.46;21;ks;https://shop.krannich-solar.com/cs-cz/IDC480E-C/1763681;0 ks na skladě, možné naskladnění: 14.10.2026;"{""categories"":[""Nabíjecí stanice""],""price_raw"":""1 201 527,46 Kč*"",""price_per_wp_raw"":"""",""price_per_wp_czk_without_vat"":null,""properties"":{""Jmenovitý nabíjecí výkon (kW)"":""480.00"",""Nabíjecí výkon na nabíjecí místo (kW)"":""480.00"",""Počet nabíjecích bodů"":""2""},""image_url"":""https://cdn.shop.krannich-solar.com/media/17/c2/7e/1774043518/1763681_9_f_c_1_9fc1cbf5adf8837517b2b59325391713e3ccac84_det_cu_sung_idc480e_c.png.png?width=3000"",""has_quantity_discount"":false,""scraped_at"":""2026-07-04T09:59:46.310Z""}"
Krannich Solar;1763751;1763751;Payment Terminal;Platební terminál;Nabíjecí stanice;Sungrow;23508.19;21;ks;https://shop.krannich-solar.com/cs-cz/Payment-Terminal/1763751;0 ks na skladě, možné naskladnění: 14.10.2026;"{""categories"":[""Nabíjecí stanice""],""price_raw"":""23 508,19 Kč*"",""price_per_wp_raw"":"""",""price_per_wp_czk_without_vat"":null,""properties"":{},""image_url"":"""",""has_quantity_discount"":false,""scraped_at"":""2026-07-04T09:59:46.309Z""}"
Krannich Solar;1762273;1762273;Stand column for AC charger;Stojan pro nabíječky Sungrow;Nabíjecí stanice;Sungrow;2179.59;21;ks;https://shop.krannich-solar.com/cs-cz/Stand-column-for-AC-charger/1762273;0 ks na skladě, možné naskladnění: 29.07.2026;"{""categories"":[""Nabíjecí stanice""],""price_raw"":""2 179,59 Kč*"",""price_per_wp_raw"":"""",""price_per_wp_czk_without_vat"":null,""properties"":{},""image_url"":""https://cdn.shop.krannich-solar.com/media/ab/01/58/1772644423/1762273_8_e_5_6_8e563def19f804a55f6bf20d089b55bb47809698_det_cua_sung_stand_for_ac_charger.png.png?width=3000"",""has_quantity_discount"":false,""scraped_at"":""2026-07-04T09:59:44.098Z""}"
Krannich Solar;1761784;1761784;POWER OPTIMIZER M600-E;Výkonový optimizér;Optimizéry;BRC Solar;;21;ks;https://shop.krannich-solar.com/cs-cz/POWER-OPTIMIZER-M600-E/1761784;;"{""categories"":[""Optimizéry""],""price_raw"":"""",""price_per_wp_raw"":"""",""price_per_wp_czk_without_vat"":null,""properties"":{""Max. vstupní napětí DC (V)"":""70.00""},""image_url"":""https://cdn.shop.krannich-solar.com/media/75/e8/a0/1776265376/1761784_a_8_d_f_a8df97828ea5828bc5163dfb3c62976c191c6258_det_opt_brc_M600_new_08_07_2025.png.png?width=3000"",""has_quantity_discount"":false,""scraped_at"":""2026-07-04T09:57:50.298Z""}"
Krannich Solar;1758104;1758104;POWER OPTIMIZER M600-M;Výkonový optimizér;Optimizéry;BRC Solar;;21;ks;https://shop.krannich-solar.com/cs-cz/POWER-OPTIMIZER-M600-M/1758104;;"{""categories"":[""Optimizéry""],""price_raw"":"""",""price_per_wp_raw"":"""",""price_per_wp_czk_without_vat"":null,""properties"":{""Max. vstupní napětí DC (V)"":""70.00""},""image_url"":""https://cdn.shop.krannich-solar.com/media/a0/97/64/1776265377/1758104_a_8_d_f_a8df97828ea5828bc5163dfb3c62976c191c6258_det_opt_brc_M600_new_08_07_2025.png.png?width=3000"",""has_quantity_discount"":false,""scraped_at"":""2026-07-04T09:57:50.298Z""}"
Krannich Solar;1763349;1763349;Power Optimizer M700-E;Výkonový optimizér;Optimizéry;BRC Solar;;21;ks;https://shop.krannich-solar.com/cs-cz/Power-Optimizer-M700-E/1763349;;"{""categories"":[""Optimizéry""],""price_raw"":"""",""price_per_wp_raw"":"""",""price_per_wp_czk_without_vat"":null,""properties"":{""Max. vstupní napětí DC (V)"":""70.00""},""image_url"":""https://cdn.shop.krannich-solar.com/media/48/82/1e/1776265370/1763349_0_d_4_6_0d46e969d5869270d6e600511413dd36478d950e_det_opt_brc_M700_E.png.png?width=3000"",""has_quantity_discount"":false,""scraped_at"":""2026-07-04T09:57:50.298Z""}"
Krannich Solar;1753887;1753887;MERC-1100W-P;Výkonový optimizér;Optimizéry;Huawei;1398.5;21;ks;https://shop.krannich-solar.com/cs-cz/MERC-1100W-P/1753887;187 ks na skladě, možné naskladnění: 02.09.2026;"{""categories"":[""Optimizéry""],""price_raw"":""1 398,50 Kč*"",""price_per_wp_raw"":"""",""price_per_wp_czk_without_vat"":null,""properties"":{""Max. vstupní napětí DC (V)"":""125.00""},""image_url"":""https://cdn.shop.krannich-solar.com/media/f8/ca/86/1755302232/1753887_b_4_3_e_b43e48934a7eba624f9d15e483070923f4d6ef54_MERC_Smart_PV_Optimizer.jpg.jpg?width=3000"",""has_quantity_discount"":false,""scraped_at"":""2026-07-04T09:57:47.967Z""}"
Krannich Solar;1754604;1754604;MERC-1100W-P;Výkonový optimizér;Optimizéry;Huawei;;21;ks;https://shop.krannich-solar.com/cs-cz/MERC-1100W-P/1754604;;"{""categories"":[""Optimizéry""],""price_raw"":"""",""price_per_wp_raw"":"""",""price_per_wp_czk_without_vat"":null,""properties"":{""Max. vstupní napětí DC (V)"":""125.00""},""image_url"":""https://cdn.shop.krannich-solar.com/media/ef/9c/3b/1750077350/1754604_d_a_7_2_da72d2fdfa1024822cda7deb5323d6f2856edb15_iva_hu_smart_pvotimizer_1100_1300W_P.png.png?width=3000"",""has_quantity_discount"":false,""scraped_at"":""2026-07-04T09:57:50.298Z""}"
Krannich Solar;1754610;1754610;MERC-1300W-P;Výkonový optimizér;Optimizéry;Huawei;1472.22;21;ks;https://shop.krannich-solar.com/cs-cz/MERC-1300W-P/1754610;180 ks na skladě, možné naskladnění: 02.09.2026;"{""categories"":[""Optimizéry""],""price_raw"":""1 472,22 Kč*"",""price_per_wp_raw"":"""",""price_per_wp_czk_without_vat"":null,""properties"":{""Max. vstupní napětí DC (V)"":""125.00""},""image_url"":""https://cdn.shop.krannich-solar.com/media/37/50/b2/1750077346/1754610_d_a_7_2_da72d2fdfa1024822cda7deb5323d6f2856edb15_iva_hu_smart_pvotimizer_1100_1300W_P.png.png?width=3000"",""has_quantity_discount"":false,""scraped_at"":""2026-07-04T09:57:47.967Z""}"
Krannich Solar;1761736;1761736;MERC-600W-PA0;Výkonový optimizér;Optimizéry;Huawei;907.92;21;ks;https://shop.krannich-solar.com/cs-cz/MERC-600W-PA0/1761736;107 ks na skladě, možné naskladnění: 12.08.2026;"{""categories"":[""Optimizéry""],""price_raw"":""907,92 Kč*"",""price_per_wp_raw"":"""",""price_per_wp_czk_without_vat"":null,""properties"":{""Max. vstupní napětí DC (V)"":""80.00""},""image_url"":""https://cdn.shop.krannich-solar.com/media/b4/39/26/1769603807/1761736_a_4_a_7_a4a7797d8c18f8740dbe0d61d8e1e031e8673ef2_det_iva_hu_pv_optimizer_merc_600w_pa0.png.png?width=3000"",""has_quantity_discount"":false,""scraped_at"":""2026-07-04T09:57:47.967Z""}"
Krannich Solar;1752275;1752275;SUN2000P-450W-P2;Výkonový optimizér;Optimizéry;Huawei;834.2;21;ks;https://shop.krannich-solar.com/cs-cz/SUN2000P-450W-P2/1752275;520 ks na skladě, možné naskladnění: 05.08.2026;"{""categories"":[""Optimizéry""],""price_raw"":""834,20 Kč*"",""price_per_wp_raw"":"""",""price_per_wp_czk_without_vat"":null,""properties"":{""Max. vstupní napětí DC (V)"":""80.00""},""image_url"":""https://cdn.shop.krannich-solar.com/media/0a/b7/0f/1750077211/1752275_9_0_8_8_9088636c066a3e260ea62d0f6a5aa4357ab3141c_iva_hu_smart_pvotimizer_sun2000p_450w_p.jpeg.jpg.jpg?width=3000"",""has_quantity_discount"":false,""scraped_at"":""2026-07-04T09:57:47.967Z""}"
Krannich Solar;1753537;1753537;S1000-1GM4MBT;Výkonový optimizér;Optimizéry;SolarEdge;;21;ks;https://shop.krannich-solar.com/cs-cz/S1000-1GM4MBT/1753537;;"{""categories"":[""Optimizéry""],""price_raw"":"""",""price_per_wp_raw"":"""",""price_per_wp_czk_without_vat"":null,""properties"":{""Max. vstupní napětí DC (V)"":""125.00""},""image_url"":""https://cdn.shop.krannich-solar.com/media/4a/e4/6e/1750077297/1753537_6_c_7_f_6c7fd79abd991dddc147e105a4773b6f40689bfa_det_iva_se_power_optimizer_s1200.jpg.jpg?width=3000"",""has_quantity_discount"":false,""scraped_at"":""2026-07-04T09:57:50.298Z""}"
Krannich Solar;1753539;1753539;S1000-1GMXMBT;Výkonový optimizér;Optimizéry;SolarEdge;;21;ks;https://shop.krannich-solar.com/cs-cz/S1000-1GMXMBT/1753539;;"{""categories"":[""Optimizéry""],""price_raw"":"""",""price_per_wp_raw"":"""",""price_per_wp_czk_without_vat"":null,""properties"":{""Max. vstupní napětí DC (V)"":""125.00""},""image_url"":""https://cdn.shop.krannich-solar.com/media/81/30/d7/1750077289/1753539_6_c_7_f_6c7fd79abd991dddc147e105a4773b6f40689bfa_det_iva_se_power_optimizer_s1200.jpg.jpg?width=3000"",""has_quantity_discount"":false,""scraped_at"":""2026-07-04T09:57:50.298Z""}"
Krannich Solar;1752092;1752092;S1200-1GM4MBV;Výkonový optimizér;Optimizéry;SolarEdge;;21;ks;https://shop.krannich-solar.com/cs-cz/S1200-1GM4MBV/1752092;;"{""categories"":[""Optimizéry""],""price_raw"":"""",""price_per_wp_raw"":"""",""price_per_wp_czk_without_vat"":null,""properties"":{""Max. vstupní napětí DC (V)"":""125.00""},""image_url"":""https://cdn.shop.krannich-solar.com/media/05/5d/f6/1750077205/1752092_5_a_d_7_5ad763df216a2405f528d8d27a7258a738646514_det_iva_se_power_optimizer_s1200.jpg.jpg?width=3000"",""has_quantity_discount"":false,""scraped_at"":""2026-07-04T09:57:50.298Z""}"
Krannich Solar;1753190;1753190;S1200-1GMYMBV;Výkonový optimizér;Optimizéry;SolarEdge;1298.1;21;ks;https://shop.krannich-solar.com/cs-cz/S1200-1GMYMBV/1753190;12 ks na skladě, možné naskladnění: 05.08.2026;"{""categories"":[""Optimizéry""],""price_raw"":""1 298,10 Kč*"",""price_per_wp_raw"":"""",""price_per_wp_czk_without_vat"":null,""properties"":{""Max. vstupní napětí DC (V)"":""125.00""},""image_url"":""https://cdn.shop.krannich-solar.com/media/26/84/27/1750077278/1753190_6_c_7_f_6c7fd79abd991dddc147e105a4773b6f40689bfa_det_iva_se_power_optimizer_s1200.jpg.jpg?width=3000"",""has_quantity_discount"":false,""scraped_at"":""2026-07-04T09:57:47.968Z""}"
Krannich Solar;1756281;1756281;S1400-1GM4MBWD;Výkonový optimizér;Optimizéry;SolarEdge;1635.66;21;ks;https://shop.krannich-solar.com/cs-cz/S1400-1GM4MBWD/1756281;109 ks na skladě, poslední kusy;"{""categories"":[""Optimizéry"",""Výprodej""],""price_raw"":""1 635,66 Kč*"",""price_per_wp_raw"":"""",""price_per_wp_czk_without_vat"":null,""properties"":{""Max. vstupní napětí DC (V)"":""125.00""},""image_url"":""https://cdn.shop.krannich-solar.com/media/e0/34/53/1750077446/1756281_1_9_0_6_1906e51a8863508a6b527e8c0058f9cbabbf0498_det_iva_se_power_optimizer_s1200_s1400_short_input.png.png?width=3000"",""has_quantity_discount"":false,""scraped_at"":""2026-07-04T09:57:47.967Z""}"
Krannich Solar;1744662;1744662;S440-1GM4MRM;Výkonový optimizér;Optimizéry;SolarEdge;;21;ks;https://shop.krannich-solar.com/cs-cz/S440-1GM4MRM/1744662;;"{""categories"":[""Optimizéry""],""price_raw"":"""",""price_per_wp_raw"":"""",""price_per_wp_czk_without_vat"":null,""properties"":{""Max. vstupní napětí DC (V)"":""60.00""},""image_url"":""https://cdn.shop.krannich-solar.com/media/7d/fe/3f/1750078000/1744662_5_1_c_5_51c51db2fe88694a6743b771571f39363972aecc_det_iva_se_power_optimizer_s440_500.jpg.jpg?width=3000"",""has_quantity_discount"":false,""scraped_at"":""2026-07-04T09:57:50.298Z""}"
Krannich Solar;1761602;1761602;S500-1DM4MRM;Výkonový optimizér;Optimizéry;SolarEdge;;21;ks;https://shop.krannich-solar.com/cs-cz/S500-1DM4MRM/1761602;;"{""categories"":[""Optimizéry""],""price_raw"":"""",""price_per_wp_raw"":"""",""price_per_wp_czk_without_vat"":null,""properties"":{""Max. vstupní napětí DC (V)"":""60.00""},""image_url"":""https://cdn.shop.krannich-solar.com/media/0a/1d/10/1781297482/1761602_5_0_c_c_50cc98c0a41d1faceba4e9e732af1ad55993034a_det_iva_se_power_optimizer_s440_500.jpg.jpg?width=3000"",""has_quantity_discount"":false,""scraped_at"":""2026-07-04T09:57:50.298Z""}"
Krannich Solar;1757950;1757950;S500B-1GM4MBM;Výkonový optimizér;Optimizéry;SolarEdge;;21;ks;https://shop.krannich-solar.com/cs-cz/S500B-1GM4MBM/1757950;;"{""categories"":[""Optimizéry""],""price_raw"":"""",""price_per_wp_raw"":"""",""price_per_wp_czk_without_vat"":null,""properties"":{""Max. vstupní napětí DC (V)"":""125.00""},""image_url"":""https://cdn.shop.krannich-solar.com/media/ce/41/39/1750077754/1757950_d_0_e_6_d0e646e62e6679f5f0ca019d00cb9171796ed2c3_det_iva_se_power_optimizer_s500b.jpg.jpg?width=3000"",""has_quantity_discount"":false,""scraped_at"":""2026-07-04T09:57:50.298Z""}"
Krannich Solar;1758482;1758482;S650A-1DM4MBM;Výkonový optimizér;Optimizéry;SolarEdge;;21;ks;https://shop.krannich-solar.com/cs-cz/S650A-1DM4MBM/1758482;;"{""categories"":[""Optimizéry""],""price_raw"":"""",""price_per_wp_raw"":"""",""price_per_wp_czk_without_vat"":null,""properties"":{""Max. vstupní napětí DC (V)"":""80.00""},""image_url"":""https://cdn.shop.krannich-solar.com/media/28/cf/8c/1762951019/1758482_9_0_c_d_90cdaf7592a9d6759ca6c8a589bb03b2f45af28c_det_iva_se_power_optimizer_s650a.jpg.jpg?width=3000"",""has_quantity_discount"":false,""scraped_at"":""2026-07-04T09:57:50.298Z""}"
Krannich Solar;1720456;1720456;SMI-35 SAFETY+MONITORING INTERFACE;Rozhraní pro monitorování SE;Optimizéry;SolarEdge;2679.63;21;ks;https://shop.krannich-solar.com/cs-cz/SMI-35-SAFETY-MONITORING-INTERFACE/1720456;28 ks na skladě, možné naskladnění: 22.07.2026;"{""categories"":[""Optimizéry"",""Příslušenství"",""Výprodej""],""price_raw"":""2 679,63 Kč*"",""price_per_wp_raw"":"""",""price_per_wp_czk_without_vat"":null,""properties"":{},""image_url"":""https://cdn.shop.krannich-solar.com/media/a0/f5/74/1750173964/1720456_8_9_d_7_89d74541f40ed1c357baf5dd8feaf03b979412d0_det_dci_se_smi_35_safety_monitoring_interface.jpg.jpg?width=3000"",""has_quantity_discount"":false,""scraped_at"":""2026-07-04T09:57:47.967Z""}"
Krannich Solar;1754801;1754801;SP600S;Výkonový optimizér;Optimizéry;Sungrow;;21;ks;https://shop.krannich-solar.com/cs-cz/SP600S/1754801;;"{""categories"":[""Optimizéry""],""price_raw"":"""",""price_per_wp_raw"":"""",""price_per_wp_czk_without_vat"":null,""properties"":{""Max. vstupní napětí DC (V)"":""80.00""},""image_url"":""https://cdn.shop.krannich-solar.com/media/12/88/f8/1750077354/1754801_b_d_d_5_bdd5098ce9590e7afee37e025fc2c1c62cf1e0d0_det_iva_sung_optimizer_sp600s.png.png?width=3000"",""has_quantity_discount"":false,""scraped_at"":""2026-07-04T09:57:50.298Z""}"
Krannich Solar;1731542;1731542;Cloud Connect Advanced (CCA);Datový záznamník a bezdrátový přístupový bod;Optimizéry;Tigo Energy;3023.01;21;ks;https://shop.krannich-solar.com/cs-cz/Cloud-Connect-Advanced-CCA/1731542;370 ks na skladě, možné naskladnění: 05.08.2026;"{""categories"":[""Optimizéry"",""Příslušenství""],""price_raw"":""3 023,01 Kč*"",""price_per_wp_raw"":"""",""price_per_wp_czk_without_vat"":null,""properties"":{},""image_url"":""https://cdn.shop.krannich-solar.com/media/8c/04/f2/1750077858/1731542_7_4_f_4_74f42e88df615ab31bd679ca0b26e9bd878fee3f_det_iva_ti_cloud_connect_advanced_kit_tap__din_rail_.png.png?width=3000"",""has_quantity_discount"":false,""scraped_at"":""2026-07-04T09:57:47.967Z""}"
Krannich Solar;1755399;1755399;RSS TRANSMITTER;Rapid shutdown s technologií Pure Signal™;Optimizéry;Tigo Energy;1989.96;21;ks;https://shop.krannich-solar.com/cs-cz/RSS-TRANSMITTER/1755399;21 ks na skladě, možné naskladnění: 28.07.2026;"{""categories"":[""Optimizéry"",""Příslušenství""],""price_raw"":""1 989,96 Kč*"",""price_per_wp_raw"":"""",""price_per_wp_czk_without_vat"":null,""properties"":{""Max. vstupní napětí DC (V)"":""1500.00""},""image_url"":""https://cdn.shop.krannich-solar.com/media/fb/81/f6/1750077371/1755399_1_0_a_d_10ad79d5003649951124540af29d7dad23aada11_RSS_KIT.png.png?width=3000"",""has_quantity_discount"":false,""scraped_at"":""2026-07-04T09:57:47.967Z""}"
Krannich Solar;1731543;1731543;TIGO ACCESS POINT (TAP);Přístupový bod pro Cloud Connect Advanced (CCA);Optimizéry;Tigo Energy;742.05;21;ks;https://shop.krannich-solar.com/cs-cz/TIGO-ACCESS-POINT-TAP/1731543;301 ks na skladě, možné naskladnění: 05.08.2026;"{""categories"":[""Optimizéry"",""Příslušenství""],""price_raw"":""742,05 Kč*"",""price_per_wp_raw"":"""",""price_per_wp_czk_without_vat"":null,""properties"":{},""image_url"":""https://cdn.shop.krannich-solar.com/media/07/a6/0b/1750077862/1731543_6_1_a_8_61a8765ce269541b145af8cbc628d0dd3f241b00_det_iva_ti_tigo_access_point__tap_.png.png?width=3000"",""has_quantity_discount"":false,""scraped_at"":""2026-07-04T09:57:47.967Z""}"
Krannich Solar;1761520;1761520;TS4-A-2F FIRE SAFETY (ORANGE) 1000W;Jednotka pro rychlé odpojení dvou panelů;Optimizéry;Tigo Energy;758.06;21;ks;https://shop.krannich-solar.com/cs-cz/TS4-A-2F-FIRE-SAFETY-ORANGE-1000W/1761520;777 ks na skladě, možné naskladnění: 30.09.2026;"{""categories"":[""Optimizéry"",""Příslušenství""],""price_raw"":""758,06 Kč*"",""price_per_wp_raw"":"""",""price_per_wp_czk_without_vat"":null,""properties"":{""Max. vstupní napětí DC (V)"":""80.00""},""image_url"":""https://cdn.shop.krannich-solar.com/media/78/d2/29/1752219381/1761520_4_9_1_1_49112a00ec778286aad913a8c66e0bf371561e54_det_iva_ti_ts4_a_2f.png.png?width=3000"",""has_quantity_discount"":false,""scraped_at"":""2026-07-04T09:57:47.966Z""}"
Krannich Solar;1761902;1761902;TS4-A-2F FIRE SAFETY (ORANGE) 1400W;Jednotka pro rychlé odpojení dvou panelů;Optimizéry;Tigo Energy;798.8;21;ks;https://shop.krannich-solar.com/cs-cz/TS4-A-2F-FIRE-SAFETY-ORANGE-1400W/1761902;595 ks na skladě, možné naskladnění: 28.07.2026;"{""categories"":[""Optimizéry"",""Příslušenství""],""price_raw"":""798,80 Kč*"",""price_per_wp_raw"":"""",""price_per_wp_czk_without_vat"":null,""properties"":{},""image_url"":""https://cdn.shop.krannich-solar.com/media/3f/67/22/1754303628/1761902_2_d_5_e_2d5e1c70926a4fd2ff90846998560573425bf8d3_62d1a33c7cf94e2c746f7e12_TS4_A_2F_outlined_lowres_p_500.png.png?width=3000"",""has_quantity_discount"":false,""scraped_at"":""2026-07-04T09:57:47.967Z""}"
Krannich Solar;1759794;1759794;TS4-A-O;Optimizér s funkcemi odpojení panelu a monitoringu;Optimizéry;Tigo Energy;684.58;21;ks;https://shop.krannich-solar.com/cs-cz/TS4-A-O/1759794;5521 ks na skladě, možné naskladnění: 05.08.2026;"{""categories"":[""Optimizéry""],""price_raw"":""684,58 Kč*"",""price_per_wp_raw"":"""",""price_per_wp_czk_without_vat"":null,""properties"":{""Max. vstupní napětí DC (V)"":""80.00""},""image_url"":""https://cdn.shop.krannich-solar.com/media/3e/0a/35/1754303627/1759794_a_1_8_8_a18862f0557dda068b59ca53fa88cab9e3f814a5_det_iva_ti_ts4_a_o.jpg.jpg?width=3000"",""has_quantity_discount"":false,""scraped_at"":""2026-07-04T09:57:47.966Z""}"
Krannich Solar;1763542;1763542;TS4-A-O;Optimizér s funkcemi odpojení panelu a monitoringu;Optimizéry;Tigo Energy;693.07;21;ks;https://shop.krannich-solar.com/cs-cz/TS4-A-O/1763542;612 ks na skladě, možné naskladnění: 05.08.2026;"{""categories"":[""Optimizéry""],""price_raw"":""693,07 Kč*"",""price_per_wp_raw"":"""",""price_per_wp_czk_without_vat"":null,""properties"":{""Max. vstupní napětí DC (V)"":""80.00""},""image_url"":""https://cdn.shop.krannich-solar.com/media/10/f0/92/1770386869/1763542_e_0_4_4_e044dfd7e9cabf32af41c8bc5fc53c8f6e9c94cb_det_iva_ti__ts4_a_o.png.png?width=3000"",""has_quantity_discount"":false,""scraped_at"":""2026-07-04T09:57:47.967Z""}"
Krannich Solar;1759852;1759852;TS4-A-S;Jednotka pro monitoring a rychlé odpojení panelu;Optimizéry;Tigo Energy;499.55;21;ks;https://shop.krannich-solar.com/cs-cz/TS4-A-S/1759852;1997 ks na skladě, možné naskladnění: 05.08.2026;"{""categories"":[""Optimizéry"",""Příslušenství""],""price_raw"":""499,55 Kč*"",""price_per_wp_raw"":"""",""price_per_wp_czk_without_vat"":null,""properties"":{""Max. vstupní napětí DC (V)"":""90.00""},""image_url"":""https://cdn.shop.krannich-solar.com/media/a4/da/08/1754295722/1759852_d_e_6_5_de65661f29afcab20df390466ad143f48dcd0594_det_iva_ti_ts4_r_a_s.jpg.jpg?width=3000"",""has_quantity_discount"":false,""scraped_at"":""2026-07-04T09:57:47.966Z""}"
Krannich Solar;1759795;1759795;TS4-X-O OPTIMIZATION (YELLOW) 800W MC4;Optimizér s funkcemi odpojení panelu a monitoringu;Optimizéry;Tigo Energy;980.43;21;ks;https://shop.krannich-solar.com/cs-cz/TS4-X-O-OPTIMIZATION-YELLOW-800W-MC4/1759795;616 ks na skladě, možné naskladnění: 05.08.2026;"{""categories"":[""Optimizéry""],""price_raw"":""980,43 Kč*"",""price_per_wp_raw"":"""",""price_per_wp_czk_without_vat"":null,""properties"":{""Max. vstupní napětí DC (V)"":""80.00""},""image_url"":""https://cdn.shop.krannich-solar.com/media/7c/cc/5f/1754303627/1759795_2_b_d_3_2bd37ef7810d472a9c3553b3beec9e411deb48a7_det_iva_ti_ts4_x_o.png.png?width=3000"",""has_quantity_discount"":false,""scraped_at"":""2026-07-04T09:57:47.966Z""}"
Krannich Solar;1764868;1764868;TS4-X-S SAFETY (RED) 800W EVO2;Jednotka pro monitoring a rychlé odpojení panelu;Optimizéry;Tigo Energy;;21;ks;https://shop.krannich-solar.com/cs-cz/TS4-X-S-SAFETY-RED-800W-EVO2/1764868;;"{""categories"":[""Optimizéry""],""price_raw"":"""",""price_per_wp_raw"":"""",""price_per_wp_czk_without_vat"":null,""properties"":{""Max. vstupní napětí DC (V)"":""80.00""},""image_url"":""https://cdn.shop.krannich-solar.com/media/a9/df/ca/1781693673/1764868_c_1_a_9_c1a9b2e530656d0a335c0c84c316665849c9bfe6_det_iva_ti_ts4_x_s.png.png?width=3000"",""has_quantity_discount"":false,""scraped_at"":""2026-07-04T09:57:50.298Z""}"
Krannich Solar;1762885;1762885;TS4-X-S SAFETY (RED) 800W MC4;Jednotka pro monitoring a rychlé odpojení panelu;Optimizéry;Tigo Energy;658.63;21;ks;https://shop.krannich-solar.com/cs-cz/TS4-X-S-SAFETY-RED-800W-MC4/1762885;102 ks na skladě, možné naskladnění: 30.09.2026;"{""categories"":[""Optimizéry""],""price_raw"":""658,63 Kč*"",""price_per_wp_raw"":"""",""price_per_wp_czk_without_vat"":null,""properties"":{""Max. vstupní napětí DC (V)"":""80.00""},""image_url"":""https://cdn.shop.krannich-solar.com/media/9e/f8/af/1763978793/1762885_c_1_a_9_c1a9b2e530656d0a335c0c84c316665849c9bfe6_det_iva_ti_ts4_x_s.png.png?width=3000"",""has_quantity_discount"":false,""scraped_at"":""2026-07-04T09:57:47.967Z""}"
Krannich Solar;1755398;1755398;Vysílač RSS;;Optimizéry;Tigo Energy;758.3;21;ks;https://shop.krannich-solar.com/cs-cz/Vysilac-RSS/1755398;966 ks na skladě, možné naskladnění: 30.09.2026;"{""categories"":[""Optimizéry"",""Příslušenství""],""price_raw"":""758,30 Kč*"",""price_per_wp_raw"":"""",""price_per_wp_czk_without_vat"":null,""properties"":{""Max. vstupní napětí DC (V)"":""1500.00""},""image_url"":""https://cdn.shop.krannich-solar.com/media/f6/b7/31/1750077370/1755398_a_3_0_8_a3081978398acfc458c03d77dd3a03e535ffd8c6_490_00000_52.png.png?width=3000"",""has_quantity_discount"":false,""scraped_at"":""2026-07-04T09:57:47.966Z""}"
Krannich Solar;1764026;1764026;A-Z ROOF SPD2 T1+T2 2+0 1010 VDC;Svodič přepětí pro venkovní použití;Příslušenství;A-Z Traders;2576.32;21;ks;https://shop.krannich-solar.com/cs-cz/A-Z-ROOF-SPD2-T1-T2-2-0-1010-VDC/1764026;5 ks na skladě, možné naskladnění: 09.07.2026;"{""categories"":[""Příslušenství""],""price_raw"":""2 576,32 Kč*"",""price_per_wp_raw"":"""",""price_per_wp_czk_without_vat"":null,""properties"":{},""image_url"":""https://cdn.shop.krannich-solar.com/media/c4/e1/a6/1774428759/1764026_e_0_c_e_e0ce87147967fec4880544e2638d72ce1a03e1cf_det_sp_az_spd2_t1_t2_dc_2.png.png?width=3000"",""has_quantity_discount"":false,""scraped_at"":""2026-07-04T10:00:43.013Z""}"
Krannich Solar;1764027;1764027;A-Z ROOF SPD2 T1+T2 2+3 1010 VDC;Svodič přepětí pro venkovní použití;Příslušenství;A-Z Traders;3866.91;21;ks;https://shop.krannich-solar.com/cs-cz/A-Z-ROOF-SPD2-T1-T2-2-3-1010-VDC/1764027;0 ks na skladě, možné naskladnění: 09.07.2026;"{""categories"":[""Příslušenství""],""price_raw"":""3 866,91 Kč*"",""price_per_wp_raw"":"""",""price_per_wp_czk_without_vat"":null,""properties"":{},""image_url"":""https://cdn.shop.krannich-solar.com/media/a4/e2/29/1774430560/1764027_4_5_2_d_452d35595fa15dfae6fa2878db410f382b62a460_det_sp_az_spd2_t1_t2_dc2_3_2.png.png?width=3000"",""has_quantity_discount"":false,""scraped_at"":""2026-07-04T10:00:45.352Z""}"
Krannich Solar;1764028;1764028;A-Z ROOF SPD2 T1+T2 2+4 1010 VDC;Svodič přepětí pro venkovní použití;Příslušenství;A-Z Traders;4511.71;21;ks;https://shop.krannich-solar.com/cs-cz/A-Z-ROOF-SPD2-T1-T2-2-4-1010-VDC/1764028;0 ks na skladě, možné naskladnění: 09.07.2026;"{""categories"":[""Příslušenství""],""price_raw"":""4 511,71 Kč*"",""price_per_wp_raw"":"""",""price_per_wp_czk_without_vat"":null,""properties"":{},""image_url"":""https://cdn.shop.krannich-solar.com/media/59/7b/cf/1774430561/1764028_5_6_a_3_56a3fad1a17d98201014b2fa7febcb4c218a8204_det_sp_az_spd2_t1_t2_dc2_4_2.png.png?width=3000"",""has_quantity_discount"":false,""scraped_at"":""2026-07-04T10:00:45.351Z""}"
Krannich Solar;1754903;1754903;AZ Water Inverter;Systém pro fotovoltaický ohřev vody;Příslušenství;A-Z Traders;5323.12;21;ks;https://shop.krannich-solar.com/cs-cz/AZ-Water-Inverter/1754903;2 ks na skladě, možné naskladnění: 09.07.2026;"{""categories"":[""Příslušenství""],""price_raw"":""5 323,12 Kč*"",""price_per_wp_raw"":"""",""price_per_wp_czk_without_vat"":null,""properties"":{},""image_url"":""https://cdn.shop.krannich-solar.com/media/3f/85/67/1773579093/1754903_8_0_d_6_80d698a59e2c412ef4f52f500bd750c66decdd80_det_az_wi.png.png?width=3000"",""has_quantity_discount"":false,""scraped_at"":""2026-07-04T10:00:45.350Z""}"
Krannich Solar;1749823;1749823;AZrouter current transformer;Proudový transformátor pro AZrouter;Příslušenství;A-Z Traders;269.42;21;ks;https://shop.krannich-solar.com/cs-cz/AZrouter-current-transformer/1749823;221 ks na skladě, možné naskladnění: 09.07.2026;"{""categories"":[""Příslušenství""],""price_raw"":""269,42 Kč*"",""price_per_wp_raw"":"""",""price_per_wp_czk_without_vat"":null,""properties"":{},""image_url"":""https://cdn.shop.krannich-solar.com/media/55/c1/0a/1750077584/1749823_a_b_9_d_ab9d6feb9b65a92cd13d35fa888f1f4de10c1417_Proudov___transform__tor.jpg.jpg?width=3000"",""has_quantity_discount"":false,""scraped_at"":""2026-07-04T10:00:38.130Z""}"
Krannich Solar;1749824;1749824;AZrouter external antena;Externí anténa pro AZrouter;Příslušenství;A-Z Traders;250.75;21;ks;https://shop.krannich-solar.com/cs-cz/AZrouter-external-antena/1749824;0 ks na skladě, možné naskladnění: 09.07.2026;"{""categories"":[""Příslušenství""],""price_raw"":""250,75 Kč*"",""price_per_wp_raw"":"""",""price_per_wp_czk_without_vat"":null,""properties"":{},""image_url"":""https://cdn.shop.krannich-solar.com/media/46/b0/5a/1750077585/1749824_7_e_4_c_7e4c73e1d5d22becb9904dd81a7a75f2f905a21d_externi_antena.jpg.jpg?width=3000"",""has_quantity_discount"":false,""scraped_at"":""2026-07-04T10:00:45.352Z""}"
Krannich Solar;1749820;1749820;AZrouter SMART 3F;Sada na ohřev vody z přebytků;Příslušenství;A-Z Traders;6319.79;21;ks;https://shop.krannich-solar.com/cs-cz/AZrouter-SMART-3F/1749820;72 ks na skladě, možné naskladnění: 09.07.2026;"{""categories"":[""Příslušenství""],""price_raw"":""6 319,79 Kč*"",""price_per_wp_raw"":"""",""price_per_wp_czk_without_vat"":null,""properties"":{},""image_url"":""https://cdn.shop.krannich-solar.com/media/4a/7c/65/1750077586/1749820_e_a_a_3_eaa38b7bf4991a57222100f6dcc499be7904f068_az_router_smart_3f_set_prislusenstvi_removebg.png.png?width=3000"",""has_quantity_discount"":false,""scraped_at"":""2026-07-04T10:00:40.575Z""}"
Krannich Solar;1749822;1749822;AZrouter SMART SLAVE;Doplňující jednotka k AZrouter;Příslušenství;A-Z Traders;3605.49;21;ks;https://shop.krannich-solar.com/cs-cz/AZrouter-SMART-SLAVE/1749822;0 ks na skladě, možné naskladnění: 09.07.2026;"{""categories"":[""Příslušenství""],""price_raw"":""3 605,49 Kč*"",""price_per_wp_raw"":"""",""price_per_wp_czk_without_vat"":null,""properties"":{},""image_url"":""https://cdn.shop.krannich-solar.com/media/d8/00/a9/1773579093/1749822_7_2_5_0_7250d38df9cd80d4a0321300b3018643d2830777_2023_01_23_15_04_53_manual_azrouterv2_v4.pdf.jpg.jpg?width=3000"",""has_quantity_discount"":false,""scraped_at"":""2026-07-04T10:00:47.685Z""}"
Krannich Solar;1741881;1741881;Bag with neck strap for PV 1, PV 1-1, PV 2;Přenosný obal;Příslušenství;BENNING;1585.22;21;ks;https://shop.krannich-solar.com/cs-cz/Bag-with-neck-strap-for-PV-1-PV-1-1-PV-2/1741881;0 ks na skladě, možné naskladnění: 22.07.2026;"{""categories"":[""Příslušenství""],""price_raw"":""1 585,22 Kč*"",""price_per_wp_raw"":"""",""price_per_wp_czk_without_vat"":null,""properties"":{},""image_url"":""https://cdn.shop.krannich-solar.com/media/29/7f/65/1772006818/1741881_1_2_0_f_120f941e73c6a92a3390b64d1559f85d97034ed1_det_to_be_shoulder_bag_pv__for_pv_1_1_pv_2_.jpg.jpg?width=3000"",""has_quantity_discount"":false,""scraped_at"":""2026-07-04T10:00:52.401Z""}"
Krannich Solar;1754895;1754895;PV 1-1+;Tester pro fotovoltaické instalace;Příslušenství;BENNING;40597.41;21;ks;https://shop.krannich-solar.com/cs-cz/PV-1-1/1754895;0 ks na skladě, možné naskladnění: 22.07.2026;"{""categories"":[""Příslušenství""],""price_raw"":""40 597,41 Kč*"",""price_per_wp_raw"":"""",""price_per_wp_czk_without_vat"":null,""properties"":{},""image_url"":""https://cdn.shop.krannich-solar.com/media/56/c1/e1/1772006818/1754895_4_b_7_5_4b75441057ea069bed6728ec7613f630cc5d62a8_det_to_be_pv1_1_.png.png?width=3000"",""has_quantity_discount"":false,""scraped_at"":""2026-07-04T10:00:50.115Z""}"
Krannich Solar;1742257;1742257;PV 3;Tester pro fotovoltaické instalace;Příslušenství;BENNING;89808.91;21;ks;https://shop.krannich-solar.com/cs-cz/PV-3/1742257;0 ks na skladě, možné naskladnění: 22.07.2026;"{""categories"":[""Příslušenství""],""price_raw"":""89 808,91 Kč*"",""price_per_wp_raw"":"""",""price_per_wp_czk_without_vat"":null,""properties"":{},""image_url"":""https://cdn.shop.krannich-solar.com/media/54/bf/6e/1772006819/1742257_d_9_7_c_d97cc8b82bf7075e84fe79f09e2e976d53a152df_det_to_be_pv3.jpg.jpg?width=3000"",""has_quantity_discount"":false,""scraped_at"":""2026-07-04T10:00:50.115Z""}"
Krannich Solar;1740299;1740299;PV2;Tester pro fotovoltaické instalace;Příslušenství;BENNING;43233.63;21;ks;https://shop.krannich-solar.com/cs-cz/PV2/1740299;0 ks na skladě, možné naskladnění: 22.07.2026;"{""categories"":[""Příslušenství""],""price_raw"":""43 233,63 Kč*"",""price_per_wp_raw"":"""",""price_per_wp_czk_without_vat"":null,""properties"":{},""image_url"":""https://cdn.shop.krannich-solar.com/media/f4/96/34/1772006820/1740299_a_e_5_e_ae5e7fc53b8ea48c8e0ba3c0afa0d22b5195c172_det_to_be_pv2.jpg.jpg?width=3000"",""has_quantity_discount"":false,""scraped_at"":""2026-07-04T10:00:52.402Z""}"
Krannich Solar;1740003;1740003;PV2 SET;Tester pro fotovoltaické instalace;Příslušenství;BENNING;55732.57;21;ks;https://shop.krannich-solar.com/cs-cz/PV2-SET/1740003;0 ks na skladě, možné naskladnění: 22.07.2026;"{""categories"":[""Příslušenství""],""price_raw"":""55 732,57 Kč*"",""price_per_wp_raw"":"""",""price_per_wp_czk_without_vat"":null,""properties"":{},""image_url"":""https://cdn.shop.krannich-solar.com/media/9f/c9/09/1750077925/1740003_0_8_3_2_08322feb32c9f5714216a7afb8f7b4085d6cdc68_det_to_be_pv2_set.jpg.jpg?width=3000"",""has_quantity_discount"":false,""scraped_at"":""2026-07-04T10:00:52.402Z""}"
Krannich Solar;1741882;1741882;Software Solar-Manager;Aktivační kód pro jednu instalaci;Příslušenství;BENNING;5902.45;21;ks;https://shop.krannich-solar.com/cs-cz/Software-Solar-Manager/1741882;0 ks na skladě, možné naskladnění: 22.07.2026;"{""categories"":[""Příslušenství""],""price_raw"":""5 902,45 Kč*"",""price_per_wp_raw"":"""",""price_per_wp_czk_without_vat"":null,""properties"":{},""image_url"":""https://cdn.shop.krannich-solar.com/media/2f/f6/78/1772006819/1741882_8_f_2_c_8f2c46d05420086bef86d303a9db23803d76a06a_det_to_be_benning_solar_manager.jpg.jpg?width=3000"",""has_quantity_discount"":false,""scraped_at"":""2026-07-04T10:00:50.115Z""}"
Krannich Solar;1740572;1740572;SUN 2;Přístroj na měření osvitu a teploty;Příslušenství;BENNING;11589.08;21;ks;https://shop.krannich-solar.com/cs-cz/SUN-2/1740572;0 ks na skladě, možné naskladnění: 22.07.2026;"{""categories"":[""Příslušenství""],""price_raw"":""11 589,08 Kč*"",""price_per_wp_raw"":"""",""price_per_wp_czk_without_vat"":null,""properties"":{},""image_url"":""https://cdn.shop.krannich-solar.com/media/cc/d1/10/1772006820/1740572_b_9_2_2_b92239cd47fe0586e0939e45e3fe0d2b500c59bd_det_to_be_sun2.jpg.jpg?width=3000"",""has_quantity_discount"":false,""scraped_at"":""2026-07-04T10:00:52.401Z""}"
Krannich Solar;1741110;1741110;TA 5;Měřící kabel;Příslušenství;BENNING;4617.69;21;ks;https://shop.krannich-solar.com/cs-cz/TA-5/1741110;0 ks na skladě, možné naskladnění: 22.07.2026;"{""categories"":[""Příslušenství""],""price_raw"":""4 617,69 Kč*"",""price_per_wp_raw"":"""",""price_per_wp_czk_without_vat"":null,""properties"":{},""image_url"":""https://cdn.shop.krannich-solar.com/media/11/b7/13/1772006817/1741110_d_a_2_9_da290c611d539f140a5cbd1f11ec3ee06d2ad3b3_det_to_be_measuring_cable_ta_5_40m.jpg.jpg?width=3000"",""has_quantity_discount"":false,""scraped_at"":""2026-07-04T10:00:52.401Z""}"
Krannich Solar;1741245;1741245;TRUE RMS CM 11;;Příslušenství;BENNING;8337.39;21;ks;https://shop.krannich-solar.com/cs-cz/TRUE-RMS-CM-11/1741245;0 ks na skladě, možné naskladnění: 22.07.2026;"{""categories"":[""Příslušenství""],""price_raw"":""8 337,39 Kč*"",""price_per_wp_raw"":"""",""price_per_wp_czk_without_vat"":null,""properties"":{},""image_url"":""https://cdn.shop.krannich-solar.com/media/42/02/1f/1772006818/1741245_7_5_2_0_75200c947cb41a88050ee11c0faf17d8cbf0a82c_det_to_be_cm_11_digital_current_clamp_multimeter.jpg.jpg?width=3000"",""has_quantity_discount"":false,""scraped_at"":""2026-07-04T10:00:52.401Z""}"
Krannich Solar;1725819;1725819;RGC1A60D15KKE;Polovodičové relé 20 A;Příslušenství;Carlo Gavazzi;535.93;21;ks;https://shop.krannich-solar.com/cs-cz/RGC1A60D15KKE/1725819;1 ks na skladě, možné naskladnění: 16.07.2026;"{""categories"":[""Příslušenství"",""Výprodej""],""price_raw"":""535,93 Kč*"",""price_per_wp_raw"":"""",""price_per_wp_czk_without_vat"":null,""properties"":{},""image_url"":""https://cdn.shop.krannich-solar.com/media/d6/5b/8e/1750077147/1725819_a_2_4_c_a24c3796800af1226da7328337600c217fea4ee4_Carlo_Gavazzi_RGC1A60D15KKE.jpg.jpg?width=3000"",""has_quantity_discount"":false,""scraped_at"":""2026-07-04T10:00:45.351Z""}"
Krannich Solar;1725561;1725561;RGS1A60D25KKEDIN;Polovodičové relé 10 A;Příslušenství;Carlo Gavazzi;402.07;21;ks;https://shop.krannich-solar.com/cs-cz/RGS1A60D25KKEDIN/1725561;829 ks na skladě, poslední kusy;"{""categories"":[""Příslušenství"",""Výprodej""],""price_raw"":""402,07 Kč*"",""price_per_wp_raw"":"""",""price_per_wp_czk_without_vat"":null,""properties"":{},""image_url"":""https://cdn.shop.krannich-solar.com/media/9a/d5/d6/1750077148/1725561_7_1_9_0_7190d9e4a7e573700b314f514c3a3cebc74c51fb_det_iva_cg_rgs1a60d25kkedin.png.png?width=3000"",""has_quantity_discount"":false,""scraped_at"":""2026-07-04T10:00:38.130Z""}"
Krannich Solar;1753741;1753741;E90-DTU-400SL30;Převodník signálu RS232/485 na 433 MHz;Příslušenství;Ebyte;577.15;21;ks;https://shop.krannich-solar.com/cs-cz/E90-DTU-400SL30/1753741;25 ks na skladě, poslední kusy;"{""categories"":[""Příslušenství"",""Výprodej""],""price_raw"":""577,15 Kč*"",""price_per_wp_raw"":"""",""price_per_wp_czk_without_vat"":null,""properties"":{},""image_url"":""https://cdn.shop.krannich-solar.com/media/7d/e8/cc/1750077632/1753741_2_c_2_f_2c2f9cc16691689bb6b754773c54ad9cbfa7e334_1744749.jpg.jpg?width=3000"",""has_quantity_discount"":false,""scraped_at"":""2026-07-04T10:00:43.012Z""}"
Krannich Solar;1753742;1753742;TX433-XPL-100;Externí anténa pro převodník signálu E90-DTU;Příslušenství;Ebyte;43.41;21;ks;https://shop.krannich-solar.com/cs-cz/TX433-XPL-100/1753742;23 ks na skladě, poslední kusy;"{""categories"":[""Příslušenství"",""Výprodej""],""price_raw"":""43,41 Kč*"",""price_per_wp_raw"":"""",""price_per_wp_czk_without_vat"":null,""properties"":{},""image_url"":""https://cdn.shop.krannich-solar.com/media/61/13/c8/1750077633/1753742_0_8_c_3_08c3e25f3b5f3772c2396c98cbf19e7426a73644_TX433_XPL_100.jpg.jpg?width=3000"",""has_quantity_discount"":false,""scraped_at"":""2026-07-04T10:00:43.012Z""}"
Krannich Solar;1761911;1761911;E90-DTU-400SL30, bezdrátový přenos RS422/485;Set včetně antény a napájecího zdroje;Příslušenství;Ebyte + T-LED;678.27;21;ks;https://shop.krannich-solar.com/cs-cz/E90-DTU-400SL30-bezdratovy-prenos-RS422-485/1761911;23 ks na skladě, poslední kusy;"{""categories"":[""Příslušenství"",""Výprodej""],""price_raw"":""678,27 Kč*"",""price_per_wp_raw"":"""",""price_per_wp_czk_without_vat"":null,""properties"":{},""image_url"":""https://cdn.shop.krannich-solar.com/media/d8/7e/87/1774693428/1761911_7_5_5_e_755efeeb2aa8c0c656156bc4ea18532789eb2a2b_det_dca_ebyte_t_led_set_wireless_data_transmiter.png.png?width=3000"",""has_quantity_discount"":false,""scraped_at"":""2026-07-04T10:00:43.012Z""}"
Krannich Solar;1752597;1752597;RFSA-61M/230V;Bezdrátový přenos signálu HDO - příjmač;Příslušenství;ELKO EP;1154.3;21;ks;https://shop.krannich-solar.com/cs-cz/RFSA-61M-230V/1752597;64 ks na skladě, poslední kusy;"{""categories"":[""Příslušenství"",""Výprodej""],""price_raw"":""1 154,30 Kč*"",""price_per_wp_raw"":"""",""price_per_wp_czk_without_vat"":null,""properties"":{},""image_url"":""https://cdn.shop.krannich-solar.com/media/58/df/c6/1750077234/1752597_e_b_3_e_eb3ec4c35ae1a315dfd11bd0e81240e1b6ac9417_RFSA_61M.jpg.jpg?width=3000"",""has_quantity_discount"":false,""scraped_at"":""2026-07-04T10:00:40.575Z""}"
Krannich Solar;1752596;1752596;RFSG-1M;Bezdrátový přenos signálu HDO - vysílač;Příslušenství;ELKO EP;1154.3;21;ks;https://shop.krannich-solar.com/cs-cz/RFSG-1M/1752596;62 ks na skladě, poslední kusy;"{""categories"":[""Příslušenství"",""Výprodej""],""price_raw"":""1 154,30 Kč*"",""price_per_wp_raw"":"""",""price_per_wp_czk_without_vat"":null,""properties"":{},""image_url"":""https://cdn.shop.krannich-solar.com/media/9c/a4/73/1750077234/1752596_7_4_0_d_740df1cce2cdf8ab6e216f492450061a06c38b76_RFSG_1M.jpg.jpg?width=3000"",""has_quantity_discount"":false,""scraped_at"":""2026-07-04T10:00:40.575Z""}"
Krannich Solar;1752793;1752793;RFSG-1M + RFSA-61M/230V;Sada pro bezdrátový přenos signálu HDO;Příslušenství;ELKO EP;2308.6;21;ks;https://shop.krannich-solar.com/cs-cz/RFSG-1M-RFSA-61M-230V/1752793;62 ks na skladě, poslední kusy;"{""categories"":[""Příslušenství"",""Výprodej""],""price_raw"":""2 308,60 Kč*"",""price_per_wp_raw"":"""",""price_per_wp_czk_without_vat"":null,""properties"":{},""image_url"":""https://cdn.shop.krannich-solar.com/media/f4/37/99/1750077255/1752793_2_1_7_c_217ccbc5169c61886aa6a0b953f533fd38ee8b9f_ELKO_RFSG_1M___RFSA_61M230V.jpg.jpg?width=3000"",""has_quantity_discount"":false,""scraped_at"":""2026-07-04T10:00:40.575Z""}"
Krannich Solar;1758193;1758193;GAK-enwitec-S-1000-1R-X-BC-PC-1.1_SC;DC svodič přepětí typ 1+2;Příslušenství;enwitec;3443.26;21;ks;https://shop.krannich-solar.com/cs-cz/GAK-enwitec-S-1000-1R-X-BC-PC-1.1-SC/1758193;0 ks na skladě, možné naskladnění: 22.07.2026;"{""categories"":[""Příslušenství""],""price_raw"":""3 443,26 Kč*"",""price_per_wp_raw"":"""",""price_per_wp_czk_without_vat"":null,""properties"":{},""image_url"":""https://cdn.shop.krannich-solar.com/media/db/a5/cf/1772806072/1758193_d_7_d_c_d7dcc7e758ae8c263098b77d562a98677531743f_det_scb_ew_gak_type_s_1000_1r_x_bc_pc_1.1_sc_10015822.png.png?width=3000"",""has_quantity_discount"":false,""scraped_at"":""2026-07-04T10:00:50.115Z""}"
Krannich Solar;1758192;1758192;GAK-S-1000-12x2R-X-BC-PES-1.0;DC svodič přepětí typ 1+2 pro 12 MPPT / 24 stringů;Příslušenství;enwitec;25787.94;21;ks;https://shop.krannich-solar.com/cs-cz/GAK-S-1000-12x2R-X-BC-PES-1.0/1758192;0 ks na skladě, možné naskladnění: 22.07.2026;"{""categories"":[""Příslušenství""],""price_raw"":""25 787,94 Kč*"",""price_per_wp_raw"":"""",""price_per_wp_czk_without_vat"":null,""properties"":{},""image_url"":""https://cdn.shop.krannich-solar.com/media/19/d5/dc/1772806071/1758192_6_4_2_3_64232b1da615d07d13b3d32e0fa7b5a181c245ff_det_scb_ew_gak_type_s_1000_12x2r_x_bc_pes_1.0_10016461.png.png?width=3000"",""has_quantity_discount"":false,""scraped_at"":""2026-07-04T10:00:50.115Z""}"
Krannich Solar;1741050;1741050;GAK-S-1000-2R-T40A-BC-PES-1.0_SC;DC odpínač a svodič přepětí typ 1+2;Příslušenství;enwitec;5953.38;21;ks;https://shop.krannich-solar.com/cs-cz/GAK-S-1000-2R-T40A-BC-PES-1.0-SC/1741050;0 ks na skladě, možné naskladnění: 22.07.2026;"{""categories"":[""Příslušenství""],""price_raw"":""5 953,38 Kč*"",""price_per_wp_raw"":"""",""price_per_wp_czk_without_vat"":null,""properties"":{},""image_url"":""https://cdn.shop.krannich-solar.com/media/1f/b0/1f/1772806068/1741050_1_7_f_f_17ff941e5097073c672007075d7cf9818d1975ff_det_scb_ew_gak_type_s_1000_2r_t40a_bc_pes_1.0_sc.jpg.jpg?width=3000"",""has_quantity_discount"":false,""scraped_at"":""2026-07-04T10:00:50.115Z""}"
Krannich Solar;1758191;1758191;GAK-S-1000-2x1R-X-BC-PC-1.1_SC;DC svodič přepětí typ 1+2;Příslušenství;enwitec;4665.94;21;ks;https://shop.krannich-solar.com/cs-cz/GAK-S-1000-2x1R-X-BC-PC-1.1-SC/1758191;0 ks na skladě, možné naskladnění: 22.07.2026;"{""categories"":[""Příslušenství""],""price_raw"":""4 665,94 Kč*"",""price_per_wp_raw"":"""",""price_per_wp_czk_without_vat"":null,""properties"":{},""image_url"":""https://cdn.shop.krannich-solar.com/media/3c/dd/52/1772806071/1758191_9_2_8_c_928cbbe3c2e567cbde76f4132071ac257f33bc27_det_scb_ew_gak_type_s_1000_2x1r_x_bc_pc_1.1_sc_10015821.png.png?width=3000"",""has_quantity_discount"":false,""scraped_at"":""2026-07-04T10:00:50.115Z""}"
Krannich Solar;1758190;1758190;GAK-S-1000-2x1R-X-Y-PC-1.1_SC;DC svodič přepětí typ 2;Příslušenství;enwitec;4291.04;21;ks;https://shop.krannich-solar.com/cs-cz/GAK-S-1000-2x1R-X-Y-PC-1.1-SC/1758190;0 ks na skladě, možné naskladnění: 22.07.2026;"{""categories"":[""Příslušenství""],""price_raw"":""4 291,04 Kč*"",""price_per_wp_raw"":"""",""price_per_wp_czk_without_vat"":null,""properties"":{},""image_url"":""https://cdn.shop.krannich-solar.com/media/7f/a2/8c/1772806071/1758190_c_b_2_c_cb2c6f427dd3a1dcc5720dc58e1860d6f4a97974_krannich_comb_enwitec_gak_s_1000_2x1r_x_y_pc_1.1_sc_10015746.png.png?width=3000"",""has_quantity_discount"":false,""scraped_at"":""2026-07-04T10:00:50.115Z""}"
Krannich Solar;1744110;1744110;S-1000-4R-X-BC-PC-1.0;DC svodič přepětí typ 1+2 pro střídače SE30/33.3K;Příslušenství;enwitec;4281.82;21;ks;https://shop.krannich-solar.com/cs-cz/S-1000-4R-X-BC-PC-1.0/1744110;0 ks na skladě, možné naskladnění: 22.07.2026;"{""categories"":[""Příslušenství""],""price_raw"":""4 281,82 Kč*"",""price_per_wp_raw"":"""",""price_per_wp_czk_without_vat"":null,""properties"":{},""image_url"":""https://cdn.shop.krannich-solar.com/media/fb/c9/f2/1773769903/1744110_1_f_8_c_1f8cecb760fb2e57bd812a6ffd70bc895a9c3a5d_det_scb_ew_gak_type_s_1000_4r_x_bc_pc_1.0_10015870.png.png?width=3000"",""has_quantity_discount"":false,""scraped_at"":""2026-07-04T10:00:47.686Z""}"
Krannich Solar;1731894;1731894;DC kabel 10,0 mm2, 500 m, černý;Solární kabel DB+, 1500 V, EN50618, IEC 62930;Příslušenství;KBE;18955.26;21;role;https://shop.krannich-solar.com/cs-cz/DC-kabel-10-0-mm2-500-m-cerny/1731894;3 ks na skladě, možné naskladnění: 22.07.2026;"{""categories"":[""Příslušenství""],""price_raw"":""18 955,26 Kč*"",""price_per_wp_raw"":"""",""price_per_wp_czk_without_vat"":null,""properties"":{},""image_url"":""https://cdn.shop.krannich-solar.com/media/7f/2f/8e/1750077872/1731894_0_1_3_3_0133436aa3fc12b0962627aaeccd3176d296a955_det_cb_kbe_black_500m.jpg.jpg?width=3000"",""has_quantity_discount"":false,""scraped_at"":""2026-07-04T10:00:43.013Z""}"
Krannich Solar;1742349;1742349;DC kabel 10,0 mm2, 500 m, červený;Solární kabel DB+, 1500 V, EN50618, IEC 62930;Příslušenství;KBE;18955.26;21;role;https://shop.krannich-solar.com/cs-cz/DC-kabel-10-0-mm2-500-m-cerveny/1742349;6 ks na skladě, možné naskladnění: 22.07.2026;"{""categories"":[""Příslušenství""],""price_raw"":""18 955,26 Kč*"",""price_per_wp_raw"":"""",""price_per_wp_czk_without_vat"":null,""properties"":{},""image_url"":""https://cdn.shop.krannich-solar.com/media/9f/4a/c9/1750077895/1742349_e_f_e_2_efe238b2da38c6c983d70cb19f965bb6fd879ccf_det_cb_kbe_red_500m.jpg.jpg?width=3000"",""has_quantity_discount"":false,""scraped_at"":""2026-07-04T10:00:43.013Z""}"
Krannich Solar;1742350;1742350;DC kabel 16,0 mm2, 400 m, černý;Solární kabel DB+, 1500 V, EN50618, IEC 62930;Příslušenství;KBE;22909.95;21;role;https://shop.krannich-solar.com/cs-cz/DC-kabel-16-0-mm2-400-m-cerny/1742350;2 ks na skladě, možné naskladnění: 22.07.2026;"{""categories"":[""Příslušenství""],""price_raw"":""22 909,95 Kč*"",""price_per_wp_raw"":"""",""price_per_wp_czk_without_vat"":null,""properties"":{},""image_url"":""https://cdn.shop.krannich-solar.com/media/72/91/59/1771598218/1742350_4_8_5_e_485e8df38f8eeff70609b1ed0048e5f8929fdf44_det_cb_kbe_black_500m.jpg.jpg?width=3000"",""has_quantity_discount"":false,""scraped_at"":""2026-07-04T10:00:45.351Z""}"
Krannich Solar;1741969;1741969;DC kabel 16,0 mm2, 400 m, červený;Solární kabel DB+, 1500 V, EN50618, IEC 62930;Příslušenství;KBE;22909.95;21;role;https://shop.krannich-solar.com/cs-cz/DC-kabel-16-0-mm2-400-m-cerveny/1741969;2 ks na skladě, možné naskladnění: 22.07.2026;"{""categories"":[""Příslušenství""],""price_raw"":""22 909,95 Kč*"",""price_per_wp_raw"":"""",""price_per_wp_czk_without_vat"":null,""properties"":{},""image_url"":""https://cdn.shop.krannich-solar.com/media/6a/77/28/1771598217/1741969_6_8_2_b_682b49ecad9816a5aea3f7b2b8b3ce691220282d_det_cb_kbe_red_500m.jpg.jpg?width=3000"",""has_quantity_discount"":false,""scraped_at"":""2026-07-04T10:00:45.351Z""}"
Krannich Solar;1731899;1731899;DC kabel 4,0 mm2, 100 m, černý;Solární kabel DB+, 1500 V, EN50618, IEC 62930;Příslušenství;KBE;1224.38;21;role;https://shop.krannich-solar.com/cs-cz/DC-kabel-4-0-mm2-100-m-cerny/1731899;145 ks na skladě, možné naskladnění: 22.07.2026;"{""categories"":[""Příslušenství"",""Výprodej""],""price_raw"":""1 224,38 Kč*"",""price_per_wp_raw"":"""",""price_per_wp_czk_without_vat"":null,""properties"":{},""image_url"":""https://cdn.shop.krannich-solar.com/media/df/e0/e4/1750077869/1731899_1_a_0_0_1a001078bd54127ccde542c2cc3ea8eb568d1c94_det_cb_kbe_black_100m.jpg.jpg?width=3000"",""has_quantity_discount"":false,""scraped_at"":""2026-07-04T10:00:40.573Z""}"
Krannich Solar;1731900;1731900;DC kabel 4,0 mm2, 100 m, červený;Solární kabel DB+, 1500 V, EN50618, IEC 62930;Příslušenství;KBE;1224.38;21;role;https://shop.krannich-solar.com/cs-cz/DC-kabel-4-0-mm2-100-m-cerveny/1731900;78 ks na skladě, možné naskladnění: 22.07.2026;"{""categories"":[""Příslušenství"",""Výprodej""],""price_raw"":""1 224,38 Kč*"",""price_per_wp_raw"":"""",""price_per_wp_czk_without_vat"":null,""properties"":{},""image_url"":""https://cdn.shop.krannich-solar.com/media/f7/c6/1f/1750077893/1731900_d_e_b_0_deb0be02dac328c1e767cd9d50b85a0de16c8185_det_cb_kbe_red_100m.jpg.jpg?width=3000"",""has_quantity_discount"":false,""scraped_at"":""2026-07-04T10:00:40.574Z""}"
Krannich Solar;1731888;1731888;DC kabel 4,0 mm2, 500 m, černý;Solární kabel DB+, 1500 V, EN50618, IEC 62930;Příslušenství;KBE;8168.13;21;role;https://shop.krannich-solar.com/cs-cz/DC-kabel-4-0-mm2-500-m-cerny/1731888;0 ks na skladě, možné naskladnění: 22.07.2026;"{""categories"":[""Příslušenství""],""price_raw"":""8 168,13 Kč*"",""price_per_wp_raw"":"""",""price_per_wp_czk_without_vat"":null,""properties"":{},""image_url"":""https://cdn.shop.krannich-solar.com/media/2b/d9/66/1750077866/1731888_5_7_e_3_57e3c1dddcf8dbf9ad5a0480f96a25957fe59e30_det_cb_kbe_black_500m.jpg.jpg?width=3000"",""has_quantity_discount"":false,""scraped_at"":""2026-07-04T10:00:52.402Z""}"
Krannich Solar;1731889;1731889;DC kabel 4,0 mm2, 500 m, červený;Solární kabel DB+, 1500 V, EN50618, IEC 62930;Příslušenství;KBE;6121.91;21;role;https://shop.krannich-solar.com/cs-cz/DC-kabel-4-0-mm2-500-m-cerveny/1731889;63 ks na skladě, možné naskladnění: 22.07.2026;"{""categories"":[""Příslušenství"",""Výprodej""],""price_raw"":""6 121,91 Kč*"",""price_per_wp_raw"":"""",""price_per_wp_czk_without_vat"":null,""properties"":{},""image_url"":""https://cdn.shop.krannich-solar.com/media/2e/4f/f1/1750077887/1731889_2_8_8_f_288fc603cf1ded90516d3dfd2397deb7929631f2_det_cb_kbe_red_500m.jpg.jpg?width=3000"",""has_quantity_discount"":false,""scraped_at"":""2026-07-04T10:00:40.575Z""}"
Krannich Solar;1731902;1731902;DC kabel 6,0 mm2, 100 m, černý;Solární kabel DB+, 1500 V, EN50618, IEC 62930;Příslušenství;KBE;2380.87;21;role;https://shop.krannich-solar.com/cs-cz/DC-kabel-6-0-mm2-100-m-cerny/1731902;11 ks na skladě, možné naskladnění: 22.07.2026;"{""categories"":[""Příslušenství""],""price_raw"":""2 380,87 Kč*"",""price_per_wp_raw"":"""",""price_per_wp_czk_without_vat"":null,""properties"":{},""image_url"":""https://cdn.shop.krannich-solar.com/media/65/e8/d9/1750077889/1731902_1_f_9_2_1f928fb5f521cef339431f8b0fd0c3e0193132c4_det_cb_kbe_black_100m.jpg.jpg?width=3000"",""has_quantity_discount"":false,""scraped_at"":""2026-07-04T10:00:43.012Z""}"
Krannich Solar;1731903;1731903;DC kabel 6,0 mm2, 100 m, červený;Solární kabel DB+, 1500 V, EN50618, IEC 62930;Příslušenství;KBE;2380.87;21;role;https://shop.krannich-solar.com/cs-cz/DC-kabel-6-0-mm2-100-m-cerveny/1731903;12 ks na skladě, možné naskladnění: 22.07.2026;"{""categories"":[""Příslušenství""],""price_raw"":""2 380,87 Kč*"",""price_per_wp_raw"":"""",""price_per_wp_czk_without_vat"":null,""properties"":{},""image_url"":""https://cdn.shop.krannich-solar.com/media/77/ab/fc/1750077887/1731903_9_d_3_2_9d3226ede33fa00f226e5b234da94bb573ddac57_det_cb_kbe_red_100m.jpg.jpg?width=3000"",""has_quantity_discount"":false,""scraped_at"":""2026-07-04T10:00:43.012Z""}"
Krannich Solar;1731904;1731904;DC kabel 6,0 mm2, 100 m, modrý;Solární kabel DB+, 1500 V, EN50618, IEC 62930;Příslušenství;KBE;2380.87;21;role;https://shop.krannich-solar.com/cs-cz/DC-kabel-6-0-mm2-100-m-modry/1731904;2 ks na skladě, možné naskladnění: 22.07.2026;"{""categories"":[""Příslušenství""],""price_raw"":""2 380,87 Kč*"",""price_per_wp_raw"":"""",""price_per_wp_czk_without_vat"":null,""properties"":{},""image_url"":""https://cdn.shop.krannich-solar.com/media/a6/2f/8c/1750077894/1731904_a_d_e_0_ade0026584dd1f419513e1ca50cca32174531966_det_cb_kbe_blue_100m.jpg.jpg?width=3000"",""has_quantity_discount"":false,""scraped_at"":""2026-07-04T10:00:45.351Z""}"
Krannich Solar;1731891;1731891;DC kabel 6,0 mm2, 500 m, černý;Solární kabel DB+, 1500 V, EN50618, IEC 62930;Příslušenství;KBE;11480.68;21;role;https://shop.krannich-solar.com/cs-cz/DC-kabel-6-0-mm2-500-m-cerny/1731891;4 ks na skladě, možné naskladnění: 09.07.2026;"{""categories"":[""Příslušenství""],""price_raw"":""11 480,68 Kč*"",""price_per_wp_raw"":"""",""price_per_wp_czk_without_vat"":null,""properties"":{},""image_url"":""https://cdn.shop.krannich-solar.com/media/9a/75/fb/1750077889/1731891_f_0_e_5_f0e52dd22653875fd93cfcf77a2a41c15c31d358_det_cb_kbe_black_500m.jpg.jpg?width=3000"",""has_quantity_discount"":false,""scraped_at"":""2026-07-04T10:00:43.013Z""}"
Krannich Solar;1731892;1731892;DC kabel 6,0 mm2, 500 m, červený;Solární kabel DB+, 1500 V, EN50618, IEC 62930;Příslušenství;KBE;11480.68;21;role;https://shop.krannich-solar.com/cs-cz/DC-kabel-6-0-mm2-500-m-cerveny/1731892;1 ks na skladě, možné naskladnění: 09.07.2026;"{""categories"":[""Příslušenství""],""price_raw"":""11 480,68 Kč*"",""price_per_wp_raw"":"""",""price_per_wp_czk_without_vat"":null,""properties"":{},""image_url"":""https://cdn.shop.krannich-solar.com/media/3b/11/1a/1750077897/1731892_0_4_e_c_04ec145efd97579e237f61274869b616e8f84b7d_det_cb_kbe_red_500m.jpg.jpg?width=3000"",""has_quantity_discount"":false,""scraped_at"":""2026-07-04T10:00:45.351Z""}"
Krannich Solar;1731893;1731893;DC kabel 6,0 mm2, 500 m, modrý;Solární kabel DB+, 1500 V, EN50618, IEC 62930;Příslušenství;KBE;11480.68;21;role;https://shop.krannich-solar.com/cs-cz/DC-kabel-6-0-mm2-500-m-modry/1731893;4 ks na skladě, možné naskladnění: 22.07.2026;"{""categories"":[""Příslušenství""],""price_raw"":""11 480,68 Kč*"",""price_per_wp_raw"":"""",""price_per_wp_czk_without_vat"":null,""properties"":{},""image_url"":""https://cdn.shop.krannich-solar.com/media/93/44/42/1750077864/1731893_8_1_b_f_81bf5f808f0c67c073104f403a750c246ef49843_det_cb_kbe_blue_500m.jpg.jpg?width=3000"",""has_quantity_discount"":false,""scraped_at"":""2026-07-04T10:00:43.013Z""}"
Krannich Solar;1741469;1741469;SOL-SC-1ST-0-DC-1MPPT-1001;DC svodič přepětí typ 1+2 pro 1 MPPT;Příslušenství;Phoenix Contact;3759.48;21;ks;https://shop.krannich-solar.com/cs-cz/SOL-SC-1ST-0-DC-1MPPT-1001/1741469;0 ks na skladě, možné naskladnění: 22.07.2026;"{""categories"":[""Příslušenství""],""price_raw"":""3 759,48 Kč*"",""price_per_wp_raw"":"""",""price_per_wp_czk_without_vat"":null,""properties"":{},""image_url"":""https://cdn.shop.krannich-solar.com/media/69/g0/42/1773769905/1741469_d_1_4_9_d1490c5b3ffd7fe87297d1e8db0b459e806aec0a_det_scb_ph_sol_sc_1st_0_dc_1mppt_1001__type_i_ii_.jpg.jpg?width=3000"",""has_quantity_discount"":false,""scraped_at"":""2026-07-04T10:00:50.115Z""}"
Krannich Solar;1741626;1741626;SOL-SC-1ST-0-DC-3MPPT-1001;DC svodič přepětí typ 1+2 pro 3 MPPT;Příslušenství;Phoenix Contact;9422.58;21;ks;https://shop.krannich-solar.com/cs-cz/SOL-SC-1ST-0-DC-3MPPT-1001/1741626;0 ks na skladě, možné naskladnění: 22.07.2026;"{""categories"":[""Příslušenství""],""price_raw"":""9 422,58 Kč*"",""price_per_wp_raw"":"""",""price_per_wp_czk_without_vat"":null,""properties"":{},""image_url"":""https://cdn.shop.krannich-solar.com/media/04/32/a3/1773769906/1741626_a_4_f_6_a4f6b6169e279285bc9e7c85fddceb7c5f26d049_det_scb_ph_sol_sc_1st_0_dc_3mppt_1001__type_i_ii_.jpg.jpg?width=3000"",""has_quantity_discount"":false,""scraped_at"":""2026-07-04T10:00:50.115Z""}"
Krannich Solar;1740057;1740057;SOL-SC-1ST-0-DC-3MPPT-2001;DC svodič přepětí typ 2 pro 3 MPPT;Příslušenství;Phoenix Contact;8509.81;21;ks;https://shop.krannich-solar.com/cs-cz/SOL-SC-1ST-0-DC-3MPPT-2001/1740057;0 ks na skladě, možné naskladnění: 22.07.2026;"{""categories"":[""Příslušenství""],""price_raw"":""8 509,81 Kč*"",""price_per_wp_raw"":"""",""price_per_wp_czk_without_vat"":null,""properties"":{},""image_url"":""https://cdn.shop.krannich-solar.com/media/87/cd/f1/1773769903/1740057_e_4_2_c_e42cea03292e7c214aa5e858bb53a9c4ccc025cd_det_scb_ph_sol_sc_1st_0_dc_3mppt_2001__type_ii_.jpg.jpg?width=3000"",""has_quantity_discount"":false,""scraped_at"":""2026-07-04T10:00:50.114Z""}"
Krannich Solar;1741623;1741623;SOL-SC-2ST-0-DC-1MPPT-1101;DC svodič přepětí typ 1+2 pro 1 MPPT;Příslušenství;Phoenix Contact;5926.7;21;ks;https://shop.krannich-solar.com/cs-cz/SOL-SC-2ST-0-DC-1MPPT-1101/1741623;0 ks na skladě, možné naskladnění: 22.07.2026;"{""categories"":[""Příslušenství""],""price_raw"":""5 926,70 Kč*"",""price_per_wp_raw"":"""",""price_per_wp_czk_without_vat"":null,""properties"":{},""image_url"":""https://cdn.shop.krannich-solar.com/media/97/a3/5e/1773769906/1741623_5_9_d_1_59d16ec6b29961a64f9605a53c715b6b452027b8_det_scb_ph_sol_sc_2st_0_dc_1mppt_1101__type_i_ii_.jpg.jpg?width=3000"",""has_quantity_discount"":false,""scraped_at"":""2026-07-04T10:00:47.686Z""}"
Krannich Solar;1741829;1741829;SOL-SC-2ST-0-DC-2MPPT-1000SE;DC svodič přepětí typ 1+2 pro 2 MPPT;Příslušenství;Phoenix Contact;5534.09;21;ks;https://shop.krannich-solar.com/cs-cz/SOL-SC-2ST-0-DC-2MPPT-1000SE/1741829;0 ks na skladě, možné naskladnění: 22.07.2026;"{""categories"":[""Příslušenství""],""price_raw"":""5 534,09 Kč*"",""price_per_wp_raw"":"""",""price_per_wp_czk_without_vat"":null,""properties"":{},""image_url"":""https://cdn.shop.krannich-solar.com/media/13/45/0a/1773769907/1741829_a_a_9_8_aa98a5d74693cc07ba14c013bc8861aefbf7120e_det_scb_ph_sol_sc_2st_0_dc_2mppt_1000se__type_i_ii_.jpg.jpg?width=3000"",""has_quantity_discount"":false,""scraped_at"":""2026-07-04T10:00:47.686Z""}"
Krannich Solar;1741827;1741827;SOL-SC-2ST-0-DC-2MPPT-1001;DC svodič přepětí typ 1+2 pro 2 MPPT;Příslušenství;Phoenix Contact;7987.71;21;ks;https://shop.krannich-solar.com/cs-cz/SOL-SC-2ST-0-DC-2MPPT-1001/1741827;0 ks na skladě, možné naskladnění: 22.07.2026;"{""categories"":[""Příslušenství""],""price_raw"":""7 987,71 Kč*"",""price_per_wp_raw"":"""",""price_per_wp_czk_without_vat"":null,""properties"":{},""image_url"":""https://cdn.shop.krannich-solar.com/media/a9/a8/73/1773769907/1741827_1_a_a_9_1aa9f397f45f51405cdc520ac13b8a410ad048c1_det_scb_ph_sol_sc_2st_0_dc_2mppt_1001__type_i_ii_.jpg.jpg?width=3000"",""has_quantity_discount"":false,""scraped_at"":""2026-07-04T10:00:50.115Z""}"
Krannich Solar;1740058;1740058;SOL-SC-2ST-0-DC-2MPPT-1001SE;DC svodič přepětí typ 1+2 pro 2 MPPT;Příslušenství;Phoenix Contact;7465.36;21;ks;https://shop.krannich-solar.com/cs-cz/SOL-SC-2ST-0-DC-2MPPT-1001SE/1740058;0 ks na skladě, možné naskladnění: 22.07.2026;"{""categories"":[""Příslušenství""],""price_raw"":""7 465,36 Kč*"",""price_per_wp_raw"":"""",""price_per_wp_czk_without_vat"":null,""properties"":{},""image_url"":""https://cdn.shop.krannich-solar.com/media/ab/2f/16/1773769904/1740058_e_6_e_f_e6ef000ef3c18ba9b84275e0f47a90229db7c6b1_det_scb_ph_sol_sc_2st_0_dc_2mppt_1001se__type_i_ii_.jpg.jpg?width=3000"",""has_quantity_discount"":false,""scraped_at"":""2026-07-04T10:00:50.114Z""}"
Krannich Solar;1741625;1741625;SOL-SC-2ST-0-DC-2MPPT-1101;DC svodič přepětí typ 1+2 pro 2 MPPT;Příslušenství;Phoenix Contact;10938.45;21;ks;https://shop.krannich-solar.com/cs-cz/SOL-SC-2ST-0-DC-2MPPT-1101/1741625;0 ks na skladě, možné naskladnění: 22.07.2026;"{""categories"":[""Příslušenství""],""price_raw"":""10 938,45 Kč*"",""price_per_wp_raw"":"""",""price_per_wp_czk_without_vat"":null,""properties"":{},""image_url"":""https://cdn.shop.krannich-solar.com/media/ba/de/37/1773769906/1741625_2_c_4_8_2c485cdcf9b42b5065cf0486495394b50d43c70e_det_scb_ph_sol_sc_2st_0_dc_2mppt_1101__type_i_ii_.jpg.jpg?width=3000"",""has_quantity_discount"":false,""scraped_at"":""2026-07-04T10:00:47.686Z""}"
Krannich Solar;1753608;1753608;SOL-SC-2ST-0-DC-4MPPT-1000EQSE;DC svodič přepětí typ 1+2 pro 4 MPPT;Příslušenství;Phoenix Contact;7636.57;21;ks;https://shop.krannich-solar.com/cs-cz/SOL-SC-2ST-0-DC-4MPPT-1000EQSE/1753608;0 ks na skladě, možné naskladnění: 22.07.2026;"{""categories"":[""Příslušenství""],""price_raw"":""7 636,57 Kč*"",""price_per_wp_raw"":"""",""price_per_wp_czk_without_vat"":null,""properties"":{},""image_url"":""https://cdn.shop.krannich-solar.com/media/7e/69/02/1773769904/1753608_1_c_1_5_1c15d0ad3c086d64ea43ad9ce2ab190b8a5ab00a_det_scb_ph_sol_sc_2st_0_dc_4mppt_1001eqse__type_i_ii_.jpg.jpg?width=3000"",""has_quantity_discount"":false,""scraped_at"":""2026-07-04T10:00:50.114Z""}"
Krannich Solar;1740059;1740059;SOL-SC-3ST-0-DC-1MPPT-1001;DC svodič přepětí typ 1+2 pro 1 MPPT;Příslušenství;Phoenix Contact;5115.78;21;ks;https://shop.krannich-solar.com/cs-cz/SOL-SC-3ST-0-DC-1MPPT-1001/1740059;0 ks na skladě, možné naskladnění: 22.07.2026;"{""categories"":[""Příslušenství""],""price_raw"":""5 115,78 Kč*"",""price_per_wp_raw"":"""",""price_per_wp_czk_without_vat"":null,""properties"":{},""image_url"":""https://cdn.shop.krannich-solar.com/media/3f/c0/09/1773769904/1740059_7_a_b_2_7ab2c5c57b9eccf4e2eacf69befe6e061ddaed03_det_scb_ph_sol_sc_3st_0_dc_1mppt_1001__type_i_ii_.jpg.jpg?width=3000"",""has_quantity_discount"":false,""scraped_at"":""2026-07-04T10:00:50.114Z""}"
Krannich Solar;1742632;1742632;SOL-SC-3ST-0-DC-1MPPT-1005EQ;DC svodič přepětí typ 1+2 pro 1 MPPT;Příslušenství;Phoenix Contact;3599.91;21;ks;https://shop.krannich-solar.com/cs-cz/SOL-SC-3ST-0-DC-1MPPT-1005EQ/1742632;0 ks na skladě, možné naskladnění: 22.07.2026;"{""categories"":[""Příslušenství""],""price_raw"":""3 599,91 Kč*"",""price_per_wp_raw"":"""",""price_per_wp_czk_without_vat"":null,""properties"":{},""image_url"":""https://cdn.shop.krannich-solar.com/media/53/fa/38/1773769907/1742632_d_4_1_6_d416160a7cfc9f7fdcb7c3a3db0e4078e8d08dff_det_scb_ph_sol_sc_3st_0_dc_1mppt_1005eq__type_i_ii_.jpg.jpg?width=3000"",""has_quantity_discount"":false,""scraped_at"":""2026-07-04T10:00:50.115Z""}"
Krannich Solar;1724851;1724851;DFS-14-MC4 4POL/2ST/2MPP/MC4;Jednotka pro rychlé odpojení panelů;Příslušenství;Santon;5926.94;21;ks;https://shop.krannich-solar.com/cs-cz/DFS-14-MC4-4POL-2ST-2MPP-MC4/1724851;0 ks na skladě, možné naskladnění: 22.07.2026;"{""categories"":[""Příslušenství""],""price_raw"":""5 926,94 Kč*"",""price_per_wp_raw"":"""",""price_per_wp_czk_without_vat"":null,""properties"":{},""image_url"":""https://cdn.shop.krannich-solar.com/media/fd/48/8b/1781176897/1724851_f_8_4_0_f84087aeaa719a70a61e7ef027fb70badbdaeb42_det_dcd_san_dfs.jpg.jpg?width=3000"",""has_quantity_discount"":false,""scraped_at"":""2026-07-04T10:00:47.686Z""}"
Krannich Solar;1724850;1724850;DFS-14-W 4POL/2ST/2MPP;Jednotka pro rychlé odpojení panelů;Příslušenství;Santon;4750.33;21;ks;https://shop.krannich-solar.com/cs-cz/DFS-14-W-4POL-2ST-2MPP/1724850;0 ks na skladě, možné naskladnění: 22.07.2026;"{""categories"":[""Příslušenství""],""price_raw"":""4 750,33 Kč*"",""price_per_wp_raw"":"""",""price_per_wp_czk_without_vat"":null,""properties"":{},""image_url"":""https://cdn.shop.krannich-solar.com/media/85/58/27/1781176895/1724850_8_0_6_6_80662000c580920e3ef8aed1f90f0293ac3d261f_det_dcd_san_dfs.jpg.jpg?width=3000"",""has_quantity_discount"":false,""scraped_at"":""2026-07-04T10:00:47.686Z""}"
Krannich Solar;1764384;1764384;DFSHP-154-MC4 (Evo2) 4POL/2ST/2MPP/MC4;Jednotka pro rychlé odpojení panelů;Příslušenství;Santon;6250.44;21;ks;https://shop.krannich-solar.com/cs-cz/DFSHP-154-MC4-Evo2-4POL-2ST-2MPP-MC4/1764384;0 ks na skladě, možné naskladnění: 22.07.2026;"{""categories"":[""Příslušenství""],""price_raw"":""6 250,44 Kč*"",""price_per_wp_raw"":"""",""price_per_wp_czk_without_vat"":null,""properties"":{},""image_url"":""https://cdn.shop.krannich-solar.com/media/1e/69/a8/1781176895/1764384_9_9_b_2_99b2009b0ec392e8ec43dc7533c37ee2b464ee81_det_dcd_san_dfshp.png.png?width=3000"",""has_quantity_discount"":false,""scraped_at"":""2026-07-04T10:00:47.685Z""}"
Krannich Solar;1751938;1751938;PFSHP-158-MC4(Evo2) 8POL/4ST/MC4;Jednotka pro rychlé odpojení panelů;Příslušenství;Santon;11306.08;21;ks;https://shop.krannich-solar.com/cs-cz/PFSHP-158-MC4-Evo2-8POL-4ST-MC4/1751938;0 ks na skladě, možné naskladnění: 22.07.2026;"{""categories"":[""Příslušenství""],""price_raw"":""11 306,08 Kč*"",""price_per_wp_raw"":"""",""price_per_wp_czk_without_vat"":null,""properties"":{},""image_url"":""https://cdn.shop.krannich-solar.com/media/d1/16/54/1781176897/1751938_3_4_7_0_3470b8417e0f7b7306c1983e95eff7dc7714f396_det_dcd_san_pfshp.jpg.jpg?width=3000"",""has_quantity_discount"":false,""scraped_at"":""2026-07-04T10:00:47.685Z""}"
Krannich Solar;1751936;1751936;PFSHP-18-MC4 8POL/4ST/MC4;Jednotka pro rychlé odpojení panelů;Příslušenství;Santon;10331.71;21;ks;https://shop.krannich-solar.com/cs-cz/PFSHP-18-MC4-8POL-4ST-MC4/1751936;0 ks na skladě, možné naskladnění: 22.07.2026;"{""categories"":[""Příslušenství""],""price_raw"":""10 331,71 Kč*"",""price_per_wp_raw"":"""",""price_per_wp_czk_without_vat"":null,""properties"":{},""image_url"":""https://cdn.shop.krannich-solar.com/media/91/09/1b/1781176896/1751936_c_2_9_c_c29c6b7e06ec91d7543734f877966dceee389deb_det_dcd_san_pfshp.jpg.jpg?width=3000"",""has_quantity_discount"":false,""scraped_at"":""2026-07-04T10:00:47.685Z""}"
Krannich Solar;1751937;1751937;PFSHP-18S-MC4 8POL/4ST/MC4;Jednotka pro rychlé odpojení panelů;Příslušenství;Santon;10848.72;21;ks;https://shop.krannich-solar.com/cs-cz/PFSHP-18S-MC4-8POL-4ST-MC4/1751937;0 ks na skladě, možné naskladnění: 22.07.2026;"{""categories"":[""Příslušenství""],""price_raw"":""10 848,72 Kč*"",""price_per_wp_raw"":"""",""price_per_wp_czk_without_vat"":null,""properties"":{},""image_url"":""https://cdn.shop.krannich-solar.com/media/a2/8c/7e/1781176896/1751937_b_d_1_c_bd1cc9039d6239cd49587d61442c0117e10f20f7_det_dcd_san_pfshp.jpg.jpg?width=3000"",""has_quantity_discount"":false,""scraped_at"":""2026-07-04T10:00:47.685Z""}"
Krannich Solar;1727076;1727076;WATTrouter current module Mx;Samostatný měřící modul WT 02/10 Mx;Příslušenství;Solar Controls;267.96;21;ks;https://shop.krannich-solar.com/cs-cz/WATTrouter-current-module-Mx/1727076;163 ks na skladě, možné naskladnění: 09.07.2026;"{""categories"":[""Příslušenství""],""price_raw"":""267,96 Kč*"",""price_per_wp_raw"":"""",""price_per_wp_czk_without_vat"":null,""properties"":{},""image_url"":""https://cdn.shop.krannich-solar.com/media/5c/a7/2e/1750077144/1727076_2_1_c_c_21cc318255568255f91f7b05668df3cde713a249_samostatny_merici_modul_wt_02_10_mx.jpg.jpg?width=3000"",""has_quantity_discount"":false,""scraped_at"":""2026-07-04T10:00:38.131Z""}"
Krannich Solar;1725559;1725559;WATTrouter ECO;WRE 01/06/14 (regulátor + měřící modul);Příslušenství;Solar Controls;3617.13;21;ks;https://shop.krannich-solar.com/cs-cz/WATTrouter-ECO/1725559;2 ks na skladě, možné naskladnění: 09.07.2026;"{""categories"":[""Příslušenství""],""price_raw"":""3 617,13 Kč*"",""price_per_wp_raw"":"""",""price_per_wp_czk_without_vat"":null,""properties"":{},""image_url"":""https://cdn.shop.krannich-solar.com/media/d1/13/9b/1750077148/1725559_0_9_0_6_09066cd7ce2647b5e25d08c13c3807eead5c479a_SC_WATTROUTER_REGULATOR_ECO.jpg.jpg?width=3000"",""has_quantity_discount"":false,""scraped_at"":""2026-07-04T10:00:45.351Z""}"
Krannich Solar;1726732;1726732;WATTrouter ECO current module;Samostatný měřící modul WT 02/10 ECO;Příslušenství;Solar Controls;627.11;21;ks;https://shop.krannich-solar.com/cs-cz/WATTrouter-ECO-current-module/1726732;0 ks na skladě, možné naskladnění: 09.07.2026;"{""categories"":[""Příslušenství""],""price_raw"":""627,11 Kč*"",""price_per_wp_raw"":"""",""price_per_wp_czk_without_vat"":null,""properties"":{},""image_url"":""https://cdn.shop.krannich-solar.com/media/9c/b1/g0/1773580896/1726732_4_e_2_3_4e233c5beafa6bf312c59fa20e27a7b832760080_merici_modul_wt02_10_eco.jpg.jpg?width=3000"",""has_quantity_discount"":false,""scraped_at"":""2026-07-04T10:00:47.685Z""}"
Krannich Solar;1761766;1761766;WATTrouter Mx;WRMx 01/08/17 (regulátor + měřící modul);Příslušenství;Solar Controls;5056.37;21;ks;https://shop.krannich-solar.com/cs-cz/WATTrouter-Mx/1761766;5 ks na skladě, možné naskladnění: 09.07.2026;"{""categories"":[""Příslušenství""],""price_raw"":""5 056,37 Kč*"",""price_per_wp_raw"":"""",""price_per_wp_czk_without_vat"":null,""properties"":{},""image_url"":""https://cdn.shop.krannich-solar.com/media/d0/01/6c/1752759387/1761766_a_3_3_3_a3336aefe2db64dacd1ec50b990736ca831b331c_det_scd_sc_wattrouter_reg_mx_current_module_mx.png.png?width=3000"",""has_quantity_discount"":false,""scraped_at"":""2026-07-04T10:00:43.013Z""}"
Krannich Solar;1750486;1750486;WATTrouter pull on current transformer, 100A;WATTrouter proudový transformátor převlečný / 100A;Příslušenství;Solar Controls;278.63;21;ks;https://shop.krannich-solar.com/cs-cz/WATTrouter-pull-on-current-transformer-100A/1750486;0 ks na skladě, možné naskladnění: 09.07.2026;"{""categories"":[""Příslušenství""],""price_raw"":""278,63 Kč*"",""price_per_wp_raw"":"""",""price_per_wp_czk_without_vat"":null,""properties"":{},""image_url"":""https://cdn.shop.krannich-solar.com/media/8d/cb/38/1750077125/1750486_f_5_0_b_f50b643ce691117c4b9813f875c72fd3d71a5909_pullon_sc_100a.jpg.jpg?width=3000"",""has_quantity_discount"":false,""scraped_at"":""2026-07-04T10:00:47.685Z""}"
Krannich Solar;1722468;1722468;WATTrouter regulator ECO;Samostatný regulátor ECO - WRE 01/06/14;Příslušenství;Solar Controls;2874.11;21;ks;https://shop.krannich-solar.com/cs-cz/WATTrouter-regulator-ECO/1722468;0 ks na skladě, možné naskladnění: 09.07.2026;"{""categories"":[""Příslušenství""],""price_raw"":""2 874,11 Kč*"",""price_per_wp_raw"":"""",""price_per_wp_czk_without_vat"":null,""properties"":{},""image_url"":""https://cdn.shop.krannich-solar.com/media/9e/52/50/1773580896/1722468_3_1_8_4_318405cf6dc697e8dc57daaedbeebc9f4f10ec48_SC_WATTROUTER_REGULATOR_ECO.jpg.jpg?width=3000"",""has_quantity_discount"":false,""scraped_at"":""2026-07-04T10:00:47.685Z""}"
Krannich Solar;1727075;1727075;WATTrouter regulator Mx;Samostatný regulátor Mx - WRMx 01/08/17;Příslušenství;Solar Controls;5168.89;21;ks;https://shop.krannich-solar.com/cs-cz/WATTrouter-regulator-Mx/1727075;5 ks na skladě, možné naskladnění: 09.07.2026;"{""categories"":[""Příslušenství""],""price_raw"":""5 168,89 Kč*"",""price_per_wp_raw"":"""",""price_per_wp_czk_without_vat"":null,""properties"":{},""image_url"":""https://cdn.shop.krannich-solar.com/media/49/fe/38/1752757566/1727075_9_c_4_d_9c4d5524c84f1eb96348bca7c4b32a5377224318_MX.jpg.jpg?width=3000"",""has_quantity_discount"":false,""scraped_at"":""2026-07-04T10:00:43.013Z""}"
Krannich Solar;1763187;1763187;WATTrouter Mx + SSR relé 10A;Set WATTrouter Mx + 3 x SSR relé 10A;Příslušenství;Solar Controls + Carlo Gavazzi;6177.93;21;ks;https://shop.krannich-solar.com/cs-cz/WATTrouter-Mx-SSR-rele-10A/1763187;5 ks na skladě, možné naskladnění: 09.07.2026;"{""categories"":[""Příslušenství""],""price_raw"":""6 177,93 Kč*"",""price_per_wp_raw"":"""",""price_per_wp_czk_without_vat"":null,""properties"":{},""image_url"":""https://cdn.shop.krannich-solar.com/media/78/4d/75/1769681257/1763187_2_2_b_f_22bfd1b655f41ba0a85438bd82dd9f88f0f5c18c_det_dcs_sc_wattrouter_regulator_mx_set.png.png?width=3000"",""has_quantity_discount"":false,""scraped_at"":""2026-07-04T10:00:43.013Z""}"
Krannich Solar;1733302;1733302;SE-WFGW-B-S1-RW;;Příslušenství;SolarEdge;1115.26;21;ks;https://shop.krannich-solar.com/cs-cz/SE-WFGW-B-S1-RW/1733302;0 ks na skladě, možné naskladnění: 22.07.2026;"{""categories"":[""Příslušenství""],""price_raw"":""1 115,26 Kč*"",""price_per_wp_raw"":"""",""price_per_wp_czk_without_vat"":null,""properties"":{},""image_url"":""https://cdn.shop.krannich-solar.com/media/82/0c/dd/1750077927/1733302_3_4_9_c_349cf908bbaa04806b68b1e5c320f1d91c89602e_det_dca_se_se_wfgw_b_s1_rw_wireless_gateway.jpg.jpg?width=3000"",""has_quantity_discount"":false,""scraped_at"":""2026-07-04T10:00:52.402Z""}"
Krannich Solar;1747992;1747992;SECT-SPL-1000A-A;Proudový převodník 1000 A;Příslušenství;SolarEdge;1421.29;21;ks;https://shop.krannich-solar.com/cs-cz/SECT-SPL-1000A-A/1747992;0 ks na skladě, možné naskladnění: 22.07.2026;"{""categories"":[""Příslušenství""],""price_raw"":""1 421,29 Kč*"",""price_per_wp_raw"":"""",""price_per_wp_czk_without_vat"":null,""properties"":{},""image_url"":""https://cdn.shop.krannich-solar.com/media/b1/97/78/1750261984/1747992_e_0_b_8_e0b84950855375b735864573a8a40d6b02506283_det_dca_se_core_current_transformer_se_cts_2000_1000.jpg.jpg?width=3000"",""has_quantity_discount"":false,""scraped_at"":""2026-07-04T10:00:52.402Z""}"
Krannich Solar;1753761;1753761;SMRT-HOT-WTR-30-S2;Home Hot Water Controller 3 kW;Příslušenství;SolarEdge;5903.66;21;ks;https://shop.krannich-solar.com/cs-cz/SMRT-HOT-WTR-30-S2/1753761;0 ks na skladě, možné naskladnění: 22.07.2026;"{""categories"":[""Příslušenství""],""price_raw"":""5 903,66 Kč*"",""price_per_wp_raw"":"""",""price_per_wp_czk_without_vat"":null,""properties"":{},""image_url"":""https://cdn.shop.krannich-solar.com/media/82/be/e4/1750077307/1753761_1_3_9_1_1391921f648eda32961f32842967c10de30f4220_det_pvt_se_3kw_smart_energy_water_heater_controller_smrt_hot_wtr_30_s1.jpg.jpg?width=3000"",""has_quantity_discount"":false,""scraped_at"":""2026-07-04T10:00:52.402Z""}"
Krannich Solar;1762437;1762437;DAC-4115-01;BACKUP BOX;Příslušenství;Solinteg;8715.94;21;ks;https://shop.krannich-solar.com/cs-cz/DAC-4115-01/1762437;0 ks na skladě, možné naskladnění: 07.10.2026;"{""categories"":[""Příslušenství""],""price_raw"":""8 715,94 Kč*"",""price_per_wp_raw"":"""",""price_per_wp_czk_without_vat"":null,""properties"":{},""image_url"":"""",""has_quantity_discount"":false,""scraped_at"":""2026-07-04T10:00:54.365Z""}"
Krannich Solar;1752508;1752508;Crimping pliers PV-CZM-61100;Krimpovací kleště;Příslušenství;Stäubli;6375.33;21;ks;https://shop.krannich-solar.com/cs-cz/Crimping-pliers-PV-CZM-61100/1752508;0 ks na skladě, možné naskladnění: 22.07.2026;"{""categories"":[""Příslušenství""],""price_raw"":""6 375,33 Kč*"",""price_per_wp_raw"":"""",""price_per_wp_czk_without_vat"":null,""properties"":{},""image_url"":""https://cdn.shop.krannich-solar.com/media/1c/29/17/1773849184/1752508_2_3_2_4_2324f2b0614a30072ac99842f03144f16073f359_det_to_mc_crimping_pliers_mc4_evo2_pv_czm.ipg.jpg.jpg?width=3000"",""has_quantity_discount"":false,""scraped_at"":""2026-07-04T10:00:47.686Z""}"
Krannich Solar;1752507;1752507;Crimping pliers PV-CZM-61100;Krimpovací kleště;Příslušenství;Stäubli;6375.33;21;ks;https://shop.krannich-solar.com/cs-cz/Crimping-pliers-PV-CZM-61100/1752507;0 ks na skladě, možné naskladnění: 22.07.2026;"{""categories"":[""Příslušenství""],""price_raw"":""6 375,33 Kč*"",""price_per_wp_raw"":"""",""price_per_wp_czk_without_vat"":null,""properties"":{},""image_url"":""https://cdn.shop.krannich-solar.com/media/79/d8/71/1773849184/1752507_6_9_1_a_691ab2deebeb6ddae5e8fe1a5ccc83bd65ebf449_det_to_mc_crimping_pliers_mc4_evo2_pv_czm.ipg.jpg.jpg?width=3000"",""has_quantity_discount"":false,""scraped_at"":""2026-07-04T10:00:47.686Z""}"
Krannich Solar;1740165;1740165;Locator for crimping pliers;Náhradní lokátor pro krimpovací kleště;Příslušenství;Stäubli;407.89;21;ks;https://shop.krannich-solar.com/cs-cz/Locator-for-crimping-pliers/1740165;1 ks na skladě, možné naskladnění: 22.07.2026;"{""categories"":[""Příslušenství""],""price_raw"":""407,89 Kč*"",""price_per_wp_raw"":"""",""price_per_wp_czk_without_vat"":null,""properties"":{},""image_url"":""https://cdn.shop.krannich-solar.com/media/26/da/34/1773849185/1740165_d_9_a_9_d9a95776b514f364905caa4468dc77cbc78cdfb1_det_to_mc_pv_loc.jpg.jpg?width=3000"",""has_quantity_discount"":false,""scraped_at"":""2026-07-04T10:00:45.351Z""}"
Krannich Solar;1752532;1752532;MC4 AZB4-EVO2-UR FEMALE;Sdružovací konektor 1500 V;Příslušenství;Stäubli;107.91;21;ks;https://shop.krannich-solar.com/cs-cz/MC4-AZB4-EVO2-UR-FEMALE/1752532;57 ks na skladě, možné naskladnění: 22.07.2026;"{""categories"":[""Příslušenství""],""price_raw"":""107,91 Kč*"",""price_per_wp_raw"":"""",""price_per_wp_czk_without_vat"":null,""properties"":{},""image_url"":""https://cdn.shop.krannich-solar.com/media/da/11/90/1750077231/1752532_8_c_c_b_8ccb2604ced1085c7b4ce61550e2276d17a57b9d_det_cbc_mc_mc4__female_azb4_evo2_ur.jpg.jpg?width=3000"",""has_quantity_discount"":false,""scraped_at"":""2026-07-04T10:00:40.576Z""}"
Krannich Solar;1752537;1752537;MC4 AZS4-EVO2-UR MALE;Sdružovací konektor 1500 V;Příslušenství;Stäubli;106.22;21;ks;https://shop.krannich-solar.com/cs-cz/MC4-AZS4-EVO2-UR-MALE/1752537;107 ks na skladě, možné naskladnění: 22.07.2026;"{""categories"":[""Příslušenství""],""price_raw"":""106,22 Kč*"",""price_per_wp_raw"":"""",""price_per_wp_czk_without_vat"":null,""properties"":{},""image_url"":""https://cdn.shop.krannich-solar.com/media/38/26/92/1750077234/1752537_3_5_e_c_35ecbcf7c5bbc3243fbb59dec5ade34051ebc220_det_cbc_mc_mc4_male_azs4_evo2_ur.jpg.jpg?width=3000"",""has_quantity_discount"":false,""scraped_at"":""2026-07-04T10:00:40.574Z""}"
Krannich Solar;1715848;1715848;MC4 INSERT FEMALE;MC4 vnitřní konektor;Příslušenství;Stäubli;11.88;21;ks;https://shop.krannich-solar.com/cs-cz/MC4-INSERT-FEMALE/1715848;110 ks na skladě, možné naskladnění: 22.07.2026;"{""categories"":[""Příslušenství""],""price_raw"":""11,88 Kč*"",""price_per_wp_raw"":"""",""price_per_wp_czk_without_vat"":null,""properties"":{},""image_url"":""https://cdn.shop.krannich-solar.com/media/b4/28/08/1750077943/1715848_6_8_0_6_68061593a165c10aa1813f785751b862fb43a6c3_det_cbc_mc_mc4_female_insert.jpg.jpg?width=3000"",""has_quantity_discount"":false,""scraped_at"":""2026-07-04T10:00:40.574Z""}"
Krannich Solar;1715849;1715849;MC4 INSERT MALE;MC4 vnitřní konektor;Příslušenství;Stäubli;5.34;21;ks;https://shop.krannich-solar.com/cs-cz/MC4-INSERT-MALE/1715849;95 ks na skladě, možné naskladnění: 22.07.2026;"{""categories"":[""Příslušenství""],""price_raw"":""5,34 Kč*"",""price_per_wp_raw"":"""",""price_per_wp_czk_without_vat"":null,""properties"":{},""image_url"":""https://cdn.shop.krannich-solar.com/media/d3/54/f6/1750077939/1715849_0_3_b_d_03bd19bb46159a8be8eb3f723e485cc3beb96561_det_cbc_mc_mc4_male_insert.jpg.jpg?width=3000"",""has_quantity_discount"":false,""scraped_at"":""2026-07-04T10:00:40.574Z""}"
Krannich Solar;1719919;1719919;MC4 KBT4/10II FEMALE;MC konektor pro kabel Ø 10mm²;Příslušenství;Stäubli;32.98;21;ks;https://shop.krannich-solar.com/cs-cz/MC4-KBT4-10II-FEMALE/1719919;52 ks na skladě, možné naskladnění: 22.07.2026;"{""categories"":[""Příslušenství""],""price_raw"":""32,98 Kč*"",""price_per_wp_raw"":"""",""price_per_wp_czk_without_vat"":null,""properties"":{},""image_url"":""https://cdn.shop.krannich-solar.com/media/01/8c/b8/1750078046/1719919_5_e_3_f_5e3ff7c2d36e303bd6d8a94c0aa84c1bef60a330_det_cbc_mc_mc4_female_kbt4_10ii.jpg.jpg?width=3000"",""has_quantity_discount"":false,""scraped_at"":""2026-07-04T10:00:40.576Z""}"
Krannich Solar;1713417;1713417;MC4 KBT4/6II-UR FEMALE;MC4 konektor pro kabel Ø 5,5-9mm;Příslušenství;Stäubli;28.62;21;ks;https://shop.krannich-solar.com/cs-cz/MC4-KBT4-6II-UR-FEMALE/1713417;332 ks na skladě, možné naskladnění: 14.07.2026;"{""categories"":[""Příslušenství""],""price_raw"":""28,62 Kč*"",""price_per_wp_raw"":"""",""price_per_wp_czk_without_vat"":null,""properties"":{},""image_url"":""https://cdn.shop.krannich-solar.com/media/81/d9/29/1750077320/1713417_1_8_d_7_18d77a74c8315912a4b8cdd99c76b682c32610a1_det_cbc_mc_mc4_female_kbt4_6ii_ur.jpg.jpg?width=3000"",""has_quantity_discount"":false,""scraped_at"":""2026-07-04T10:00:38.130Z""}"
Krannich Solar;1719920;1719920;MC4 KST4/10II MALE;MC4 konektor pro kabel Ø 10mm²;Příslušenství;Stäubli;24.98;21;ks;https://shop.krannich-solar.com/cs-cz/MC4-KST4-10II-MALE/1719920;59 ks na skladě, možné naskladnění: 22.07.2026;"{""categories"":[""Příslušenství""],""price_raw"":""24,98 Kč*"",""price_per_wp_raw"":"""",""price_per_wp_czk_without_vat"":null,""properties"":{},""image_url"":""https://cdn.shop.krannich-solar.com/media/f7/19/02/1750078048/1719920_d_0_7_f_d07fa8be022ababec6ee8a24111773ddcf53e3b6_det_cbc_mc_mc4_male_kst4_10ii.jpg.jpg?width=3000"",""has_quantity_discount"":false,""scraped_at"":""2026-07-04T10:00:40.575Z""}"
Krannich Solar;1713418;1713418;MC4 KST4/6II-UR MALE;MC4 konektor pro kabel Ø 5,5-9mm;Příslušenství;Stäubli;21.83;21;ks;https://shop.krannich-solar.com/cs-cz/MC4-KST4-6II-UR-MALE/1713418;277 ks na skladě, možné naskladnění: 14.07.2026;"{""categories"":[""Příslušenství""],""price_raw"":""21,83 Kč*"",""price_per_wp_raw"":"""",""price_per_wp_czk_without_vat"":null,""properties"":{},""image_url"":""https://cdn.shop.krannich-solar.com/media/de/2d/f3/1750077319/1713418_c_8_0_2_c802282040d2ea9414ce37319e9318ee6d70eb5f_det_cbc_mc_mc4_male_kst4_6ii_ur.jpg.jpg?width=3000"",""has_quantity_discount"":false,""scraped_at"":""2026-07-04T10:00:38.130Z""}"
Krannich Solar;1755819;1755819;MC4-EVO2A PV-KBT4-EVO 2A/10II FEMALE;MC4-EVO2 konektor pro kabel Ø 10 mm²;Příslušenství;Stäubli;34.19;21;ks;https://shop.krannich-solar.com/cs-cz/MC4-EVO2A-PV-KBT4-EVO-2A-10II-FEMALE/1755819;127 ks na skladě, možné naskladnění: 22.07.2026;"{""categories"":[""Příslušenství""],""price_raw"":""34,19 Kč*"",""price_per_wp_raw"":"""",""price_per_wp_czk_without_vat"":null,""properties"":{},""image_url"":""https://cdn.shop.krannich-solar.com/media/39/d4/a0/1752193406/1755819_2_5_0_c_250cc6116edbbd8f86a1974ecc7c96b73bfc58e1_det_cbc_mc_mc4evo2a_female_kbt4_evo_2_10ii.png.png?width=3000"",""has_quantity_discount"":false,""scraped_at"":""2026-07-04T10:00:40.574Z""}"
Krannich Solar;1755718;1755718;MC4-EVO2A PV-KBT4-EVO 2A/6I FEMALE;MC4-EVO2 konektor pro kabel Ø 4-6 mm²;Příslušenství;Stäubli;29.83;21;ks;https://shop.krannich-solar.com/cs-cz/MC4-EVO2A-PV-KBT4-EVO-2A-6I-FEMALE/1755718;176 ks na skladě, možné naskladnění: 22.07.2026;"{""categories"":[""Příslušenství""],""price_raw"":""29,83 Kč*"",""price_per_wp_raw"":"""",""price_per_wp_czk_without_vat"":null,""properties"":{},""image_url"":""https://cdn.shop.krannich-solar.com/media/32/15/bc/1750077410/1755718_0_b_a_4_0ba4b0481d7649218c7e56d0f41cf3422d3ca088_det_cbc_mc_mc4_evo2_female_kbt4_evo_2a_6i.png.png?width=3000"",""has_quantity_discount"":false,""scraped_at"":""2026-07-04T10:00:38.131Z""}"
Krannich Solar;1755727;1755727;MC4-EVO2A PV-KBT4-EVO 2A/6II FEMALE;MC4-EVO2 konektor pro kabel Ø 4-6 mm²;Příslušenství;Stäubli;29.83;21;ks;https://shop.krannich-solar.com/cs-cz/MC4-EVO2A-PV-KBT4-EVO-2A-6II-FEMALE/1755727;597 ks na skladě, možné naskladnění: 22.07.2026;"{""categories"":[""Příslušenství""],""price_raw"":""29,83 Kč*"",""price_per_wp_raw"":"""",""price_per_wp_czk_without_vat"":null,""properties"":{},""image_url"":""https://cdn.shop.krannich-solar.com/media/63/d8/b5/1750077417/1755727_8_e_7_e_8e7ed6481243288c62a5743f56c6c92888a5f255_det_cbc_mc_mc4_evo2_female_kbt4_evo_2a_6i.png.png?width=3000"",""has_quantity_discount"":false,""scraped_at"":""2026-07-04T10:00:38.130Z""}"
Krannich Solar;1755820;1755820;MC4-EVO2A PV-KST4-EVO 2A/10II MALE;MC4-EVO2 konektor pro kabel Ø 10 mm²;Příslušenství;Stäubli;25.95;21;ks;https://shop.krannich-solar.com/cs-cz/MC4-EVO2A-PV-KST4-EVO-2A-10II-MALE/1755820;132 ks na skladě, možné naskladnění: 22.07.2026;"{""categories"":[""Příslušenství""],""price_raw"":""25,95 Kč*"",""price_per_wp_raw"":"""",""price_per_wp_czk_without_vat"":null,""properties"":{},""image_url"":""https://cdn.shop.krannich-solar.com/media/35/bd/1e/1752193409/1755820_1_a_8_4_1a847a52e0c93951bbe41d45195f88af62ea96a1_det_cbc_mc_mc4_evo2_male_kst4_evo_2a_10ii.png.png?width=3000"",""has_quantity_discount"":false,""scraped_at"":""2026-07-04T10:00:40.573Z""}"
Krannich Solar;1755726;1755726;MC4-EVO2A PV-KST4-EVO 2A/6I MALE;MC4-EVO2 konektor pro kabel Ø 4-6 mm²;Příslušenství;Stäubli;22.8;21;ks;https://shop.krannich-solar.com/cs-cz/MC4-EVO2A-PV-KST4-EVO-2A-6I-MALE/1755726;178 ks na skladě, možné naskladnění: 22.07.2026;"{""categories"":[""Příslušenství""],""price_raw"":""22,80 Kč*"",""price_per_wp_raw"":"""",""price_per_wp_czk_without_vat"":null,""properties"":{},""image_url"":""https://cdn.shop.krannich-solar.com/media/e6/9a/20/1750077415/1755726_9_9_5_0_9950c839a0ec93965d14ecb2ce6ebbf96624a1f6_det_cbc_mc_mc4_evo2_male_kst4_evo_2a_6i.png.png?width=3000"",""has_quantity_discount"":false,""scraped_at"":""2026-07-04T10:00:38.131Z""}"
Krannich Solar;1755728;1755728;MC4-EVO2A PV-KST4-EVO 2A/6II MALE;MC4-EVO2 konektor pro kabel Ø 4-6 mm²;Příslušenství;Stäubli;22.8;21;ks;https://shop.krannich-solar.com/cs-cz/MC4-EVO2A-PV-KST4-EVO-2A-6II-MALE/1755728;196 ks na skladě, možné naskladnění: 14.07.2026;"{""categories"":[""Příslušenství""],""price_raw"":""22,80 Kč*"",""price_per_wp_raw"":"""",""price_per_wp_czk_without_vat"":null,""properties"":{},""image_url"":""https://cdn.shop.krannich-solar.com/media/3e/a6/bb/1750077419/1755728_3_1_5_1_315190851991c1143b33125584c1cd955b61b6de_det_cbc_mc_mc4_evo2_male_kst4_evo_2a_6i.png.png?width=3000"",""has_quantity_discount"":false,""scraped_at"":""2026-07-04T10:00:38.131Z""}"
Krannich Solar;1712878;1712878;PV-AZM-156;"Odizolovací kleště 1,5; 2,5; 4; 6 mm²";Příslušenství;Stäubli;2395.9;21;ks;https://shop.krannich-solar.com/cs-cz/PV-AZM-156/1712878;1 ks na skladě, možné naskladnění: 22.07.2026;"{""categories"":[""Příslušenství""],""price_raw"":""2 395,90 Kč*"",""price_per_wp_raw"":"""",""price_per_wp_czk_without_vat"":null,""properties"":{},""image_url"":""https://cdn.shop.krannich-solar.com/media/cb/e1/97/1750077168/1712878_3_e_c_e_3ecef0a391e337518d9e5bb775948f97c0f3995c_det_to_mc_plier_pv_azm.jpg.jpg?width=3000"",""has_quantity_discount"":false,""scraped_at"":""2026-07-04T10:00:45.351Z""}"
Krannich Solar;1719967;1719967;PV-AZM-410;"Odizolovací kleště 4; 6; 10 mm²";Příslušenství;Stäubli;2395.9;21;ks;https://shop.krannich-solar.com/cs-cz/PV-AZM-410/1719967;1 ks na skladě, možné naskladnění: 22.07.2026;"{""categories"":[""Příslušenství""],""price_raw"":""2 395,90 Kč*"",""price_per_wp_raw"":"""",""price_per_wp_czk_without_vat"":null,""properties"":{},""image_url"":""https://cdn.shop.krannich-solar.com/media/8c/3a/ab/1750078055/1719967_d_8_4_1_d841a188afea184f2d73182399cfcfd38d1d7add_det_to_mc_plier_pv_azm.jpg.jpg?width=3000"",""has_quantity_discount"":false,""scraped_at"":""2026-07-04T10:00:45.351Z""}"
Krannich Solar;1740629;1740629;PV-BVK4 MALE;Ochranná krytka konektoru;Příslušenství;Stäubli;15.28;21;ks;https://shop.krannich-solar.com/cs-cz/PV-BVK4-MALE/1740629;172 ks na skladě, možné naskladnění: 22.07.2026;"{""categories"":[""Příslušenství""],""price_raw"":""15,28 Kč*"",""price_per_wp_raw"":"""",""price_per_wp_czk_without_vat"":null,""properties"":{},""image_url"":""https://cdn.shop.krannich-solar.com/media/b3/6f/95/1750078048/1740629_8_5_c_2_85c2f634d5eba80b64638fd06a385e339971d9ff_det_cbc_mc_sealing_cap_female_mc4.jpg.jpg?width=3000"",""has_quantity_discount"":false,""scraped_at"":""2026-07-04T10:00:38.131Z""}"
Krannich Solar;1711814;1711814;PV-CZM-19100;Krimpovací kleště s vložkou pro MC4;Příslušenství;Stäubli;6042.62;21;ks;https://shop.krannich-solar.com/cs-cz/PV-CZM-19100/1711814;1 ks na skladě, možné naskladnění: 22.07.2026;"{""categories"":[""Příslušenství""],""price_raw"":""6 042,62 Kč*"",""price_per_wp_raw"":"""",""price_per_wp_czk_without_vat"":null,""properties"":{},""image_url"":""https://cdn.shop.krannich-solar.com/media/f1/d9/0c/1750173961/1711814_7_7_5_4_77546a3da758b193270473049484695f1c24c6ba_det_to_mc_crimping_pliers_mc4.jpg.jpg?width=3000"",""has_quantity_discount"":false,""scraped_at"":""2026-07-04T10:00:45.351Z""}"
Krannich Solar;1712879;1712879;PV-MS;Montážní klíče pro MC4;Příslušenství;Stäubli;91.42;21;ks;https://shop.krannich-solar.com/cs-cz/PV-MS/1712879;2 ks na skladě, možné naskladnění: 22.07.2026;"{""categories"":[""Příslušenství""],""price_raw"":""91,42 Kč*"",""price_per_wp_raw"":"""",""price_per_wp_czk_without_vat"":null,""properties"":{},""image_url"":""https://cdn.shop.krannich-solar.com/media/b0/cb/1a/1750077174/1712879_c_9_6_0_c960e45b2f6983fba4af573531b872f2472633d7_det_to_mc_spanner_set_pv_ms.jpg.jpg?width=3000"",""has_quantity_discount"":false,""scraped_at"":""2026-07-04T10:00:45.351Z""}"
Krannich Solar;1756596;1756596;PV-MS-MC4-Evo ready;Montážní klíče pro konektory MC4-Evo ready;Příslušenství;Stäubli;99.43;21;ks;https://shop.krannich-solar.com/cs-cz/PV-MS-MC4-Evo-ready/1756596;6 ks na skladě, možné naskladnění: 22.07.2026;"{""categories"":[""Příslušenství""],""price_raw"":""99,43 Kč*"",""price_per_wp_raw"":"""",""price_per_wp_czk_without_vat"":null,""properties"":{},""image_url"":""https://cdn.shop.krannich-solar.com/media/46/2d/20/1773849182/1756596_a_7_3_6_a7362392a7466100bdd582aaca66ff7c44ec87f5_det_to_mc_open_end_spanner_set_pv_ms_evo_ready.png.png?width=3000"",""has_quantity_discount"":false,""scraped_at"":""2026-07-04T10:00:43.013Z""}"
Krannich Solar;1741111;1741111;PV-MS-PLS;Montážní klíče pro konektory MC4 a EVO2;Příslušenství;Stäubli;447.9;21;ks;https://shop.krannich-solar.com/cs-cz/PV-MS-PLS/1741111;0 ks na skladě, možné naskladnění: 09.07.2026;"{""categories"":[""Příslušenství""],""price_raw"":""447,90 Kč*"",""price_per_wp_raw"":"""",""price_per_wp_czk_without_vat"":null,""properties"":{},""image_url"":""https://cdn.shop.krannich-solar.com/media/60/f4/24/1765195671/1741111_a_c_4_4_ac441ec06c14272ec817a37775d1b5cbe3cd7188_det_to_mc_open_end_spanner_set_pv_ms_pls.jpg.jpg?width=3000"",""has_quantity_discount"":false,""scraped_at"":""2026-07-04T10:00:47.685Z""}"
Krannich Solar;1740630;1740630;PV-SVK4 MALE;Ochranná krytka konektoru;Příslušenství;Stäubli;15.28;21;ks;https://shop.krannich-solar.com/cs-cz/PV-SVK4-MALE/1740630;176 ks na skladě, možné naskladnění: 22.07.2026;"{""categories"":[""Příslušenství""],""price_raw"":""15,28 Kč*"",""price_per_wp_raw"":"""",""price_per_wp_czk_without_vat"":null,""properties"":{},""image_url"":""https://cdn.shop.krannich-solar.com/media/8b/36/43/1750078050/1740630_b_3_1_9_b3195ac7d7a1b22c116cc704e916733c2e10feec_det_cbc_mc_sealing_cap_male_mc4.jpg.jpg?width=3000"",""has_quantity_discount"":false,""scraped_at"":""2026-07-04T10:00:38.131Z""}"
Krannich Solar;1753065;1753065;Tool case MC4 and MC4-Evo 2;Kufr s nářadím;Příslušenství;Stäubli;12366.05;21;ks;https://shop.krannich-solar.com/cs-cz/Tool-case-MC4-and-MC4-Evo-2/1753065;0 ks na skladě, možné naskladnění: 22.07.2026;"{""categories"":[""Příslušenství""],""price_raw"":""12 366,05 Kč*"",""price_per_wp_raw"":"""",""price_per_wp_czk_without_vat"":null,""properties"":{},""image_url"":""https://cdn.shop.krannich-solar.com/media/43/ae/66/1773849185/1753065_1_2_3_4_1234c34079decc6dfdfbd85ba2c20653620849be_det_to_mc_toolcase_mc4_mc4evo2.jpg.jpg?width=3000"",""has_quantity_discount"":false,""scraped_at"":""2026-07-04T10:00:47.686Z""}"
Krannich Solar;1757761;1757761;Logger 1000A-EU V11;až pro 30 zařízení;Příslušenství;Sungrow;11249.09;21;ks;https://shop.krannich-solar.com/cs-cz/Logger-1000A-EU-V11/1757761;0 ks na skladě, možné naskladnění: 29.07.2026;"{""categories"":[""Příslušenství""],""price_raw"":""11 249,09 Kč*"",""price_per_wp_raw"":"""",""price_per_wp_czk_without_vat"":null,""properties"":{},""image_url"":""https://cdn.shop.krannich-solar.com/media/2c/14/39/1750077741/1757761_5_a_6_d_5a6d768f769b6d524d95612f199f7e34a4de111a_det_dcl_sung_logger1000a_eu.png.png?width=3000"",""has_quantity_discount"":false,""scraped_at"":""2026-07-04T10:00:52.402Z""}"
Krannich Solar;1753784;1753784;TLPS-12-6;Elektronický spínaný zdroj 12 V;Příslušenství;T-LED;57.72;21;ks;https://shop.krannich-solar.com/cs-cz/TLPS-12-6/1753784;32 ks na skladě, poslední kusy;"{""categories"":[""Příslušenství"",""Výprodej""],""price_raw"":""57,72 Kč*"",""price_per_wp_raw"":"""",""price_per_wp_czk_without_vat"":null,""properties"":{},""image_url"":""https://cdn.shop.krannich-solar.com/media/29/b1/b0/1750077633/1753784_0_1_f_0_01f03c37b5b1a4ede16305c6e2c6bbbb19375e7d_1753784.jpg.jpg?width=3000"",""has_quantity_discount"":false,""scraped_at"":""2026-07-04T10:00:40.576Z""}"
Krannich Solar;1755400;1755400;RSS SIGNAL DETECTOR;Detektor signálu RSS;Příslušenství;Tigo Energy;4396.53;21;ks;https://shop.krannich-solar.com/cs-cz/RSS-SIGNAL-DETECTOR/1755400;0 ks na skladě, možné naskladnění: 28.07.2026;"{""categories"":[""Optimizéry"",""Příslušenství""],""price_raw"":""4 396,53 Kč*"",""price_per_wp_raw"":"""",""price_per_wp_czk_without_vat"":null,""properties"":{},""image_url"":""https://cdn.shop.krannich-solar.com/media/1f/57/38/1775744620/1755400_d_9_c_b_d9cb8f2b52e03464ee90144d0351c819fb1efad7_det_iva_ti_rss_signal_detector.png.png?width=3000"",""has_quantity_discount"":false,""scraped_at"":""2026-07-04T10:00:52.402Z""}"
Krannich Solar;1759497;1759497;TS4-F2 Female;Konektor Trina TS4-F2 samice;Příslušenství;Trina Solar;22.8;21;ks;https://shop.krannich-solar.com/cs-cz/TS4-F2-Female/1759497;20 ks na skladě, možné naskladnění: 22.07.2026;"{""categories"":[""Příslušenství""],""price_raw"":""22,80 Kč*"",""price_per_wp_raw"":"""",""price_per_wp_czk_without_vat"":null,""properties"":{},""image_url"":""https://cdn.shop.krannich-solar.com/media/38/37/40/1772093238/1759497_f_0_3_a_f03a592c1e32d9e11d64abce76eb22905f73f5c6_det_cbc_tsm_ts4_connector_female.jpg.jpg?width=3000"",""has_quantity_discount"":false,""scraped_at"":""2026-07-04T10:00:43.012Z""}"
Krannich Solar;1759496;1759496;TS4-M2 Male;Konektor Trina TS-4 samec;Příslušenství;Trina Solar;22.8;21;ks;https://shop.krannich-solar.com/cs-cz/TS4-M2-Male/1759496;30 ks na skladě, možné naskladnění: 22.07.2026;"{""categories"":[""Příslušenství""],""price_raw"":""22,80 Kč*"",""price_per_wp_raw"":"""",""price_per_wp_czk_without_vat"":null,""properties"":{},""image_url"":""https://cdn.shop.krannich-solar.com/media/59/36/51/1772093237/1759496_e_5_a_2_e5a29553625a45775a472262f23c0bbfb47f3dba_det_cbc_tsm_ts4_connector_male.jpg.jpg?width=3000"",""has_quantity_discount"":false,""scraped_at"":""2026-07-04T10:00:40.576Z""}"
Krannich Solar;1759235;1759235;PVI DC 1I 1O 1MPP SPD1 MC4 10;DC svodič přepětí typ 1+2;Příslušenství;Weidmüller;2610.51;21;ks;https://shop.krannich-solar.com/cs-cz/PVI-DC-1I-1O-1MPP-SPD1-MC4-10/1759235;0 ks na skladě, možné naskladnění: 22.07.2026;"{""categories"":[""Příslušenství""],""price_raw"":""2 610,51 Kč*"",""price_per_wp_raw"":"""",""price_per_wp_czk_without_vat"":null,""properties"":{},""image_url"":""https://cdn.shop.krannich-solar.com/media/aa/ce/88/1772806072/1759235_9_5_0_1_9501c346e0193503498d5a7b986fd1495da77ec0_krannich_gak_weidm__ller_pvi_dc_1i_1o_1mpp_spd1_mc4_10.png.png?width=3000"",""has_quantity_discount"":false,""scraped_at"":""2026-07-04T10:00:50.115Z""}"
Krannich Solar;1759236;1759236;PVI DC 1I 1O 2MPP SPD1 MC4 10;DC svodič přepětí typ 1+2;Příslušenství;Weidmüller;3710.98;21;ks;https://shop.krannich-solar.com/cs-cz/PVI-DC-1I-1O-2MPP-SPD1-MC4-10/1759236;0 ks na skladě, možné naskladnění: 22.07.2026;"{""categories"":[""Příslušenství""],""price_raw"":""3 710,98 Kč*"",""price_per_wp_raw"":"""",""price_per_wp_czk_without_vat"":null,""properties"":{},""image_url"":""https://cdn.shop.krannich-solar.com/media/f4/60/74/1772806072/1759236_d_d_8_5_dd85baeb5748f45e84290697c259c0a6770bd882_krannich_gak_weidm__ller_pvi_dc_1i_1o_2mpp_spd1_mc4_10.png.png?width=3000"",""has_quantity_discount"":false,""scraped_at"":""2026-07-04T10:00:50.115Z""}"
Krannich Solar;1761123;1761123;AIKO-A465-MAH54Mw;NEOSTAR 2P Mono-Glass fotovoltaický panel;Solární panely;AIKO Solar;1473.92;21;ks;https://shop.krannich-solar.com/cs-cz/AIKO-A465-MAH54Mw/1761123;0 ks na skladě, dostupnost na vyžádání, -;"{""categories"":[""Solární panely""],""price_raw"":""1 473,92 Kč*"",""price_per_wp_raw"":""3,170 Kč*"",""price_per_wp_czk_without_vat"":3.17,""properties"":{""Barva rámu"":""černá"",""Počet článků (ks)"":""108""},""image_url"":""https://cdn.shop.krannich-solar.com/media/67/e8/a9/1773991742/1761123_a_c_d_f_acdf4317c40a4f5ff237eca12bacfd9f6d6b09f3_det_sm_ai_neostar_2p_mah54mw_bw.png.png?width=3000"",""has_quantity_discount"":true,""scraped_at"":""2026-07-04T10:01:35.894Z""}"
Krannich Solar;1758828;1758828;AIKO-A475-MCE54Mb G3;NEOSTAR Pro 3S54 Mono-Glass fotovoltaický panel;Solární panely;AIKO Solar;2150.49;21;ks;https://shop.krannich-solar.com/cs-cz/AIKO-A475-MCE54Mb-G3/1758828;0 ks na skladě, dostupnost na vyžádání, -;"{""categories"":[""Solární panely""],""price_raw"":""2 150,49 Kč*"",""price_per_wp_raw"":""4,528 Kč*"",""price_per_wp_czk_without_vat"":4.528,""properties"":{""Barva rámu"":""černá"",""Počet článků (ks)"":""108""},""image_url"":""https://cdn.shop.krannich-solar.com/media/9a/53/60/1771303305/1758828_9_4_7_7_9477726594f7636427f0f1f9f3f8eab06af184de_det_sm_ai_bb_460_485w_mce54mb_g3.jpg.jpg?width=3000"",""has_quantity_discount"":true,""scraped_at"":""2026-07-04T10:01:35.895Z""}"
Krannich Solar;1761867;1761867;AIKO-A480-MCE54Db;NEOSTAR Pro 3S+54 Dual-Glass fotovoltaický panel;Solární panely;AIKO Solar;2311.75;21;ks;https://shop.krannich-solar.com/cs-cz/AIKO-A480-MCE54Db/1761867;0 ks na skladě, dostupnost na vyžádání, -;"{""categories"":[""Solární panely""],""price_raw"":""2 311,75 Kč*"",""price_per_wp_raw"":""4,816 Kč*"",""price_per_wp_czk_without_vat"":4.816,""properties"":{""Barva podkladu ze spodní strany"":""černá"",""Barva rámu"":""černá"",""Počet článků (ks)"":""108""},""image_url"":""https://cdn.shop.krannich-solar.com/media/83/8c/d7/1772116643/1761867_2_0_1_1_2011b7fb51de1791a31a2f89a6ba8c7ce8fc8f8c_kr_mod_aiko_mce54db_460_490W_1762x1134x30_image.png.png?width=3000"",""has_quantity_discount"":true,""scraped_at"":""2026-07-04T10:01:35.894Z""}"
Krannich Solar;1762078;1762078;AIKO-A485-MCE54Db;NEOSTAR Pro 3S+54 Dual-Glass fotovoltaický panel;Solární panely;AIKO Solar;2488.78;21;ks;https://shop.krannich-solar.com/cs-cz/AIKO-A485-MCE54Db/1762078;0 ks na skladě, dostupnost na vyžádání, -;"{""categories"":[""Solární panely""],""price_raw"":""2 488,78 Kč*"",""price_per_wp_raw"":""5,131 Kč*"",""price_per_wp_czk_without_vat"":5.131,""properties"":{""Barva podkladu ze spodní strany"":""černá"",""Barva rámu"":""černá"",""Počet článků (ks)"":""108""},""image_url"":""https://cdn.shop.krannich-solar.com/media/5e/a1/68/1772116644/1762078_2_0_1_1_2011b7fb51de1791a31a2f89a6ba8c7ce8fc8f8c_kr_mod_aiko_mce54db_460_490W_1762x1134x30_image.png.png?width=3000"",""has_quantity_discount"":true,""scraped_at"":""2026-07-04T10:01:35.894Z""}"
Krannich Solar;1761868;1761868;AIKO-A485-MCE54Mb G3;NEOSTAR Pro 3S54 Mono-Glass fotovoltaický panel;Solární panely;AIKO Solar;2406.33;21;ks;https://shop.krannich-solar.com/cs-cz/AIKO-A485-MCE54Mb-G3/1761868;0 ks na skladě, dostupnost na vyžádání, -;"{""categories"":[""Solární panely""],""price_raw"":""2 406,33 Kč*"",""price_per_wp_raw"":""4,962 Kč*"",""price_per_wp_czk_without_vat"":4.962,""properties"":{""Barva rámu"":""černá"",""Počet článků (ks)"":""108""},""image_url"":""https://cdn.shop.krannich-solar.com/media/91/59/38/1772116643/1761868_d_b_6_b_db6b8367e0cf7fdbba57cfc504c9b43640ddaed2_det_sm_ai_bb_460_485w_mce54mb_g3.jpg.jpg?width=3000"",""has_quantity_discount"":true,""scraped_at"":""2026-07-04T10:01:35.894Z""}"
Krannich Solar;1759211;1759211;AIKO-A485-MCE54Mw 15Y;NEOSTAR 3P54 Mono-Glass fotovoltaický panel;Solární panely;AIKO Solar;1736.06;21;ks;https://shop.krannich-solar.com/cs-cz/AIKO-A485-MCE54Mw-15Y/1759211;0 ks na skladě, dostupnost na vyžádání, -;"{""categories"":[""Solární panely""],""price_raw"":""1 736,06 Kč*"",""price_per_wp_raw"":""3,579 Kč*"",""price_per_wp_czk_without_vat"":3.579,""properties"":{""Barva rámu"":""černá"",""Počet článků (ks)"":""108""},""image_url"":""https://cdn.shop.krannich-solar.com/media/51/9b/c2/1772116642/1759211_8_c_b_c_8cbcc1b4e6f4cff24eda3af7b03a999dc7fe7425_krannich_mod_aiko_mce54mw_470_495wp_image.png.png?width=3000"",""has_quantity_discount"":true,""scraped_at"":""2026-07-04T10:01:35.894Z""}"
Krannich Solar;1759061;1759061;AIKO-A485-MCE54Mw 25Y;NEOSTAR 3P54 Mono-Glass fotovoltaický panel;Solární panely;AIKO Solar;1771.22;21;ks;https://shop.krannich-solar.com/cs-cz/AIKO-A485-MCE54Mw-25Y/1759061;0 ks na skladě, dostupnost na vyžádání, -;"{""categories"":[""Solární panely""],""price_raw"":""1 771,22 Kč*"",""price_per_wp_raw"":""3,652 Kč*"",""price_per_wp_czk_without_vat"":3.652,""properties"":{""Barva rámu"":""černá"",""Počet článků (ks)"":""108""},""image_url"":""https://cdn.shop.krannich-solar.com/media/e2/a5/23/1772116642/1759061_8_c_b_c_8cbcc1b4e6f4cff24eda3af7b03a999dc7fe7425_krannich_mod_aiko_mce54mw_470_495wp_image.png.png?width=3000"",""has_quantity_discount"":true,""scraped_at"":""2026-07-04T10:01:35.894Z""}"
Krannich Solar;1760078;1760078;AIKO-A490-MCE54Mw 15Y;NEOSTAR 3P54 Mono-Glass fotovoltaický panel;Solární panely;AIKO Solar;2110.24;21;ks;https://shop.krannich-solar.com/cs-cz/AIKO-A490-MCE54Mw-15Y/1760078;0 ks na skladě, dostupnost na vyžádání, -;"{""categories"":[""Solární panely""],""price_raw"":""2 110,24 Kč*"",""price_per_wp_raw"":""4,307 Kč*"",""price_per_wp_czk_without_vat"":4.307,""properties"":{""Barva rámu"":""černá"",""Počet článků (ks)"":""108""},""image_url"":""https://cdn.shop.krannich-solar.com/media/7b/4b/5b/1772116642/1760078_8_2_6_8_826864c9921a04acfb9b9b501c5ee6249f1c889a_krannich_mod_aiko_mce54mw_470_495wp_image.png.png?width=3000"",""has_quantity_discount"":true,""scraped_at"":""2026-07-04T10:01:35.894Z""}"
Krannich Solar;1762079;1762079;AIKO-A495-MCE54Mw;NEOSTAR 3P54 Mono-Glass fotovoltaický panel;Solární panely;AIKO Solar;2212.33;21;ks;https://shop.krannich-solar.com/cs-cz/AIKO-A495-MCE54Mw/1762079;0 ks na skladě, dostupnost na vyžádání, -;"{""categories"":[""Solární panely""],""price_raw"":""2 212,33 Kč*"",""price_per_wp_raw"":""4,469 Kč*"",""price_per_wp_czk_without_vat"":4.469,""properties"":{""Barva rámu"":""černá"",""Počet článků (ks)"":""108""},""image_url"":""https://cdn.shop.krannich-solar.com/media/18/12/20/1774693428/1762079_b_b_3_a_bb3a75b50a6e6c58f86b5c50dc42f8fdf70df30c_det_sm_ai_neostar3p54_aiko_a_mce54Mw.png.png?width=3000"",""has_quantity_discount"":false,""scraped_at"":""2026-07-04T10:01:35.894Z""}"
Krannich Solar;1763670;1763670;AC-450TGBL/108BB;AXIblackbiperfect GL;Solární panely;AXITEC;1309.5;21;ks;https://shop.krannich-solar.com/cs-cz/AC-450TGBL-108BB/1763670;2 ks na skladě, poslední kusy;"{""categories"":[""Solární panely"",""Výprodej""],""price_raw"":""1 309,50 Kč*"",""price_per_wp_raw"":""2,910 Kč*"",""price_per_wp_czk_without_vat"":2.91,""properties"":{""Barva rámu"":""černá"",""Počet článků (ks)"":""108""},""image_url"":""https://cdn.shop.krannich-solar.com/media/f1/f6/90/1772543239/1763670_d_b_f_f_dbff9fb58708472f705b17fbb14cee0adc71b92a_krannich_Image_axitec_module_axiblackbiperfect_gxxl_ac420tgb_108bb_1500v_1200mm.png.png?width=3000"",""has_quantity_discount"":false,""scraped_at"":""2026-07-04T10:01:33.041Z""}"
Krannich Solar;1758288;1758288;AC-460TFML/108WB;AXIperfect FL WB;Solární panely;AXITEC;1626.45;21;ks;https://shop.krannich-solar.com/cs-cz/AC-460TFML-108WB/1758288;0 ks na skladě, možné naskladnění: 22.07.2026;"{""categories"":[""Solární panely""],""price_raw"":""1 626,45 Kč*"",""price_per_wp_raw"":""3,536 Kč*"",""price_per_wp_czk_without_vat"":3.536,""properties"":{""Barva rámu"":""černá"",""Počet článků (ks)"":""108""},""image_url"":""https://cdn.shop.krannich-solar.com/media/5b/f9/ba/1770995315/1758288_e_a_f_b_eafb46a6a7c4ac1ebef107a0cf69f64d4788d299_det_sm_ac_mono_108_axiperfect_fr_wb_450_460wp.png.png?width=3000"",""has_quantity_discount"":true,""scraped_at"":""2026-07-04T10:01:33.042Z""}"
Krannich Solar;1764159;1764159;AC-460TGB/96WB;AXIworldbiperfect GQ WB;Solární panely;AXITEC;1665.49;21;ks;https://shop.krannich-solar.com/cs-cz/AC-460TGB-96WB/1764159;1713 ks na skladě, možné naskladnění: 05.08.2026;"{""categories"":[""Solární panely""],""price_raw"":""1 665,49 Kč*"",""price_per_wp_raw"":""3,620 Kč*"",""price_per_wp_czk_without_vat"":3.62,""properties"":{""Barva rámu"":""černá"",""Počet článků (ks)"":""96""},""image_url"":""https://cdn.shop.krannich-solar.com/media/bc/0d/20/1776855126/1764159_a_2_1_c_a21c3e34ab593832c2554e1cd76e00198e7c25e4_det_sm_ac_mono_96_premium_xxl_hc_blk.jpg.jpg?width=3000"",""has_quantity_discount"":true,""scraped_at"":""2026-07-04T10:01:30.205Z""}"
Krannich Solar;1764348;1764348;AC-460TGM/96BB;AXIblackperfect GQ;Solární panely;AXITEC;1793.77;21;ks;https://shop.krannich-solar.com/cs-cz/AC-460TGM-96BB/1764348;0 ks na skladě, možné naskladnění: 26.08.2026;"{""categories"":[""Solární panely""],""price_raw"":""1 793,77 Kč*"",""price_per_wp_raw"":""3,899 Kč*"",""price_per_wp_czk_without_vat"":3.899,""properties"":{""Barva rámu"":""černá"",""Počet článků (ks)"":""96""},""image_url"":""https://cdn.shop.krannich-solar.com/media/eb/5f/f6/1779868347/1764348_4_8_e_b_48ebf6965f5ebfbebd8c18ac4bf058935a331749_det_sm_ac_mono_96_blackpremium_xxl_hc.jpg.jpg?width=3000"",""has_quantity_discount"":true,""scraped_at"":""2026-07-04T10:01:33.043Z""}"
Krannich Solar;1764629;1764629;AC-510TGB/108WB;AXIbiperfect GQ WB;Solární panely;AXITEC;;21;ks;https://shop.krannich-solar.com/cs-cz/AC-510TGB-108WB/1764629;;"{""categories"":[""Solární panely""],""price_raw"":"""",""price_per_wp_raw"":"""",""price_per_wp_czk_without_vat"":null,""properties"":{""Barva podkladu ze spodní strany"":""bílá"",""Barva rámu"":""černá"",""Počet článků (ks)"":""108""},""image_url"":""https://cdn.shop.krannich-solar.com/media/31/6e/5a/1780404760/1764629_7_6_b_c_76bca2f081aefd53aa95a4d911dbcc5c6dd902af_det_sm_ac_mono_108_perfect_fxxl_wb.jpg.jpg?width=3000"",""has_quantity_discount"":false,""scraped_at"":""2026-07-04T10:01:35.894Z""}"
Krannich Solar;1764185;1764185;AC-595TGB/144WS;AXIbiperfect GXXL;Solární panely;AXITEC;2193.17;21;ks;https://shop.krannich-solar.com/cs-cz/AC-595TGB-144WS/1764185;0 ks na skladě, možné naskladnění: 29.07.2026;"{""categories"":[""Solární panely""],""price_raw"":""2 193,17 Kč*"",""price_per_wp_raw"":""3,686 Kč*"",""price_per_wp_czk_without_vat"":3.686,""properties"":{""Barva rámu"":""stříbrná"",""Počet článků (ks)"":""144""},""image_url"":""https://cdn.shop.krannich-solar.com/media/6d/d4/e5/1781247124/1764185_2_1_7_b_217bf4674efcab9c8ddee33ecb3c50529e4d0fcb_det_sm_ac_mono_144_biperfect_gxxl_ts.png.png?width=3000"",""has_quantity_discount"":true,""scraped_at"":""2026-07-04T10:01:33.042Z""}"
Krannich Solar;1763357;1763357;AC-635TGB/132TS;AXIbiperfect GQ WS;Solární panely;AXITEC;2308.36;21;ks;https://shop.krannich-solar.com/cs-cz/AC-635TGB-132TS/1763357;0 ks na skladě, možné naskladnění: 04.11.2026;"{""categories"":[""Solární panely""],""price_raw"":""2 308,36 Kč*"",""price_per_wp_raw"":""3,635 Kč*"",""price_per_wp_czk_without_vat"":3.635,""properties"":{""Barva rámu"":""stříbrná"",""Počet článků (ks)"":""132""},""image_url"":""https://cdn.shop.krannich-solar.com/media/a7/83/8b/1778667721/1763357_7_1_a_f_71afe756bdcddfab644f35d60a2309650788091f_det_sm_ac_mono_132_biperfect_gq_ts_silver_frame.png.png?width=3000"",""has_quantity_discount"":true,""scraped_at"":""2026-07-04T10:01:35.894Z""}"
Krannich Solar;1763683;1763683;DHN-48Z16/DG(BB)-455W;DHN-48Z16/DG(BB) Double Glass;Solární panely;DAH Solar;1520.48;21;ks;https://shop.krannich-solar.com/cs-cz/DHN-48Z16-DG-BB-455W/1763683;31 ks na skladě, poslední kusy;"{""categories"":[""Solární panely""],""price_raw"":""1 520,48 Kč*"",""price_per_wp_raw"":""3,342 Kč*"",""price_per_wp_czk_without_vat"":3.342,""properties"":{""Barva podkladu ze spodní strany"":""černá"",""Barva rámu"":""černá"",""Počet článků (ks)"":""96""},""image_url"":""https://cdn.shop.krannich-solar.com/media/39/g0/64/1774691504/1763683_f_8_9_9_f899b07a1a4554062daf51fb32cbc17025c991b2_det_smg_dah_dhn_48z16_dg_bb_435_465w.png.png?width=3000"",""has_quantity_discount"":true,""scraped_at"":""2026-07-04T10:01:30.206Z""}"
Krannich Solar;1763120;1763120;DHN-54Z16/DG(BW)-510W;DHN-54Z16/DG(BW) Double Glass;Solární panely;DAH Solar;1484.1;21;ks;https://shop.krannich-solar.com/cs-cz/DHN-54Z16-DG-BW-510W/1763120;2 ks na skladě, poslední kusy;"{""categories"":[""Solární panely"",""Výprodej""],""price_raw"":""1 484,10 Kč*"",""price_per_wp_raw"":""2,910 Kč*"",""price_per_wp_czk_without_vat"":2.91,""properties"":{""Barva rámu"":""černá"",""Počet článků (ks)"":""108""},""image_url"":""https://cdn.shop.krannich-solar.com/media/5a/25/5d/1772087773/1763120_2_5_8_2_2582f613f62581e6315c0866d0cf7b1488bb22ff_det_smg_dah_dhn_54z16_dg_bw_490_520w.png.png?width=3000"",""has_quantity_discount"":false,""scraped_at"":""2026-07-04T10:01:33.041Z""}"
Krannich Solar;1755199;1755199;DAS-DH108NA-440W;DAS-DH108NA;Solární panely;DAS Solar;1280.4;21;ks;https://shop.krannich-solar.com/cs-cz/DAS-DH108NA-440W/1755199;4 ks na skladě, poslední kusy;"{""categories"":[""Solární panely"",""Výprodej""],""price_raw"":""1 280,40 Kč*"",""price_per_wp_raw"":""2,910 Kč*"",""price_per_wp_czk_without_vat"":2.91,""properties"":{""Barva rámu"":""černá"",""Počet článků (ks)"":""108""},""image_url"":""https://cdn.shop.krannich-solar.com/media/c0/e9/a3/1750077395/1755199_5_2_2_f_522fd8a7ed75e3542c4920376632707a087ddb21_krannich_image_dassolar_module_bifaziales_glas_glas_schwarz_430dh108na_1500V_1200mm.png.png?width=3000"",""has_quantity_discount"":false,""scraped_at"":""2026-07-04T10:01:30.206Z""}"
Krannich Solar;1764033;1764033;DMEGC-515;DM515G12RT-B54HBW;Solární panely;DMEGC;1815.84;21;ks;https://shop.krannich-solar.com/cs-cz/DMEGC-515/1764033;0 ks na skladě, možné naskladnění: 29.07.2026;"{""categories"":[""Solární panely""],""price_raw"":""1 815,84 Kč*"",""price_per_wp_raw"":""3,526 Kč*"",""price_per_wp_czk_without_vat"":3.526,""properties"":{""Barva rámu"":""černá"",""Počet článků (ks)"":""108""},""image_url"":""https://cdn.shop.krannich-solar.com/media/4a/83/f7/1781251002/1764033_0_8_7_0_0870321fb262fdcb81b4e052362e9aeb4a493ac4_det_smg_dmegc_mono_108_dmxxxg12rt_b54hbw.png.png?width=3000"",""has_quantity_discount"":true,""scraped_at"":""2026-07-04T10:01:33.042Z""}"
Krannich Solar;1759081;1759081;JAM54D40-460/LB;JAM54D40;Solární panely;JA Solar;1615.29;21;ks;https://shop.krannich-solar.com/cs-cz/JAM54D40-460-LB/1759081;0 ks na skladě, možné naskladnění: 22.07.2026;"{""categories"":[""Solární panely""],""price_raw"":""1 615,29 Kč*"",""price_per_wp_raw"":""3,511 Kč*"",""price_per_wp_czk_without_vat"":3.511,""properties"":{""Barva rámu"":""černá"",""Počet článků (ks)"":""108""},""image_url"":""https://cdn.shop.krannich-solar.com/media/20/92/47/1770995317/1759081_f_8_4_7_f84746948b53cf8daa4298d7dd9af43ec82ddd5b_det_sm_ja_mono_108_jam54d40lb_435_460w.png.png?width=3000"",""has_quantity_discount"":true,""scraped_at"":""2026-07-04T10:01:33.042Z""}"
Krannich Solar;1763193;1763193;JAM54D40-465/LB;JAM54D40;Solární panely;JA Solar;1597.83;21;ks;https://shop.krannich-solar.com/cs-cz/JAM54D40-465-LB/1763193;0 ks na skladě, možné naskladnění: 22.07.2026;"{""categories"":[""Solární panely""],""price_raw"":""1 597,83 Kč*"",""price_per_wp_raw"":""3,436 Kč*"",""price_per_wp_czk_without_vat"":3.436,""properties"":{""Barva rámu"":""černá"",""Počet článků (ks)"":""108""},""image_url"":""https://cdn.shop.krannich-solar.com/media/3b/40/95/1770995323/1763193_f_8_4_7_f84746948b53cf8daa4298d7dd9af43ec82ddd5b_det_sm_ja_mono_108_jam54d40lb_435_460w.png.png?width=3000"",""has_quantity_discount"":true,""scraped_at"":""2026-07-04T10:01:33.042Z""}"
Krannich Solar;1761820;1761820;JAM54D40-465/LR;JAM54D40 LR;Solární panely;JA Solar;1412.81;21;ks;https://shop.krannich-solar.com/cs-cz/JAM54D40-465-LR/1761820;369 ks na skladě, možné naskladnění: 22.07.2026;"{""categories"":[""Solární panely""],""price_raw"":""1 412,81 Kč*"",""price_per_wp_raw"":""3,038 Kč*"",""price_per_wp_czk_without_vat"":3.038,""properties"":{""Barva rámu"":""černá"",""Počet článků (ks)"":""108""},""image_url"":""https://cdn.shop.krannich-solar.com/media/f1/0f/54/1770004772/1761820_f_8_4_7_f84746948b53cf8daa4298d7dd9af43ec82ddd5b_det_sm_ja_mono_108_jam54d40lb_435_460w.png.png?width=3000"",""has_quantity_discount"":true,""scraped_at"":""2026-07-04T10:01:30.205Z""}"
Krannich Solar;1763194;1763194;JAM54D40-470/LR;JAM54D40;Solární panely;JA Solar;1706.23;21;ks;https://shop.krannich-solar.com/cs-cz/JAM54D40-470-LR/1763194;0 ks na skladě, možné naskladnění: 22.07.2026;"{""categories"":[""Solární panely""],""price_raw"":""1 706,23 Kč*"",""price_per_wp_raw"":""3,630 Kč*"",""price_per_wp_czk_without_vat"":3.63,""properties"":{""Barva rámu"":""černá"",""Počet článků (ks)"":""108""},""image_url"":""https://cdn.shop.krannich-solar.com/media/1e/d4/a3/1770995324/1763194_f_8_4_7_f84746948b53cf8daa4298d7dd9af43ec82ddd5b_det_sm_ja_mono_108_jam54d40lb_435_460w.png.png?width=3000"",""has_quantity_discount"":true,""scraped_at"":""2026-07-04T10:01:33.042Z""}"
Krannich Solar;1762412;1762412;JAM54D41-460/LR;JAM54D41 LR;Solární panely;JA Solar;1338.6;21;ks;https://shop.krannich-solar.com/cs-cz/JAM54D41-460-LR/1762412;3 ks na skladě, poslední kusy;"{""categories"":[""Solární panely"",""Výprodej""],""price_raw"":""1 338,60 Kč*"",""price_per_wp_raw"":""2,910 Kč*"",""price_per_wp_czk_without_vat"":2.91,""properties"":{""Barva rámu"":""černá"",""Počet článků (ks)"":""108""},""image_url"":""https://cdn.shop.krannich-solar.com/media/21/84/af/1770004773/1762412_b_d_a_3_bda33a937a72c197c041d94fb59c71c380c37a66_det_smg_ja_mono_108_jam54d41_lr.png.png?width=3000"",""has_quantity_discount"":false,""scraped_at"":""2026-07-04T10:01:30.206Z""}"
Krannich Solar;1762943;1762943;JAM54D41-465/LR;JAM54D41;Solární panely;JA Solar;1560.73;21;ks;https://shop.krannich-solar.com/cs-cz/JAM54D41-465-LR/1762943;930 ks na skladě, možné naskladnění: 22.07.2026;"{""categories"":[""Solární panely""],""price_raw"":""1 560,73 Kč*"",""price_per_wp_raw"":""3,356 Kč*"",""price_per_wp_czk_without_vat"":3.356,""properties"":{""Barva rámu"":""černá"",""Počet článků (ks)"":""108""},""image_url"":""https://cdn.shop.krannich-solar.com/media/4b/14/6a/1770995323/1762943_b_d_a_3_bda33a937a72c197c041d94fb59c71c380c37a66_det_smg_ja_mono_108_jam54d41_lr.png.png?width=3000"",""has_quantity_discount"":true,""scraped_at"":""2026-07-04T10:01:30.205Z""}"
Krannich Solar;1763793;1763793;JKM470N-48QL6-DB;Tiger Neo III JKM470N-48QL6-DB;Solární panely;JinkoSolar;1820.21;21;ks;https://shop.krannich-solar.com/cs-cz/JKM470N-48QL6-DB/1763793;0 ks na skladě, možné naskladnění: 05.08.2026;"{""categories"":[""Solární panely""],""price_raw"":""1 820,21 Kč*"",""price_per_wp_raw"":""3,873 Kč*"",""price_per_wp_czk_without_vat"":3.873,""properties"":{""Barva rámu"":""černá"",""Počet článků (ks)"":""192""},""image_url"":""https://cdn.shop.krannich-solar.com/media/48/08/02/1781614340/1763793_c_0_c_f_c0cfe8ae697067321d7d85ab09ddfe93e9c600cf_det_smg_jk_mono_48ql6_db_tiger_neo_iii_all_black.png.png?width=3000"",""has_quantity_discount"":true,""scraped_at"":""2026-07-04T10:01:33.042Z""}"
Krannich Solar;1763792;1763792;JKM475N-48QL6-DV;Tiger Neo III JKM475N-48QL6-DV;Solární panely;JinkoSolar;1839.61;21;ks;https://shop.krannich-solar.com/cs-cz/JKM475N-48QL6-DV/1763792;0 ks na skladě, možné naskladnění: 05.08.2026;"{""categories"":[""Solární panely""],""price_raw"":""1 839,61 Kč*"",""price_per_wp_raw"":""3,873 Kč*"",""price_per_wp_czk_without_vat"":3.873,""properties"":{""Barva rámu"":""černá"",""Počet článků (ks)"":""192""},""image_url"":""https://cdn.shop.krannich-solar.com/media/a4/5d/25/1781614340/1763792_b_7_4_1_b74129d12e9032bd415b9a1d9788389aa5b14e6a_det_smg_jk_mono_48ql6_dv_tiger_neo_iii_black_frame.png.png?width=3000"",""has_quantity_discount"":true,""scraped_at"":""2026-07-04T10:01:33.042Z""}"
Krannich Solar;1759015;1759015;LR7-54HVB-480M;Hi-MO X10 Artist LR7-54HVB;Solární panely;Longi;2288.47;21;ks;https://shop.krannich-solar.com/cs-cz/LR7-54HVB-480M/1759015;0 ks na skladě, možné naskladnění: 22.07.2026;"{""categories"":[""Solární panely""],""price_raw"":""2 288,47 Kč*"",""price_per_wp_raw"":""4,768 Kč*"",""price_per_wp_czk_without_vat"":4.768,""properties"":{""Barva podkladu ze spodní strany"":""bílá"",""Barva rámu"":""černá"",""Počet článků (ks)"":""108""},""image_url"":""https://cdn.shop.krannich-solar.com/media/12/d2/50/1750167271/1759015_d_7_6_e_d76ea3df7185ae15241ee8fe57a5c5c5521bb2d9_krannich_mod_longi_hi_mo_x10_lr7_54hvh_475_490m_artist_1800x1134x30_3.2_image.png.png?width=3000"",""has_quantity_discount"":true,""scraped_at"":""2026-07-04T10:01:33.042Z""}"
Krannich Solar;1761779;1761779;LR7-54HVBB-470M;EcoLife X10 Dual Glass Black;Solární panely;Longi;2126.73;21;ks;https://shop.krannich-solar.com/cs-cz/LR7-54HVBB-470M/1761779;0 ks na skladě, možné naskladnění: 22.07.2026;"{""categories"":[""Solární panely""],""price_raw"":""2 126,73 Kč*"",""price_per_wp_raw"":""4,525 Kč*"",""price_per_wp_czk_without_vat"":4.525,""properties"":{""Barva podkladu ze spodní strany"":""černá"",""Barva rámu"":""černá"",""Počet článků (ks)"":""108""},""image_url"":""https://cdn.shop.krannich-solar.com/media/a3/28/89/1758182785/1761779_f_9_9_5_f995005fdc0d069326b1225cbde03b8f4252c461_det_smg_ls_ecolife_470_485_full_black.png.png?width=3000"",""has_quantity_discount"":true,""scraped_at"":""2026-07-04T10:01:33.042Z""}"
Krannich Solar;1761780;1761780;LR7-54HVBB-475M;EcoLife X10 Dual Glass Black;Solární panely;Longi;2104.42;21;ks;https://shop.krannich-solar.com/cs-cz/LR7-54HVBB-475M/1761780;0 ks na skladě, možné naskladnění: 22.07.2026;"{""categories"":[""Solární panely""],""price_raw"":""2 104,42 Kč*"",""price_per_wp_raw"":""4,430 Kč*"",""price_per_wp_czk_without_vat"":4.43,""properties"":{""Barva podkladu ze spodní strany"":""černá"",""Barva rámu"":""černá"",""Počet článků (ks)"":""108""},""image_url"":""https://cdn.shop.krannich-solar.com/media/52/d0/88/1755171416/1761780_1_f_7_b_1f7b4c9a747730a9db2b6efab5d302ac69f34260_det_smg_ls_ecolife_470_485_full_black.png.png?width=3000"",""has_quantity_discount"":true,""scraped_at"":""2026-07-04T10:01:33.042Z""}"
Krannich Solar;1761776;1761776;LR7-54HVD-475M;Hi-MO X10 Scientist, LR7-54HVD;Solární panely;Longi;1655.31;21;ks;https://shop.krannich-solar.com/cs-cz/LR7-54HVD-475M/1761776;0 ks na skladě, možné naskladnění: 22.07.2026;"{""categories"":[""Solární panely""],""price_raw"":""1 655,31 Kč*"",""price_per_wp_raw"":""3,485 Kč*"",""price_per_wp_czk_without_vat"":3.485,""properties"":{""Barva podkladu ze spodní strany"":""černá"",""Barva rámu"":""černá"",""Počet článků (ks)"":""108""},""image_url"":""https://cdn.shop.krannich-solar.com/media/da/86/21/1758182784/1761776_4_4_7_5_447510c4cf3fe2d986439713d354ccdc5c7ba0fc_det_smg_longi_hi_mo_x10_lr7_54hvd_475_495m_scientist_1800x1134x30.png.png?width=3000"",""has_quantity_discount"":true,""scraped_at"":""2026-07-04T10:01:33.042Z""}"
Krannich Solar;1762652;1762652;LR7-54HVD-T-470M;Hi-MO X10, LR7-54HVD-T (Black design);Solární panely;Longi;1641.24;21;ks;https://shop.krannich-solar.com/cs-cz/LR7-54HVD-T-470M/1762652;1244 ks na skladě, možné naskladnění: 12.08.2026;"{""categories"":[""Solární panely""],""price_raw"":""1 641,24 Kč*"",""price_per_wp_raw"":""3,492 Kč*"",""price_per_wp_czk_without_vat"":3.492,""properties"":{""Barva rámu"":""černá"",""Počet článků (ks)"":""108""},""image_url"":""https://cdn.shop.krannich-solar.com/media/9c/65/58/1761811607/1762652_f_8_0_3_f803afb217105c9be5668caa58d88cd239ceebcd_det_sm_ls_lr7_54hvd_transparent_black_frame.png.png?width=3000"",""has_quantity_discount"":false,""scraped_at"":""2026-07-04T10:01:30.205Z""}"
Krannich Solar;1758568;1758568;LR7-54HVH-485M;Hi-MO X10 Explorer;Solární panely;Longi;1634.94;21;ks;https://shop.krannich-solar.com/cs-cz/LR7-54HVH-485M/1758568;403 ks na skladě, možné naskladnění: 04.09.2026;"{""categories"":[""Solární panely""],""price_raw"":""1 634,94 Kč*"",""price_per_wp_raw"":""3,371 Kč*"",""price_per_wp_czk_without_vat"":3.371,""properties"":{""Barva rámu"":""černá"",""Počet článků (ks)"":""108""},""image_url"":""https://cdn.shop.krannich-solar.com/media/e4/54/23/1750077807/1758568_4_7_5_2_4752311d591f23e7beb564b1ebaf5e4801f58e82_krannich_mod_longi_hi_mo_x10_lr7_54hvh_475_490m_explorer_1800x1134x30_3.2_image.png.png?width=3000"",""has_quantity_discount"":false,""scraped_at"":""2026-07-04T10:01:30.205Z""}"
Krannich Solar;1758851;1758851;LR7-60HTB-505M;Hi-MO X6Max Artist, LR7-60HTB;Solární panely;Longi;1469.55;21;ks;https://shop.krannich-solar.com/cs-cz/LR7-60HTB-505M/1758851;2 ks na skladě, poslední kusy;"{""categories"":[""Solární panely"",""Výprodej""],""price_raw"":""1 469,55 Kč*"",""price_per_wp_raw"":""2,910 Kč*"",""price_per_wp_czk_without_vat"":2.91,""properties"":{""Barva rámu"":""černá"",""Počet článků (ks)"":""120""},""image_url"":""https://cdn.shop.krannich-solar.com/media/15/de/79/1750928777/1758851_1_b_2_f_1b2ff213ad82eadf19fb7d2a6eba903a4329e0e7_Hi_MO_X6_Max_LR7_60HTB_2.png.png?width=3000"",""has_quantity_discount"":false,""scraped_at"":""2026-07-04T10:01:33.041Z""}"
Krannich Solar;1763966;1763966;LR7-60HVD 530M;Hi-MO X10 Scientist, LR7-60HVD;Solární panely;Longi;1799.35;21;ks;https://shop.krannich-solar.com/cs-cz/LR7-60HVD-530M/1763966;3314 ks na skladě, možné naskladnění: 19.08.2026;"{""categories"":[""Solární panely""],""price_raw"":""1 799,35 Kč*"",""price_per_wp_raw"":""3,395 Kč*"",""price_per_wp_czk_without_vat"":3.395,""properties"":{""Barva rámu"":""černá"",""Počet článků (ks)"":""120""},""image_url"":""https://cdn.shop.krannich-solar.com/media/90/b0/d4/1773937309/1763966_3_6_a_6_36a674fbe538bdbbdd4e072ba1b2d424ce258e58_det_sm_ls_lr7_60hvd_white_black_frame.png.png?width=3000"",""has_quantity_discount"":false,""scraped_at"":""2026-07-04T10:01:30.204Z""}"
Krannich Solar;1761985;1761985;LR7-60HVH-535M;Hi-MO X10;Solární panely;Longi;1785.29;21;ks;https://shop.krannich-solar.com/cs-cz/LR7-60HVH-535M/1761985;0 ks na skladě, možné naskladnění: 02.09.2026;"{""categories"":[""Solární panely""],""price_raw"":""1 785,29 Kč*"",""price_per_wp_raw"":""3,337 Kč*"",""price_per_wp_czk_without_vat"":3.337,""properties"":{""Barva rámu"":""černá"",""Počet článků (ks)"":""120""},""image_url"":""https://cdn.shop.krannich-solar.com/media/7a/5d/a9/1755171417/1761985_8_7_9_7_87971b55cd900fd09db4c0ed52adf75d24b318fe_det_sm_ls_hi_mo_x10_lr7_60hvh_black_frame.png.png?width=3000"",""has_quantity_discount"":true,""scraped_at"":""2026-07-04T10:01:35.893Z""}"
Krannich Solar;1761151;1761151;LR7-60HVH-540M;Hi-MO X10;Solární panely;Longi;1885.68;21;ks;https://shop.krannich-solar.com/cs-cz/LR7-60HVH-540M/1761151;336 ks na skladě, možné naskladnění: 02.09.2026;"{""categories"":[""Solární panely""],""price_raw"":""1 885,68 Kč*"",""price_per_wp_raw"":""3,492 Kč*"",""price_per_wp_czk_without_vat"":3.492,""properties"":{""Barva rámu"":""černá"",""Počet článků (ks)"":""120""},""image_url"":""https://cdn.shop.krannich-solar.com/media/ef/93/9d/1758182786/1761151_c_4_0_a_c40a7aacb10ef65f9fbb0a35c4e2aed0bf41fdce_det_sm_ls_hi_mo_x10_lr7_60hvh_black_frame.png.png?width=3000"",""has_quantity_discount"":false,""scraped_at"":""2026-07-04T10:01:30.205Z""}"
Krannich Solar;1758916;1758916;SOLID FRAMELESS GLASS/GLASS TRANSPARENT 435W;SOLID Bifacial;Solární panely;Solitek;2340.85;21;ks;https://shop.krannich-solar.com/cs-cz/SOLID-FRAMELESS-GLASS-GLASS-TRANSPARENT-435W/1758916;53 ks na skladě, poslední kusy;"{""categories"":[""Solární panely""],""price_raw"":""2 340,85 Kč*"",""price_per_wp_raw"":""5,381 Kč*"",""price_per_wp_czk_without_vat"":5.381,""properties"":{""Barva podkladu ze spodní strany"":""transparentní"",""Barva rámu"":""žádná"",""Počet článků (ks)"":""108""},""image_url"":""https://cdn.shop.krannich-solar.com/media/be/43/70/1750077810/1758916_7_8_1_0_78108a808c6ce1b61c3464cdf9b40b5eee90527a_det_smg_sot_solid_435w_108_frameless.png.png?width=3000"",""has_quantity_discount"":false,""scraped_at"":""2026-07-04T10:01:30.206Z""}"
Krannich Solar;1764511;1764511;SPDG500-N108R12;TOPCon 210R BIFACIAL;Solární panely;Sunpro Power;1897.56;21;ks;https://shop.krannich-solar.com/cs-cz/SPDG500-N108R12/1764511;877 ks na skladě, možné naskladnění: 04.08.2026;"{""categories"":[""Solární panely""],""price_raw"":""1 897,56 Kč*"",""price_per_wp_raw"":""3,795 Kč*"",""price_per_wp_czk_without_vat"":3.795,""properties"":{""Barva podkladu ze spodní strany"":""černá"",""Barva rámu"":""černá"",""Počet článků (ks)"":""108""},""image_url"":""https://cdn.shop.krannich-solar.com/media/46/de/bd/1778064701/1764511_7_a_1_2_7a12530a92dd57ff40ed3e195e400c91558d76a5_det_smg_supower_spdg500_n108r12_full_black.png.png?width=3000"",""has_quantity_discount"":true,""scraped_at"":""2026-07-04T10:01:30.205Z""}"
Krannich Solar;1762548;1762548;TSM-465NEG9R.28;Vertex S+ TSM-NEG9R.28;Solární panely;Trina Solar;1522.42;21;ks;https://shop.krannich-solar.com/cs-cz/TSM-465NEG9R.28/1762548;18446 ks na skladě, možné naskladnění: 10.07.2026;"{""categories"":[""Solární panely""],""price_raw"":""1 522,42 Kč*"",""price_per_wp_raw"":""3,274 Kč*"",""price_per_wp_czk_without_vat"":3.274,""properties"":{""Barva rámu"":""černá"",""Počet článků (ks)"":""144""},""image_url"":""https://cdn.shop.krannich-solar.com/media/96/c9/a9/1775631149/1762548_f_7_8_b_f78b029d09ad450dccbdf26688a5f355c0023a24_neg9r_28.jpg.jpg?width=3000"",""has_quantity_discount"":false,""scraped_at"":""2026-07-04T10:01:30.204Z""}"
Krannich Solar;1763154;1763154;TSM-470NEG9R.28;TSM-NEG9R.28 Vertex S+;Solární panely;Trina Solar;1629.84;21;ks;https://shop.krannich-solar.com/cs-cz/TSM-470NEG9R.28/1763154;2698 ks na skladě, možné naskladnění: 04.09.2026;"{""categories"":[""Solární panely""],""price_raw"":""1 629,84 Kč*"",""price_per_wp_raw"":""3,468 Kč*"",""price_per_wp_czk_without_vat"":3.468,""properties"":{""Barva rámu"":""černá"",""Počet článků (ks)"":""144""},""image_url"":""https://cdn.shop.krannich-solar.com/media/00/a1/00/1779792713/1763154_f_7_8_b_f78b029d09ad450dccbdf26688a5f355c0023a24_neg9r_28.jpg.jpg?width=3000"",""has_quantity_discount"":false,""scraped_at"":""2026-07-04T10:01:30.205Z""}"
Krannich Solar;1763161;1763161;TSM-470NEG9R.28;Vertex N TSM-NEG9R.28;Solární panely;Trina Solar;;21;ks;https://shop.krannich-solar.com/cs-cz/TSM-470NEG9R.28/1763161;0 ks na skladě, možné naskladnění: 04.09.2026;"{""categories"":[""Solární panely""],""price_raw"":"""",""price_per_wp_raw"":"""",""price_per_wp_czk_without_vat"":null,""properties"":{""Barva rámu"":""černá"",""Počet článků (ks)"":""144""},""image_url"":""https://cdn.shop.krannich-solar.com/media/0e/5c/b0/1774693422/1763161_f_7_8_b_f78b029d09ad450dccbdf26688a5f355c0023a24_neg9r_28.jpg.jpg?width=3000"",""has_quantity_discount"":false,""scraped_at"":""2026-07-04T10:01:35.893Z""}"
Krannich Solar;1759149;1759149;TSM-505NEG18R.25;Vertex S+ TSM-NEG18R.25;Solární panely;Trina Solar;1940.97;21;ks;https://shop.krannich-solar.com/cs-cz/TSM-505NEG18R.25/1759149;133 ks na skladě, možné naskladnění: 09.07.2026;"{""categories"":[""Solární panely""],""price_raw"":""1 940,97 Kč*"",""price_per_wp_raw"":""3,844 Kč*"",""price_per_wp_czk_without_vat"":3.844,""properties"":{""Barva podkladu ze spodní strany"":""bílá"",""Barva rámu"":""černá"",""Počet článků (ks)"":""108""},""image_url"":""https://cdn.shop.krannich-solar.com/media/bc/42/0c/1774693424/1759149_3_7_0_8_3708fa0afb5131fa0da163a626f7bd73306be342_TSM___485_510m___108___BB___1961x1134x30___TSM_NEG18R.png.png?width=3000"",""has_quantity_discount"":true,""scraped_at"":""2026-07-04T10:01:30.205Z""}"
Krannich Solar;1763388;1763388;TSM-515NEG18R.28;Vertex S+ TSM-NEG18R.28;Solární panely;Trina Solar;1990.68;21;ks;https://shop.krannich-solar.com/cs-cz/TSM-515NEG18R.28/1763388;0 ks na skladě, možné naskladnění: 11.09.2026;"{""categories"":[""Solární panely""],""price_raw"":""1 990,68 Kč*"",""price_per_wp_raw"":""3,866 Kč*"",""price_per_wp_czk_without_vat"":3.866,""properties"":{""Barva podkladu ze spodní strany"":""bílá"",""Barva rámu"":""černá"",""Počet článků (ks)"":""108""},""image_url"":""https://cdn.shop.krannich-solar.com/media/ce/27/81/1779888109/1763388_e_8_3_a_e83ade5881e5e3a8e91df3c41a0c40aef9ebd434_det_smg_tsm_108_neg18r.28_475_515w_bw.png.png?width=3000"",""has_quantity_discount"":true,""scraped_at"":""2026-07-04T10:01:35.894Z""}"
Krannich Solar;1764625;1764625;TSM-520NEG18R.28;Vertex S+ TSM-NEG18R.28;Solární panely;Trina Solar;2047.91;21;ks;https://shop.krannich-solar.com/cs-cz/TSM-520NEG18R.28/1764625;0 ks na skladě, možné naskladnění: 07.08.2026;"{""categories"":[""Solární panely""],""price_raw"":""2 047,91 Kč*"",""price_per_wp_raw"":""3,938 Kč*"",""price_per_wp_czk_without_vat"":3.938,""properties"":{""Barva rámu"":""černá"",""Počet článků (ks)"":""108""},""image_url"":""https://cdn.shop.krannich-solar.com/media/62/42/25/1779864693/1764625_e_8_b_c_e8bcf37563d4b5a2e1c610da1cd2a6b916f58f8d_det_smg_tsm_108_mono_neg18r.28_black_frame.png.png?width=3000"",""has_quantity_discount"":true,""scraped_at"":""2026-07-04T10:01:33.042Z""}"
Krannich Solar;1758621;1758621;TSM-620NEG19RC.20;Vertex N TSM-NEG19RC.20;Solární panely;Trina Solar;2163.59;21;ks;https://shop.krannich-solar.com/cs-cz/TSM-620NEG19RC.20/1758621;119 ks na skladě, poslední kusy;"{""categories"":[""Solární panely""],""price_raw"":""2 163,59 Kč*"",""price_per_wp_raw"":""3,490 Kč*"",""price_per_wp_czk_without_vat"":3.49,""properties"":{""Barva podkladu ze spodní strany"":""bílá"",""Barva rámu"":""stříbrná"",""Počet článků (ks)"":""132""},""image_url"":""https://cdn.shop.krannich-solar.com/media/cf/d3/7f/1750077675/1758621_e_6_d_6_e6d622156074eb945f454abf278738110695d237_det_smg_tsm_132_mono_neg19rc.20.png.png?width=3000"",""has_quantity_discount"":true,""scraped_at"":""2026-07-04T10:01:30.205Z""}"
Krannich Solar;1763165;1763165;TSM-630NEG19RC.20;Vertex N TSM-NEG19RC.20;Solární panely;Trina Solar;2245.79;21;ks;https://shop.krannich-solar.com/cs-cz/TSM-630NEG19RC.20/1763165;1388 ks na skladě, možné naskladnění: 22.07.2026;"{""categories"":[""Solární panely""],""price_raw"":""2 245,79 Kč*"",""price_per_wp_raw"":""3,565 Kč*"",""price_per_wp_czk_without_vat"":3.565,""properties"":{""Barva rámu"":""stříbrná"",""Počet článků (ks)"":""132""},""image_url"":""https://cdn.shop.krannich-solar.com/media/0d/3b/f9/1774693430/1763165_e_6_d_6_e6d622156074eb945f454abf278738110695d237_det_smg_tsm_132_mono_neg19rc.20.png.png?width=3000"",""has_quantity_discount"":true,""scraped_at"":""2026-07-04T10:01:30.205Z""}"
Krannich Solar;1763166;1763166;TSM-635NEG19RC.20;Vertex N TSM-NEG19RC.20;Solární panely;Trina Solar;;21;ks;https://shop.krannich-solar.com/cs-cz/TSM-635NEG19RC.20/1763166;0 ks na skladě, možné naskladnění: 22.07.2026;"{""categories"":[""Solární panely""],""price_raw"":"""",""price_per_wp_raw"":"""",""price_per_wp_czk_without_vat"":null,""properties"":{""Barva rámu"":""stříbrná"",""Počet článků (ks)"":""132""},""image_url"":""https://cdn.shop.krannich-solar.com/media/87/4f/fa/1774693431/1763166_e_6_d_6_e6d622156074eb945f454abf278738110695d237_det_smg_tsm_132_mono_neg19rc.20.png.png?width=3000"",""has_quantity_discount"":false,""scraped_at"":""2026-07-04T10:01:33.041Z""}"
Krannich Solar;1764620;1764620;TSM-645NEG19RC.20;Vertex N TSM-NEG19RC.20;Solární panely;Trina Solar;2374.32;21;ks;https://shop.krannich-solar.com/cs-cz/TSM-645NEG19RC.20/1764620;1440 ks na skladě, možné naskladnění: 09.07.2026;"{""categories"":[""Solární panely""],""price_raw"":""2 374,32 Kč*"",""price_per_wp_raw"":""3,681 Kč*"",""price_per_wp_czk_without_vat"":3.681,""properties"":{""Barva rámu"":""stříbrná"",""Počet článků (ks)"":""132""},""image_url"":""https://cdn.shop.krannich-solar.com/media/05/ff/aa/1779864693/1764620_7_f_6_1_7f6198f4356508c316b7cf6b833f184984cf346f_det_smg_tsm_132_mono_neg19rc.20_silver_frame.png.png?width=3000"",""has_quantity_discount"":true,""scraped_at"":""2026-07-04T10:01:30.205Z""}"
Krannich Solar;1718448;1718448;TRIO-27.6-TL-OUTD-S2X-400;;Střídače;ABB;14016.5;21;ks;https://shop.krannich-solar.com/cs-cz/TRIO-27.6-TL-OUTD-S2X-400/1718448;1 ks na skladě, poslední kusy;"{""categories"":[""Střídače"",""Výprodej""],""price_raw"":""14 016,50 Kč*"",""price_per_wp_raw"":"""",""price_per_wp_czk_without_vat"":null,""properties"":{""AC jmenovitý výkon (kW)"":""27.60"",""Max. výkon DC generátoru (kWp)"":""32.00"",""Počet nezávislých MPPT (ks)"":""2""},""image_url"":""https://cdn.shop.krannich-solar.com/media/b4/39/d0/1750077873/1718448_3_1_c_4_31c459e50c7d6f41eb84d72d44c92b308bdddb61_det_iv_abb_20.0_27.6_tl_outd.jpg.jpg?width=3000"",""has_quantity_discount"":false,""scraped_at"":""2026-07-04T09:58:08.549Z""}"
Krannich Solar;1762286;1762286;PVSHELTER HIGH ENERGY BACK2BACK;Rám pro střídače;Střídače;Conduct;35777.97;21;ks;https://shop.krannich-solar.com/cs-cz/PVSHELTER-HIGH-ENERGY-BACK2BACK/1762286;0 ks na skladě, možné naskladnění: 09.07.2026;"{""categories"":[""Střídače""],""price_raw"":""35 777,97 Kč*"",""price_per_wp_raw"":"""",""price_per_wp_czk_without_vat"":null,""properties"":{},""image_url"":""https://cdn.shop.krannich-solar.com/media/b3/79/de/1760439995/1762286_a_d_f_e_adfe900edfc4e8487f54a3fa47e76867520bbdac_det_iva_con_pvshelter_back2back_type_300he.jpg.jpg?width=3000"",""has_quantity_discount"":false,""scraped_at"":""2026-07-04T09:58:08.550Z""}"
Krannich Solar;1762287;1762287;PVSHELTER HIGH ENERGY WALL-FLOOR;Rám pro střídač;Střídače;Conduct;26407.52;21;ks;https://shop.krannich-solar.com/cs-cz/PVSHELTER-HIGH-ENERGY-WALL-FLOOR/1762287;1 ks na skladě, možné naskladnění: 22.07.2026;"{""categories"":[""Střídače""],""price_raw"":""26 407,52 Kč*"",""price_per_wp_raw"":"""",""price_per_wp_czk_without_vat"":null,""properties"":{},""image_url"":""https://cdn.shop.krannich-solar.com/media/06/e4/2e/1760439996/1762287_5_4_1_0_5410c28d66f696646bd88aee69ae5132e85783f7_det_iva_con_pvshelter_wall_floor_type_150he.jpg.jpg?width=3000"",""has_quantity_discount"":false,""scraped_at"":""2026-07-04T09:58:05.988Z""}"
Krannich Solar;1729000;1729000;RPI H2.5 FLEX;Jednofázový síťový střídač;Střídače;Delta;7008.25;21;ks;https://shop.krannich-solar.com/cs-cz/RPI-H2.5-FLEX/1729000;1 ks na skladě, poslední kusy;"{""categories"":[""Střídače"",""Výprodej""],""price_raw"":""7 008,25 Kč*"",""price_per_wp_raw"":"""",""price_per_wp_czk_without_vat"":null,""properties"":{""AC jmenovitý výkon (kW)"":""2.50"",""Max. výkon DC generátoru (kWp)"":""2.60"",""Počet nezávislých MPPT (ks)"":""1""},""image_url"":""https://cdn.shop.krannich-solar.com/media/31/c4/5f/1750077710/1729000_c_4_3_6_c43657f808057de7841cf0951507147380122912_krannich_Image_delta_inverter_h2.5_flex.png.png?width=3000"",""has_quantity_discount"":false,""scraped_at"":""2026-07-04T09:58:08.549Z""}"
Krannich Solar;1757760;1757760;BACKUP CONTROLLER 3P-35A;;Střídače;Fronius;8426.39;21;ks;https://shop.krannich-solar.com/cs-cz/BACKUP-CONTROLLER-3P-35A/1757760;13 ks na skladě, možné naskladnění: 19.08.2026;"{""categories"":[""Střídače""],""price_raw"":""8 426,39 Kč*"",""price_per_wp_raw"":"""",""price_per_wp_czk_without_vat"":null,""properties"":{},""image_url"":""https://cdn.shop.krannich-solar.com/media/93/ff/ed/1767414325/1757760_b_b_5_f_bb5fd6c5d7bbe9116610a723ee9d2e02903f0721_det_iva_fr_backup_controller_3p_35a.png.png?width=3000"",""has_quantity_discount"":false,""scraped_at"":""2026-07-04T09:57:55.667Z""}"
Krannich Solar;1759753;1759753;BACKUP CONTROLLER 3PN-35A;;Střídače;Fronius;10448.84;21;ks;https://shop.krannich-solar.com/cs-cz/BACKUP-CONTROLLER-3PN-35A/1759753;0 ks na skladě, možné naskladnění: 19.08.2026;"{""categories"":[""Střídače""],""price_raw"":""10 448,84 Kč*"",""price_per_wp_raw"":"""",""price_per_wp_czk_without_vat"":null,""properties"":{},""image_url"":""https://cdn.shop.krannich-solar.com/media/2b/2b/10/1770995320/1759753_1_c_f_a_1cfa657f2098322b3557b14136ab88334eb76124_det_iva_fr_backup_controller_3pn_35a.png.png?width=3000"",""has_quantity_discount"":false,""scraped_at"":""2026-07-04T10:02:27.116Z""}"
Krannich Solar;1763063;1763063;Primo GEN24 3.0 PLUS SC;Jednofázový hybridní střídač;Střídače;Fronius;27772.8;21;ks;https://shop.krannich-solar.com/cs-cz/Primo-GEN24-3.0-PLUS-SC/1763063;0 ks na skladě, možné naskladnění: 22.07.2026;"{""categories"":[""Střídače""],""price_raw"":""27 772,80 Kč*"",""price_per_wp_raw"":"""",""price_per_wp_czk_without_vat"":null,""properties"":{""AC jmenovitý výkon (kW)"":""3.00"",""Max. výkon DC generátoru (kWp)"":""4.50"",""Počet nezávislých MPPT (ks)"":""2""},""image_url"":""https://cdn.shop.krannich-solar.com/media/77/c0/06/1774693429/1763063_e_1_d_1_e1d1cfcb76dbb24ef1c01216b598385d0032a0c0_det_ivh_fr_primo_gen24_sc_3.0_6.0_plus_sc.png.png?width=3000"",""has_quantity_discount"":false,""scraped_at"":""2026-07-04T09:58:13.564Z""}"
Krannich Solar;1732173;1732173;SYMO GEN24 10.0 PLUS;Třífázový asymetrický hybridní střídač;Střídače;Fronius;58674.33;21;ks;https://shop.krannich-solar.com/cs-cz/SYMO-GEN24-10.0-PLUS/1732173;0 ks na skladě, dostupnost na vyžádání, -;"{""categories"":[""Střídače""],""price_raw"":""58 674,33 Kč*"",""price_per_wp_raw"":"""",""price_per_wp_czk_without_vat"":null,""properties"":{""AC jmenovitý výkon (kW)"":""10.00"",""Max. výkon DC generátoru (kWp)"":""15.00"",""Počet nezávislých MPPT (ks)"":""2""},""image_url"":""https://cdn.shop.krannich-solar.com/media/5e/27/c3/1770995314/1732173_f_0_8_1_f081eb9b1f19b3c863be176192caf8235dc47c46_krannich_Image_fronius_inverter_symo_gen24_plus_10.0.png.png?width=3000"",""has_quantity_discount"":false,""scraped_at"":""2026-07-04T10:02:34.294Z""}"
Krannich Solar;1763023;1763023;SYMO GEN24 10.0 PLUS SC;Třífázový hybridní střídač;Střídače;Fronius;59847.55;21;ks;https://shop.krannich-solar.com/cs-cz/SYMO-GEN24-10.0-PLUS-SC/1763023;0 ks na skladě, možné naskladnění: 22.07.2026;"{""categories"":[""Střídače""],""price_raw"":""59 847,55 Kč*"",""price_per_wp_raw"":"""",""price_per_wp_czk_without_vat"":null,""properties"":{""AC jmenovitý výkon (kW)"":""10.00"",""Max. výkon DC generátoru (kWp)"":""15.00"",""Počet nezávislých MPPT (ks)"":""2""},""image_url"":""https://cdn.shop.krannich-solar.com/media/g0/93/f4/1778678539/1763023_6_e_b_d_6ebd29ec1bfeeca7eb4015fde4722ca6dc0dda1e_000008038_000_001_PM.png.png?width=3000"",""has_quantity_discount"":false,""scraped_at"":""2026-07-04T09:58:13.564Z""}"
Krannich Solar;1756755;1756755;SYMO GEN24 12.0 PLUS SC;Třífázový hybridní střídač;Střídače;Fronius;62858.43;21;ks;https://shop.krannich-solar.com/cs-cz/SYMO-GEN24-12.0-PLUS-SC/1756755;4 ks na skladě, možné naskladnění: 22.07.2026;"{""categories"":[""Střídače""],""price_raw"":""62 858,43 Kč*"",""price_per_wp_raw"":"""",""price_per_wp_czk_without_vat"":null,""properties"":{""AC jmenovitý výkon (kW)"":""12.00"",""Max. výkon DC generátoru (kWp)"":""18.00"",""Počet nezávislých MPPT (ks)"":""2""},""image_url"":""https://cdn.shop.krannich-solar.com/media/70/8e/2c/1767414324/1756755_d_b_6_d_db6d240439e4134e235b8c291f93f40c6b3dce6d_det_ivh_fr_symo_ge24_12.0_sc_plus.png.png?width=3000"",""has_quantity_discount"":false,""scraped_at"":""2026-07-04T09:58:00.764Z""}"
Krannich Solar;1756702;1756702;Verto 30.0;;Střídače;Fronius;65496.83;21;ks;https://shop.krannich-solar.com/cs-cz/Verto-30.0/1756702;0 ks na skladě, možné naskladnění: 22.07.2026;"{""categories"":[""Střídače""],""price_raw"":""65 496,83 Kč*"",""price_per_wp_raw"":"""",""price_per_wp_czk_without_vat"":null,""properties"":{""AC jmenovitý výkon (kW)"":""29.90"",""Max. výkon DC generátoru (kWp)"":""45.50"",""Počet nezávislých MPPT (ks)"":""4""},""image_url"":""https://cdn.shop.krannich-solar.com/media/6d/d3/66/1770995314/1756702_0_c_2_6_0c26cc59f8cc86db2963e37536ec3210a7a45eaa_det_iv_fr_verto_25_33.3.png.png?width=3000"",""has_quantity_discount"":false,""scraped_at"":""2026-07-04T09:58:13.565Z""}"
Krannich Solar;1759332;1759332;VERTO PLUS 15.0;;Střídače;Fronius;74506.92;21;ks;https://shop.krannich-solar.com/cs-cz/VERTO-PLUS-15.0/1759332;1 ks na skladě, možné naskladnění: 19.08.2026;"{""categories"":[""Střídače""],""price_raw"":""74 506,92 Kč*"",""price_per_wp_raw"":"""",""price_per_wp_czk_without_vat"":null,""properties"":{""AC jmenovitý výkon (kW)"":""15.00"",""Max. výkon DC generátoru (kWp)"":""22.50"",""Počet nezávislých MPPT (ks)"":""3""},""image_url"":""https://cdn.shop.krannich-solar.com/media/68/e7/63/1770995319/1759332_5_0_a_b_50abf01cecfa2a20e8b979ff1a74711ff778a55f_det_iv_fr_verto_plus_15.0___33.3.png.png?width=3000"",""has_quantity_discount"":false,""scraped_at"":""2026-07-04T09:58:05.987Z""}"
Krannich Solar;1759334;1759334;VERTO PLUS 20.0;;Střídače;Fronius;84903.14;21;ks;https://shop.krannich-solar.com/cs-cz/VERTO-PLUS-20.0/1759334;0 ks na skladě, možné naskladnění: 22.07.2026;"{""categories"":[""Střídače""],""price_raw"":""84 903,14 Kč*"",""price_per_wp_raw"":"""",""price_per_wp_czk_without_vat"":null,""properties"":{""AC jmenovitý výkon (kW)"":""20.00"",""Max. výkon DC generátoru (kWp)"":""30.00"",""Počet nezávislých MPPT (ks)"":""3""},""image_url"":""https://cdn.shop.krannich-solar.com/media/9e/e4/41/1770995320/1759334_c_3_a_0_c3a025f8dd7d4428dee0f5a7827762ad1709c266_det_iv_fr_verto_plus_15.0_33.3.png.png?width=3000"",""has_quantity_discount"":false,""scraped_at"":""2026-07-04T09:58:13.565Z""}"
Krannich Solar;1759335;1759335;VERTO PLUS 25.0;;Střídače;Fronius;92708.97;21;ks;https://shop.krannich-solar.com/cs-cz/VERTO-PLUS-25.0/1759335;0 ks na skladě, možné naskladnění: 19.08.2026;"{""categories"":[""Střídače""],""price_raw"":""92 708,97 Kč*"",""price_per_wp_raw"":"""",""price_per_wp_czk_without_vat"":null,""properties"":{""AC jmenovitý výkon (kW)"":""25.00"",""Max. výkon DC generátoru (kWp)"":""37.50"",""Počet nezávislých MPPT (ks)"":""3""},""image_url"":""https://cdn.shop.krannich-solar.com/media/a7/69/88/1770995320/1759335_3_e_1_e_3e1e7cf601a00436919b52ee7f49a19e3412d7cb_det_iv_fr_verto_plus_15.0_33.3.png.png?width=3000"",""has_quantity_discount"":false,""scraped_at"":""2026-07-04T10:02:29.566Z""}"
Krannich Solar;1759336;1759336;VERTO PLUS 30.0;;Střídače;Fronius;98765.17;21;ks;https://shop.krannich-solar.com/cs-cz/VERTO-PLUS-30.0/1759336;1 ks na skladě, možné naskladnění: 19.08.2026;"{""categories"":[""Střídače""],""price_raw"":""98 765,17 Kč*"",""price_per_wp_raw"":"""",""price_per_wp_czk_without_vat"":null,""properties"":{""AC jmenovitý výkon (kW)"":""29.90"",""Max. výkon DC generátoru (kWp)"":""45.00"",""Počet nezávislých MPPT (ks)"":""3""},""image_url"":""https://cdn.shop.krannich-solar.com/media/9d/5c/f6/1770273412/1759336_3_d_3_2_3d3225c75e05580ee38fb40addf596964559e001_det_iv_fr_verto_plus_15.0_33.3.png.png?width=3000"",""has_quantity_discount"":false,""scraped_at"":""2026-07-04T09:58:05.987Z""}"
Krannich Solar;1759337;1759337;VERTO PLUS 33.3;;Střídače;Fronius;97362.55;21;ks;https://shop.krannich-solar.com/cs-cz/VERTO-PLUS-33.3/1759337;0 ks na skladě, možné naskladnění: 19.08.2026;"{""categories"":[""Střídače""],""price_raw"":""97 362,55 Kč*"",""price_per_wp_raw"":"""",""price_per_wp_czk_without_vat"":null,""properties"":{""AC jmenovitý výkon (kW)"":""33.30"",""Max. výkon DC generátoru (kWp)"":""50.00"",""Počet nezávislých MPPT (ks)"":""3""},""image_url"":""https://cdn.shop.krannich-solar.com/media/d4/19/11/1770995321/1759337_3_1_f_d_31fd474d00cee722c87a4352e37aa3dc7493094d_det_iv_fr_verto_plus_15.0_33.3.png.png?width=3000"",""has_quantity_discount"":false,""scraped_at"":""2026-07-04T10:02:29.566Z""}"
Krannich Solar;1756573;1756573;EZLINK3000 DONGLE;Komunikační modul pro střídače GoodWe;Střídače;GoodWe;1385.16;21;ks;https://shop.krannich-solar.com/cs-cz/EZLINK3000-DONGLE/1756573;0 ks na skladě, možné naskladnění: 10.07.2026;"{""categories"":[""Střídače""],""price_raw"":""1 385,16 Kč*"",""price_per_wp_raw"":"""",""price_per_wp_czk_without_vat"":null,""properties"":{},""image_url"":""https://cdn.shop.krannich-solar.com/media/17/f1/40/1763532417/1756573_0_4_a_c_04ac290bbca5828bcfe3caea1b84861c37295f95_det_gw_dca_ezlink3000.png.png?width=3000"",""has_quantity_discount"":false,""scraped_at"":""2026-07-04T09:58:08.550Z""}"
Krannich Solar;1759084;1759084;EzLogger 3000C;Data logger for 100 participants;Střídače;GoodWe;4321.59;21;ks;https://shop.krannich-solar.com/cs-cz/EzLogger-3000C/1759084;0 ks na skladě, možné naskladnění: 22.07.2026;"{""categories"":[""Střídače""],""price_raw"":""4 321,59 Kč*"",""price_per_wp_raw"":"""",""price_per_wp_czk_without_vat"":null,""properties"":{},""image_url"":""https://cdn.shop.krannich-solar.com/media/5a/bc/30/1752824168/1759084_e_8_0_9_e809ff5ccb56b66f80ad482edd350ddeee34d5c6_det_dcl_gw_ezlogger3000c.png.png?width=3000"",""has_quantity_discount"":false,""scraped_at"":""2026-07-04T09:58:13.565Z""}"
Krannich Solar;1763551;1763551;EzManager3000;;Střídače;GoodWe;2908.79;21;ks;https://shop.krannich-solar.com/cs-cz/EzManager3000/1763551;0 ks na skladě, možné naskladnění: 07.08.2026;"{""categories"":[""Střídače"",""Baterie""],""price_raw"":""2 908,79 Kč*"",""price_per_wp_raw"":"""",""price_per_wp_czk_without_vat"":null,""properties"":{},""image_url"":""https://cdn.shop.krannich-solar.com/media/94/06/77/1776268339/1763551_a_6_9_0_a6907ad64e21a9ffc5b5c63281cd6e4ce17e4ff2_det_dcl_gw_ezmanager3000.png.png?width=3000"",""has_quantity_discount"":false,""scraped_at"":""2026-07-04T10:02:24.601Z""}"
Krannich Solar;1754982;1754982;GM330;3-F elektroměr pro střídače GoodWe, nepřímé měření;Střídače;GoodWe;1939.27;21;ks;https://shop.krannich-solar.com/cs-cz/GM330/1754982;2 ks na skladě, možné naskladnění: 09.07.2026;"{""categories"":[""Střídače""],""price_raw"":""1 939,27 Kč*"",""price_per_wp_raw"":"""",""price_per_wp_czk_without_vat"":null,""properties"":{},""image_url"":""https://cdn.shop.krannich-solar.com/media/b2/67/81/1755215896/1754982_6_d_d_2_6dd2b4e222d8f70774d9b936851216d16e370674_det_ivsa_gw_smart_meter_gm330.png.png?width=3000"",""has_quantity_discount"":false,""scraped_at"":""2026-07-04T09:58:03.332Z""}"
Krannich Solar;1760691;1760691;GW10K-ET-20 G2;Hybridní střídač, 3 MPPT, 3-fáze;Střídače;GoodWe;24970.95;21;ks;https://shop.krannich-solar.com/cs-cz/GW10K-ET-20-G2/1760691;123 ks na skladě, možné naskladnění: 23.07.2026;"{""categories"":[""Střídače""],""price_raw"":""24 970,95 Kč*"",""price_per_wp_raw"":"""",""price_per_wp_czk_without_vat"":null,""properties"":{""AC jmenovitý výkon (kW)"":""10.00"",""Max. výkon DC generátoru (kWp)"":""16.00"",""Počet nezávislých MPPT (ks)"":""3""},""image_url"":""https://cdn.shop.krannich-solar.com/media/61/5a/5a/1750423427/1760691_1_5_b_f_15bfeb435436a7f546c1171fbaca0756803fbe6e_000007911_000_001_PM.png.png?width=3000"",""has_quantity_discount"":false,""scraped_at"":""2026-07-04T09:57:53.158Z""}"
Krannich Solar;1763597;1763597;GW10K-ETA-G20;Hybridní střídač 10 kW;Střídače;GoodWe;27086.52;21;ks;https://shop.krannich-solar.com/cs-cz/GW10K-ETA-G20/1763597;8 ks na skladě, možné naskladnění: 17.07.2026;"{""categories"":[""Střídače""],""price_raw"":""27 086,52 Kč*"",""price_per_wp_raw"":"""",""price_per_wp_czk_without_vat"":null,""properties"":{""AC jmenovitý výkon (kW)"":""10.00"",""Max. výkon DC generátoru (kWp)"":""20.00"",""Počet nezávislých MPPT (ks)"":""4""},""image_url"":""https://cdn.shop.krannich-solar.com/media/ea/59/e6/1776864227/1763597_2_4_2_5_2425b873d199d88669141b7a0580799b3f94ee32_det_ivh_gw_gw5_30k_eta_eha_g20.png.png?width=3000"",""has_quantity_discount"":false,""scraped_at"":""2026-07-04T09:57:58.169Z""}"
Krannich Solar;1759890;1759890;GW10KN-ET;Hybridní střídač 10 kW, Cybersecure (SVT33829);Střídače;GoodWe;16883.09;21;ks;https://shop.krannich-solar.com/cs-cz/GW10KN-ET/1759890;44 ks na skladě, možné naskladnění: 21.07.2026;"{""categories"":[""Střídače"",""Výprodej""],""price_raw"":""16 883,09 Kč*"",""price_per_wp_raw"":"""",""price_per_wp_czk_without_vat"":null,""properties"":{""AC jmenovitý výkon (kW)"":""10.00"",""Max. výkon DC generátoru (kWp)"":""15.00"",""Počet nezávislých MPPT (ks)"":""2""},""image_url"":""https://cdn.shop.krannich-solar.com/media/25/a5/57/1772699944/1759890_1_e_c_4_1ec4f73e07084479e8bf64a39debc8ddc3b2beb0_krannich_Image_goodwe_inverter_et_plus_plus_serie_16a_gw10kn_et.png.png?width=3000"",""has_quantity_discount"":false,""scraped_at"":""2026-07-04T09:57:53.159Z""}"
Krannich Solar;1760688;1760688;GW12K-ET-20 G2;Hybridní střídač, 3 MPPT, 3-fáze;Střídače;GoodWe;25728.28;21;ks;https://shop.krannich-solar.com/cs-cz/GW12K-ET-20-G2/1760688;0 ks na skladě, možné naskladnění: 02.09.2026;"{""categories"":[""Střídače""],""price_raw"":""25 728,28 Kč*"",""price_per_wp_raw"":"""",""price_per_wp_czk_without_vat"":null,""properties"":{""AC jmenovitý výkon (kW)"":""12.00"",""Max. výkon DC generátoru (kWp)"":""19.20"",""Počet nezávislých MPPT (ks)"":""3""},""image_url"":""https://cdn.shop.krannich-solar.com/media/20/f1/38/1755171412/1760688_a_4_b_d_a4bdfd69d2bc2ad4a8ee13eebacc83e8c9be693b_000007911_000_001_PM.png.png?width=3000"",""has_quantity_discount"":false,""scraped_at"":""2026-07-04T10:02:29.567Z""}"
Krannich Solar;1760692;1760692;GW15K-ET-20 G2;Hybridní střídač, 3 MPPT, 3-fáze;Střídače;GoodWe;26329.2;21;ks;https://shop.krannich-solar.com/cs-cz/GW15K-ET-20-G2/1760692;0 ks na skladě, možné naskladnění: 31.07.2026;"{""categories"":[""Střídače""],""price_raw"":""26 329,20 Kč*"",""price_per_wp_raw"":"""",""price_per_wp_czk_without_vat"":null,""properties"":{""AC jmenovitý výkon (kW)"":""15.00"",""Max. výkon DC generátoru (kWp)"":""24.00"",""Počet nezávislých MPPT (ks)"":""3""},""image_url"":""https://cdn.shop.krannich-solar.com/media/87/9e/13/1752226590/1760692_a_3_c_7_a3c70139222c2c5f5c47d61bc36e2d43ae85ef2d_000007911_000_001_PM.png.png?width=3000"",""has_quantity_discount"":false,""scraped_at"":""2026-07-04T09:58:26.206Z""}"
Krannich Solar;1763598;1763598;GW15K-ETA-G20;Hybridní střídač 15 kW;Střídače;GoodWe;31762.17;21;ks;https://shop.krannich-solar.com/cs-cz/GW15K-ETA-G20/1763598;0 ks na skladě, možné naskladnění: 05.08.2026;"{""categories"":[""Střídače""],""price_raw"":""31 762,17 Kč*"",""price_per_wp_raw"":"""",""price_per_wp_czk_without_vat"":null,""properties"":{""AC jmenovitý výkon (kW)"":""15.00"",""Max. výkon DC generátoru (kWp)"":""30.00"",""Počet nezávislých MPPT (ks)"":""4""},""image_url"":""https://cdn.shop.krannich-solar.com/media/2b/68/66/1776864228/1763598_a_f_d_f_afdf3fa26f84f8e87d71688508977ff694b325dc_det_ivh_gw_gw5_30k_eta_eha_g20.png.png?width=3000"",""has_quantity_discount"":false,""scraped_at"":""2026-07-04T09:58:28.853Z""}"
Krannich Solar;1759119;1759119;GW20K-ET (SPD II/WIFI/3P-METER);Hybridní střídač, 3 MPPT, 3-fáze,;Střídače;GoodWe;45658.15;21;ks;https://shop.krannich-solar.com/cs-cz/GW20K-ET-SPD-II-WIFI-3P-METER/1759119;0 ks na skladě, možné naskladnění: 21.08.2026;"{""categories"":[""Střídače""],""price_raw"":""45 658,15 Kč*"",""price_per_wp_raw"":"""",""price_per_wp_czk_without_vat"":null,""properties"":{""AC jmenovitý výkon (kW)"":""20.00"",""Max. výkon DC generátoru (kWp)"":""30.00"",""Počet nezávislých MPPT (ks)"":""2""},""image_url"":""https://cdn.shop.krannich-solar.com/media/1b/33/54/1755171411/1759119_2_4_9_c_249c5f53001c437606af73a74d86da01cae7da4f_krannich_Image_goodwe_inverter_et_serie_gw20k_et.png.png?width=3000"",""has_quantity_discount"":false,""scraped_at"":""2026-07-04T10:02:29.567Z""}"
Krannich Solar;1763599;1763599;GW20K-ETA-G20;Hybridní střídač 20 kW;Střídače;GoodWe;41400.57;21;ks;https://shop.krannich-solar.com/cs-cz/GW20K-ETA-G20/1763599;0 ks na skladě, možné naskladnění: 05.08.2026;"{""categories"":[""Střídače""],""price_raw"":""41 400,57 Kč*"",""price_per_wp_raw"":"""",""price_per_wp_czk_without_vat"":null,""properties"":{""AC jmenovitý výkon (kW)"":""20.00"",""Max. výkon DC generátoru (kWp)"":""40.00"",""Počet nezávislých MPPT (ks)"":""4""},""image_url"":""https://cdn.shop.krannich-solar.com/media/75/23/2b/1776864229/1763599_3_5_9_7_3597f0ad2c54ce0d3e1ddd5ed39b056a103909cd_det_ivh_gw_gw5_30k_eta_eha_g20.png.png?width=3000"",""has_quantity_discount"":false,""scraped_at"":""2026-07-04T09:58:28.853Z""}"
Krannich Solar;1759120;1759120;GW25K-ET (SPD II/WIFI/3P-METER);Hybridní střídač, 3 MPPT, 3-fáze,;Střídače;GoodWe;49471.7;21;ks;https://shop.krannich-solar.com/cs-cz/GW25K-ET-SPD-II-WIFI-3P-METER/1759120;0 ks na skladě, možné naskladnění: 24.07.2026;"{""categories"":[""Střídače""],""price_raw"":""49 471,70 Kč*"",""price_per_wp_raw"":"""",""price_per_wp_czk_without_vat"":null,""properties"":{""AC jmenovitý výkon (kW)"":""25.00"",""Max. výkon DC generátoru (kWp)"":""37.50"",""Počet nezávislých MPPT (ks)"":""3""},""image_url"":""https://cdn.shop.krannich-solar.com/media/1b/21/d7/1755171412/1759120_e_d_5_e_ed5e7eb9ff53a3a72305d84db3043dd70634a507_ET_gw_15_30.jpg.jpg?width=3000"",""has_quantity_discount"":false,""scraped_at"":""2026-07-04T09:58:21.286Z""}"
Krannich Solar;1764047;1764047;GW25K-ETA-G20;Hybridní střídač 25 kW;Střídače;GoodWe;43855.64;21;ks;https://shop.krannich-solar.com/cs-cz/GW25K-ETA-G20/1764047;0 ks na skladě, možné naskladnění: 16.09.2026;"{""categories"":[""Střídače""],""price_raw"":""43 855,64 Kč*"",""price_per_wp_raw"":"""",""price_per_wp_czk_without_vat"":null,""properties"":{""AC jmenovitý výkon (kW)"":""25.00"",""Max. výkon DC generátoru (kWp)"":""50.00"",""Počet nezávislých MPPT (ks)"":""4""},""image_url"":""https://cdn.shop.krannich-solar.com/media/a9/0f/c8/1776864221/1764047_9_9_2_7_99270515b4fa6ca88f789f8aa83c551f8b2de322_det_ivh_gw_gw5_30k_eta_eha_g20.png.png?width=3000"",""has_quantity_discount"":false,""scraped_at"":""2026-07-04T10:02:32.035Z""}"
Krannich Solar;1752718;1752718;GW25K-MT (+DC-SWITCH/WIFI/SPD TYPE 2);Třífázový síťový střídač - SMT řada;Střídače;GoodWe;24487.65;21;ks;https://shop.krannich-solar.com/cs-cz/GW25K-MT-DC-SWITCH-WIFI-SPD-TYPE-2/1752718;0 ks na skladě, dostupnost na vyžádání, -;"{""categories"":[""Střídače""],""price_raw"":""24 487,65 Kč*"",""price_per_wp_raw"":"""",""price_per_wp_czk_without_vat"":null,""properties"":{""AC jmenovitý výkon (kW)"":""25.00"",""Max. výkon DC generátoru (kWp)"":""32.50"",""Počet nezávislých MPPT (ks)"":""3""},""image_url"":""https://cdn.shop.krannich-solar.com/media/ee/17/4f/1750077249/1752718_f_d_c_7_fdc7797f587882fd99b0bb51f95fae4912c450ab_krannich_Image_goodwe_inverter_smt_serie_gw25k_mt.png.png?width=3000"",""has_quantity_discount"":false,""scraped_at"":""2026-07-04T10:02:34.294Z""}"
Krannich Solar;1763600;1763600;GW29.999K-ETA-G20;Hybridní střídač 29,999 kW;Střídače;GoodWe;46885.68;21;ks;https://shop.krannich-solar.com/cs-cz/GW29.999K-ETA-G20/1763600;0 ks na skladě, možné naskladnění: 05.08.2026;"{""categories"":[""Střídače""],""price_raw"":""46 885,68 Kč*"",""price_per_wp_raw"":"""",""price_per_wp_czk_without_vat"":null,""properties"":{""AC jmenovitý výkon (kW)"":""30.00"",""Max. výkon DC generátoru (kWp)"":""60.00"",""Počet nezávislých MPPT (ks)"":""4""},""image_url"":""https://cdn.shop.krannich-solar.com/media/d5/4d/d4/1776864219/1763600_2_e_0_e_2e0e74868cc27d8579a52ec3e7dbfa73848260de_det_ivh_gw_gw5_30k_eta_eha_g20.png.png?width=3000"",""has_quantity_discount"":false,""scraped_at"":""2026-07-04T09:58:28.853Z""}"
Krannich Solar;1761590;1761590;GW29.9K-ET (SPD II/WIFI/3P-METER);Hybridní střídač, 3 MPPT, 3-fáze,;Střídače;GoodWe;52632.2;21;ks;https://shop.krannich-solar.com/cs-cz/GW29.9K-ET-SPD-II-WIFI-3P-METER/1761590;0 ks na skladě, možné naskladnění: 21.08.2026;"{""categories"":[""Střídače""],""price_raw"":""52 632,20 Kč*"",""price_per_wp_raw"":"""",""price_per_wp_czk_without_vat"":null,""properties"":{""AC jmenovitý výkon (kW)"":""29.90"",""Max. výkon DC generátoru (kWp)"":""45.00"",""Počet nezávislých MPPT (ks)"":""3""},""image_url"":""https://cdn.shop.krannich-solar.com/media/59/10/72/1755171415/1761590_e_c_7_1_ec71329fc0a9f1b96372cb5993cbf13646bdf8a9_krannich_Image_goodwe_inverter_et_serie_gw29.9k_et.png.png?width=3000"",""has_quantity_discount"":false,""scraped_at"":""2026-07-04T10:02:29.567Z""}"
Krannich Solar;1763610;1763610;GW3.6K-EHA-G20;Jednofázový hybridní střídač;Střídače;GoodWe;14392.13;21;ks;https://shop.krannich-solar.com/cs-cz/GW3.6K-EHA-G20/1763610;0 ks na skladě, možné naskladnění: 16.09.2026;"{""categories"":[""Střídače""],""price_raw"":""14 392,13 Kč*"",""price_per_wp_raw"":"""",""price_per_wp_czk_without_vat"":null,""properties"":{""AC jmenovitý výkon (kW)"":""3.60"",""Max. výkon DC generátoru (kWp)"":""7.20"",""Počet nezávislých MPPT (ks)"":""2""},""image_url"":""https://cdn.shop.krannich-solar.com/media/ff/4b/9a/1776864220/1763610_6_6_f_9_66f9a20cbdb48670c999e6b6759686a142ea2e47_det_ivh_gw_gw5_30k_eta_eha_g20.png.png?width=3000"",""has_quantity_discount"":false,""scraped_at"":""2026-07-04T10:02:32.035Z""}"
Krannich Solar;1763658;1763658;GW3K-EHA-G20;Jednofázový hybridní střídač;Střídače;GoodWe;14104.77;21;ks;https://shop.krannich-solar.com/cs-cz/GW3K-EHA-G20/1763658;0 ks na skladě, možné naskladnění: 19.08.2026;"{""categories"":[""Střídače""],""price_raw"":""14 104,77 Kč*"",""price_per_wp_raw"":"""",""price_per_wp_czk_without_vat"":null,""properties"":{""AC jmenovitý výkon (kW)"":""3.00"",""Max. výkon DC generátoru (kWp)"":""6.00"",""Počet nezávislých MPPT (ks)"":""2""},""image_url"":""https://cdn.shop.krannich-solar.com/media/77/83/74/1776864229/1763658_9_9_0_e_990ec3bc742ab5e7a3a45d552373a85ed347fb61_det_ivh_gw_gw5_30k_eta_eha_g20.png.png?width=3000"",""has_quantity_discount"":false,""scraped_at"":""2026-07-04T10:02:27.116Z""}"
Krannich Solar;1759103;1759103;GW40K-ET-10;Hybridní střídač, 3-fáze,AFCI, bez displeje;Střídače;GoodWe;60233.13;21;ks;https://shop.krannich-solar.com/cs-cz/GW40K-ET-10/1759103;0 ks na skladě, možné naskladnění: 24.07.2026;"{""categories"":[""Střídače""],""price_raw"":""60 233,13 Kč*"",""price_per_wp_raw"":"""",""price_per_wp_czk_without_vat"":null,""properties"":{""AC jmenovitý výkon (kW)"":""40.00"",""Max. výkon DC generátoru (kWp)"":""60.00"",""Počet nezávislých MPPT (ks)"":""3""},""image_url"":""https://cdn.shop.krannich-solar.com/media/53/49/2d/1755171409/1759103_6_8_1_2_6812db578753585c442ea38f9b141aa549b441b3_det_ivh_gw_gw40k_50k_et_10.png.png?width=3000"",""has_quantity_discount"":false,""scraped_at"":""2026-07-04T09:58:21.286Z""}"
Krannich Solar;1758484;1758484;GW50K-ET-10 (DC SPD 1+2, AFCI, WIFI/LAN);Hybridní střídač, 4 MPPT, 3-fáze,;Střídače;GoodWe;64490.7;21;ks;https://shop.krannich-solar.com/cs-cz/GW50K-ET-10-DC-SPD-1-2-AFCI-WIFI-LAN/1758484;0 ks na skladě, možné naskladnění: 21.07.2026;"{""categories"":[""Střídače""],""price_raw"":""64 490,70 Kč*"",""price_per_wp_raw"":"""",""price_per_wp_czk_without_vat"":null,""properties"":{""AC jmenovitý výkon (kW)"":""50.00"",""Max. výkon DC generátoru (kWp)"":""75.00"",""Počet nezávislých MPPT (ks)"":""4""},""image_url"":""https://cdn.shop.krannich-solar.com/media/24/8a/87/1750435116/1758484_6_8_1_2_6812db578753585c442ea38f9b141aa549b441b3_det_ivh_gw_gw40k_50k_et_10.png.png?width=3000"",""has_quantity_discount"":false,""scraped_at"":""2026-07-04T09:58:13.564Z""}"
Krannich Solar;1763612;1763612;GW5K-EHA-G20;Jednofázový hybridní střídač;Střídače;GoodWe;14992.81;21;ks;https://shop.krannich-solar.com/cs-cz/GW5K-EHA-G20/1763612;0 ks na skladě, možné naskladnění: 12.08.2026;"{""categories"":[""Střídače""],""price_raw"":""14 992,81 Kč*"",""price_per_wp_raw"":"""",""price_per_wp_czk_without_vat"":null,""properties"":{""AC jmenovitý výkon (kW)"":""5.00"",""Max. výkon DC generátoru (kWp)"":""10.00"",""Počet nezávislých MPPT (ks)"":""2""},""image_url"":""https://cdn.shop.krannich-solar.com/media/13/86/38/1776864221/1763612_f_d_5_3_fd53f7d68a17eceef8cb4c216b8c70c6632ec03a_det_ivh_gw_gw5_30k_eta_eha_g20.png.png?width=3000"",""has_quantity_discount"":false,""scraped_at"":""2026-07-04T10:02:27.115Z""}"
Krannich Solar;1760689;1760689;GW6000-ET-20 G2;Hybridní střídač, 2 MPPT, 3-fáze;Střídače;GoodWe;24004.35;21;ks;https://shop.krannich-solar.com/cs-cz/GW6000-ET-20-G2/1760689;0 ks na skladě, možné naskladnění: 06.10.2026;"{""categories"":[""Střídače""],""price_raw"":""24 004,35 Kč*"",""price_per_wp_raw"":"""",""price_per_wp_czk_without_vat"":null,""properties"":{""AC jmenovitý výkon (kW)"":""6.00"",""Max. výkon DC generátoru (kWp)"":""9.60"",""Počet nezávislých MPPT (ks)"":""2""},""image_url"":""https://cdn.shop.krannich-solar.com/media/3d/6f/7b/1751610965/1760689_3_c_e_d_3cede3d4ca287f96d8572e00a0643bae540e984e_000007911_000_001_PM.png.png?width=3000"",""has_quantity_discount"":false,""scraped_at"":""2026-07-04T10:02:32.036Z""}"
Krannich Solar;1752722;1752722;GW60KS-MT (+DC-SWITCH/WIFI/SPD TYPE 2/AFCI);Třífázový síťový střídač - SMT řada;Střídače;GoodWe;15569.23;21;ks;https://shop.krannich-solar.com/cs-cz/GW60KS-MT-DC-SWITCH-WIFI-SPD-TYPE-2-AFCI/1752722;0 ks na skladě, možné naskladnění: 22.07.2026;"{""categories"":[""Střídače""],""price_raw"":""15 569,23 Kč*"",""price_per_wp_raw"":"""",""price_per_wp_czk_without_vat"":null,""properties"":{""AC jmenovitý výkon (kW)"":""60.00"",""Max. výkon DC generátoru (kWp)"":""90.00"",""Počet nezávislých MPPT (ks)"":""6""},""image_url"":""https://cdn.shop.krannich-solar.com/media/aa/13/7d/1775127143/1752722_6_f_3_9_6f3992596cac968742a4a585bb9932212fe37eec_det_iv_gw_gw50ks_mt.png.png?width=3000"",""has_quantity_discount"":false,""scraped_at"":""2026-07-04T09:58:18.749Z""}"
Krannich Solar;1760690;1760690;GW8000-ET-20 G2;Hybridní střídač, 2 MPPT, 3-fáze;Střídače;GoodWe;24579.07;21;ks;https://shop.krannich-solar.com/cs-cz/GW8000-ET-20-G2/1760690;12 ks na skladě, možné naskladnění: 06.10.2026;"{""categories"":[""Střídače""],""price_raw"":""24 579,07 Kč*"",""price_per_wp_raw"":"""",""price_per_wp_czk_without_vat"":null,""properties"":{""AC jmenovitý výkon (kW)"":""8.00"",""Max. výkon DC generátoru (kWp)"":""12.80"",""Počet nezávislých MPPT (ks)"":""2""},""image_url"":""https://cdn.shop.krannich-solar.com/media/21/9d/ed/1751886365/1760690_5_a_b_0_5ab0684a15ca13fafc87a3b3751a4ef5a9d233b8_000007911_000_001_PM.png.png?width=3000"",""has_quantity_discount"":false,""scraped_at"":""2026-07-04T09:57:55.667Z""}"
Krannich Solar;1763596;1763596;GW8K-ETA-G20;Hybridní střídač 8 kW;Střídače;GoodWe;26224.44;21;ks;https://shop.krannich-solar.com/cs-cz/GW8K-ETA-G20/1763596;0 ks na skladě, možné naskladnění: 05.08.2026;"{""categories"":[""Střídače""],""price_raw"":""26 224,44 Kč*"",""price_per_wp_raw"":"""",""price_per_wp_czk_without_vat"":null,""properties"":{""AC jmenovitý výkon (kW)"":""8.00"",""Max. výkon DC generátoru (kWp)"":""16.00"",""Počet nezávislých MPPT (ks)"":""3""},""image_url"":""https://cdn.shop.krannich-solar.com/media/61/2a/c1/1776864226/1763596_0_5_8_6_058609e4df54cc6e1356092ddd532dcc22a97404_det_ivh_gw_gw5_30k_eta_eha_g20.png.png?width=3000"",""has_quantity_discount"":false,""scraped_at"":""2026-07-04T09:58:28.853Z""}"
Krannich Solar;1744045;1744045;LAN KIT USB;Komunikační LAN modul pro střídače GoodWe;Střídače;GoodWe;288.58;21;ks;https://shop.krannich-solar.com/cs-cz/LAN-KIT-USB/1744045;36 ks na skladě, poslední kusy;"{""categories"":[""Střídače"",""Výprodej""],""price_raw"":""288,58 Kč*"",""price_per_wp_raw"":"""",""price_per_wp_czk_without_vat"":null,""properties"":{},""image_url"":""https://cdn.shop.krannich-solar.com/media/2d/d4/cb/1750077975/1744045_1_e_e_d_1eed512981325101f047ad12131a8243289ddba1_det_dca_gw_lan_kit_usb.jpg.jpg?width=3000"",""has_quantity_discount"":false,""scraped_at"":""2026-07-04T09:57:53.159Z""}"
Krannich Solar;1763617;1763617;SCU3000A;Komunikační jednotka;Střídače;GoodWe;30085.77;21;ks;https://shop.krannich-solar.com/cs-cz/SCU3000A/1763617;0 ks na skladě, možné naskladnění: 28.10.2026;"{""categories"":[""Střídače""],""price_raw"":""30 085,77 Kč*"",""price_per_wp_raw"":"""",""price_per_wp_czk_without_vat"":null,""properties"":{},""image_url"":"""",""has_quantity_discount"":false,""scraped_at"":""2026-07-04T10:02:32.036Z""}"
Krannich Solar;1731666;1731666;SMART ENERGY CONTROLLER SEC1000S HYBRID;Inteligentní regulátor pro hybridní střídače;Střídače;GoodWe;9507.46;21;ks;https://shop.krannich-solar.com/cs-cz/SMART-ENERGY-CONTROLLER-SEC1000S-HYBRID/1731666;0 ks na skladě, možné naskladnění: 22.07.2026;"{""categories"":[""Střídače""],""price_raw"":""9 507,46 Kč*"",""price_per_wp_raw"":"""",""price_per_wp_czk_without_vat"":null,""properties"":{},""image_url"":""https://cdn.shop.krannich-solar.com/media/1d/cc/ab/1750077871/1731666_5_7_f_a_57fadff9b82c16fbf991e527f0a8eb3d888b9c22_det_ivsa_gw_smart_energy_controller_sec1000.jpg.jpg?width=3000"",""has_quantity_discount"":false,""scraped_at"":""2026-07-04T09:58:21.286Z""}"
Krannich Solar;1758485;1758485;Static Transfer Switch (STS) Box;;Střídače;GoodWe;19318.52;21;ks;https://shop.krannich-solar.com/cs-cz/Static-Transfer-Switch-STS-Box/1758485;0 ks na skladě, možné naskladnění: 28.10.2026;"{""categories"":[""Střídače""],""price_raw"":""19 318,52 Kč*"",""price_per_wp_raw"":"""",""price_per_wp_czk_without_vat"":null,""properties"":{},""image_url"":""https://cdn.shop.krannich-solar.com/media/dc/47/c3/1781846511/1758485_2_b_f_b_2bfb8027e4b925a390df8da7e83c0915d0e072a6_det_iva_gw_sts200_80_10.png.png?width=3000"",""has_quantity_discount"":false,""scraped_at"":""2026-07-04T10:02:32.036Z""}"
Krannich Solar;1758897;1758897;WIFI+LAN KIT-2.0;Komunikační WiFi / LAN modul pro střídace Goodwe;Střídače;GoodWe;443.29;21;ks;https://shop.krannich-solar.com/cs-cz/WIFI-LAN-KIT-2.0/1758897;0 ks na skladě, možné naskladnění: 17.07.2026;"{""categories"":[""Střídače""],""price_raw"":""443,29 Kč*"",""price_per_wp_raw"":"""",""price_per_wp_czk_without_vat"":null,""properties"":{},""image_url"":""https://cdn.shop.krannich-solar.com/media/b5/a1/10/1764342419/1758897_b_0_b_b_b0bb01e6797c69513af27aa3f8ed6e78cab44541_det_dca_gw_wifi__lan2.0.png.png?width=3000"",""has_quantity_discount"":false,""scraped_at"":""2026-07-04T09:58:11.001Z""}"
Krannich Solar;1759719;1759719;02234BTT KIT (SUN2000 5-12K-MAP0);;Střídače;Huawei;221.65;21;ks;https://shop.krannich-solar.com/cs-cz/02234BTT-KIT-SUN2000-5-12K-MAP0/1759719;0 ks na skladě, možné naskladnění: 05.08.2026;"{""categories"":[""Střídače""],""price_raw"":""221,65 Kč*"",""price_per_wp_raw"":"""",""price_per_wp_czk_without_vat"":null,""properties"":{},""image_url"":""https://cdn.shop.krannich-solar.com/media/6d/e4/2c/1780910702/1759719_5_2_9_b_529b29eeb9ed15d1b876f338d5ba47ebcf19c9f7_det_hu_02234btt_kit.png.png?width=3000"",""has_quantity_discount"":false,""scraped_at"":""2026-07-04T09:58:28.853Z""}"
Krannich Solar;1744353;1744353;DTSU666-H + trafa 100A / 40mA;3-F elektroměr pro střídače Huawei, nepřímé měření;Střídače;Huawei;2404.63;21;ks;https://shop.krannich-solar.com/cs-cz/DTSU666-H-trafa-100A-40mA/1744353;4 ks na skladě, možné naskladnění: 04.08.2026;"{""categories"":[""Střídače""],""price_raw"":""2 404,63 Kč*"",""price_per_wp_raw"":"""",""price_per_wp_czk_without_vat"":null,""properties"":{},""image_url"":""https://cdn.shop.krannich-solar.com/media/e1/72/9d/1750077992/1744353_f_4_d_b_f4dbe317735d4215dae5b913b5b548186ca91c89_det_ivsa_hu_smart_power_sensor_dtsu666h.jpg.jpg?width=3000"",""has_quantity_discount"":false,""scraped_at"":""2026-07-04T09:58:00.765Z""}"
Krannich Solar;1730384;1730384;DTSU666-H + trafa 250A / 50mA;3-F elektroměr pro střídače Huawei, nepřímé měření;Střídače;Huawei;2404.63;21;ks;https://shop.krannich-solar.com/cs-cz/DTSU666-H-trafa-250A-50mA/1730384;5 ks na skladě, možné naskladnění: 19.08.2026;"{""categories"":[""Střídače""],""price_raw"":""2 404,63 Kč*"",""price_per_wp_raw"":"""",""price_per_wp_czk_without_vat"":null,""properties"":{},""image_url"":""https://cdn.shop.krannich-solar.com/media/af/35/f8/1750077878/1730384_f_4_d_b_f4dbe317735d4215dae5b913b5b548186ca91c89_det_ivsa_hu_smart_power_sensor_dtsu666h.jpg.jpg?width=3000"",""has_quantity_discount"":false,""scraped_at"":""2026-07-04T09:57:58.170Z""}"
Krannich Solar;1755683;1755683;EMMA-A02, Energy Management Assistance;Interface for charging and load management;Střídače;Huawei;6134.28;21;ks;https://shop.krannich-solar.com/cs-cz/EMMA-A02-Energy-Management-Assistance/1755683;30 ks na skladě, možné naskladnění: 22.07.2026;"{""categories"":[""Střídače""],""price_raw"":""6 134,28 Kč*"",""price_per_wp_raw"":"""",""price_per_wp_czk_without_vat"":null,""properties"":{},""image_url"":""https://cdn.shop.krannich-solar.com/media/ca/56/2d/1750077406/1755683_4_4_b_d_44bd39325b61b20532caa9cb25a8da669ee24948_det_ivsa_huawei_emma_a02.png.png?width=3000"",""has_quantity_discount"":false,""scraped_at"":""2026-07-04T09:57:53.159Z""}"
Krannich Solar;1731549;1731549;SMART DONGLE-4G;Komunikační modul 4G pro střídače Huawei;Střídače;Huawei;7.52;21;ks;https://shop.krannich-solar.com/cs-cz/SMART-DONGLE-4G/1731549;0 ks na skladě, možné naskladnění: 05.08.2026;"{""categories"":[""Střídače""],""price_raw"":""7,52 Kč*"",""price_per_wp_raw"":"""",""price_per_wp_czk_without_vat"":null,""properties"":{},""image_url"":""https://cdn.shop.krannich-solar.com/media/f1/53/g0/1750077860/1731549_7_5_e_3_75e32152f3ee5506b7561f7de3fe0a51ad2fb94d_det_dcl_hu_smart_dongle_4g.jpg.jpg?width=3000"",""has_quantity_discount"":false,""scraped_at"":""2026-07-04T10:02:24.600Z""}"
Krannich Solar;1742906;1742906;SMART DONGLE-WLAN-FE;Komunikační modul Wi-Fi pro střídače Huawei;Střídače;Huawei;977.28;21;ks;https://shop.krannich-solar.com/cs-cz/SMART-DONGLE-WLAN-FE/1742906;10 ks na skladě, možné naskladnění: 04.08.2026;"{""categories"":[""Střídače""],""price_raw"":""977,28 Kč*"",""price_per_wp_raw"":"""",""price_per_wp_czk_without_vat"":null,""properties"":{},""image_url"":""https://cdn.shop.krannich-solar.com/media/6b/86/26/1750077917/1742906_a_f_f_0_aff0e0dc932b0829ac1b867fc223735aee98e34a_det_dca_hu_smart_dongle_wlan_fe.jpg.jpg?width=3000"",""has_quantity_discount"":false,""scraped_at"":""2026-07-04T09:57:58.168Z""}"
Krannich Solar;1733261;1733261;SMART LOGGER 3000A01EU;;Střídače;Huawei;8170.8;21;ks;https://shop.krannich-solar.com/cs-cz/SMART-LOGGER-3000A01EU/1733261;0 ks na skladě, možné naskladnění: 14.07.2026;"{""categories"":[""Střídače""],""price_raw"":""8 170,80 Kč*"",""price_per_wp_raw"":"""",""price_per_wp_czk_without_vat"":null,""properties"":{},""image_url"":""https://cdn.shop.krannich-solar.com/media/36/25/d4/1750077924/1733261_7_a_d_7_7ad74f9855cd3179ff165250f1308e8482a45090_det_dcl_hu_smart_logger_3000a.jpg.jpg?width=3000"",""has_quantity_discount"":false,""scraped_at"":""2026-07-04T09:58:11.001Z""}"
Krannich Solar;1733262;1733262;SMART LOGGER 3000A03EU WITH MBUS;;Střídače;Huawei;18721.73;21;ks;https://shop.krannich-solar.com/cs-cz/SMART-LOGGER-3000A03EU-WITH-MBUS/1733262;3 ks na skladě, možné naskladnění: 05.08.2026;"{""categories"":[""Střídače""],""price_raw"":""18 721,73 Kč*"",""price_per_wp_raw"":"""",""price_per_wp_czk_without_vat"":null,""properties"":{},""image_url"":""https://cdn.shop.krannich-solar.com/media/e5/d4/87/1750077919/1733262_b_7_f_b_b7fb28b2c19a024deaa6d9f4c68b91761bf60b77_det_dcl_hu_smart_logger_3000a.jpg.jpg?width=3000"",""has_quantity_discount"":false,""scraped_at"":""2026-07-04T09:58:00.765Z""}"
Krannich Solar;1743110;1743110;SMART LOGGER 3000B02EU;;Střídače;Huawei;33174.25;21;ks;https://shop.krannich-solar.com/cs-cz/SMART-LOGGER-3000B02EU/1743110;0 ks na skladě, možné naskladnění: 05.08.2026;"{""categories"":[""Střídače""],""price_raw"":""33 174,25 Kč*"",""price_per_wp_raw"":"""",""price_per_wp_czk_without_vat"":null,""properties"":{},""image_url"":""https://cdn.shop.krannich-solar.com/media/39/38/51/1750077927/1743110_2_a_b_5_2ab5591d4e3f8d03e3d05311eb540aec2ab0c429_det_dcl_hu_smart_logger_3000b.jpg.jpg?width=3000"",""has_quantity_discount"":false,""scraped_at"":""2026-07-04T10:02:24.600Z""}"
Krannich Solar;1758625;1758625;SMART POWER SENSOR 80AI-T0 (FOR LUNA2000-107-241);3-F elektroměr pro střídače Huawei, přímé měření;Střídače;Huawei;3486.18;21;ks;https://shop.krannich-solar.com/cs-cz/SMART-POWER-SENSOR-80AI-T0-FOR-LUNA2000-107-241/1758625;0 ks na skladě, možné naskladnění: 05.08.2026;"{""categories"":[""Střídače"",""Baterie""],""price_raw"":""3 486,18 Kč*"",""price_per_wp_raw"":"""",""price_per_wp_czk_without_vat"":null,""properties"":{},""image_url"":""https://cdn.shop.krannich-solar.com/media/a9/7f/db/1765886855/1758625_d_6_1_7_d617bdb2859bad25ca85534ad80ab093f2ba7cd7_det_isa_hu_smart_power_sensor_smartps_80ai_t0.png.png?width=3000"",""has_quantity_discount"":false,""scraped_at"":""2026-07-04T09:58:28.854Z""}"
Krannich Solar;1763836;1763836;Smart Power Sensor DTSU666-FE;;Střídače;Huawei;3361.54;21;ks;https://shop.krannich-solar.com/cs-cz/Smart-Power-Sensor-DTSU666-FE/1763836;1 ks na skladě, možné naskladnění: 14.07.2026;"{""categories"":[""Střídače""],""price_raw"":""3 361,54 Kč*"",""price_per_wp_raw"":"""",""price_per_wp_czk_without_vat"":null,""properties"":{},""image_url"":""https://cdn.shop.krannich-solar.com/media/e7/03/3b/1774691504/1763836_2_8_6_c_286cab13c102b82c5164512cfd1272532ae0cf61_det_ivsa_hu_smart_power_sensor_dtsu666_fe.png.png?width=3000"",""has_quantity_discount"":false,""scraped_at"":""2026-07-04T09:58:05.987Z""}"
Krannich Solar;1757191;1757191;SmartGuard-63A-T0;Backup Box battery-backup operation, 3-phase;Střídače;Huawei;14624.21;21;ks;https://shop.krannich-solar.com/cs-cz/SmartGuard-63A-T0/1757191;5 ks na skladě, možné naskladnění: 22.07.2026;"{""categories"":[""Střídače""],""price_raw"":""14 624,21 Kč*"",""price_per_wp_raw"":"""",""price_per_wp_czk_without_vat"":null,""properties"":{},""image_url"":""https://cdn.shop.krannich-solar.com/media/c0/d1/64/1750077701/1757191_b_f_d_8_bfd8dd6447c0a77e49040f6d466903cabe062d31_det_iva_hu_smartguard_63A_T0_3_phase.png.png?width=3000"",""has_quantity_discount"":false,""scraped_at"":""2026-07-04T09:57:58.170Z""}"
Krannich Solar;1758617;1758617;SMARTLOGGER 3000C01 FOR LUNA2000-215-2S10;;Střídače;Huawei;22737.04;21;ks;https://shop.krannich-solar.com/cs-cz/SMARTLOGGER-3000C01-FOR-LUNA2000-215-2S10/1758617;0 ks na skladě, možné naskladnění: 05.08.2026;"{""categories"":[""Střídače"",""Baterie""],""price_raw"":""22 737,04 Kč*"",""price_per_wp_raw"":"""",""price_per_wp_czk_without_vat"":null,""properties"":{},""image_url"":""https://cdn.shop.krannich-solar.com/media/ee/4f/38/1763719581/1758617_f_2_9_4_f294ca7e75c5bc7c0f012ed10b8634309d3026aa_det_svca_hauwei_smarlogger3000c01.png.png?width=3000"",""has_quantity_discount"":false,""scraped_at"":""2026-07-04T09:58:28.854Z""}"
Krannich Solar;1753213;1753213;SmartPS 80A T0;3-F elektroměr pro střídače Huawei, přímé měření;Střídače;Huawei;3533.23;21;ks;https://shop.krannich-solar.com/cs-cz/SmartPS-80A-T0/1753213;60 ks na skladě, možné naskladnění: 19.08.2026;"{""categories"":[""Střídače""],""price_raw"":""3 533,23 Kč*"",""price_per_wp_raw"":"""",""price_per_wp_czk_without_vat"":null,""properties"":{},""image_url"":""https://cdn.shop.krannich-solar.com/media/c5/ee/0a/1765886853/1753213_b_e_e_e_beeef4984c65ef6256b96e02411e0e3ffd2dca1c_det_isa_hu_smart_power_sensor_smartps_80ai_t0.png.png?width=3000"",""has_quantity_discount"":false,""scraped_at"":""2026-07-04T09:57:53.159Z""}"
Krannich Solar;1759500;1759500;SUN2000 -3.68K-LB0;1-F hybridní střídač;Střídače;Huawei;12636.68;21;ks;https://shop.krannich-solar.com/cs-cz/SUN2000-3.68K-LB0/1759500;0 ks na skladě, možné naskladnění: 12.08.2026;"{""categories"":[""Střídače""],""price_raw"":""12 636,68 Kč*"",""price_per_wp_raw"":"""",""price_per_wp_czk_without_vat"":null,""properties"":{""AC jmenovitý výkon (kW)"":""3.68"",""Max. výkon DC generátoru (kWp)"":""5.52"",""Počet nezávislých MPPT (ks)"":""2""},""image_url"":""https://cdn.shop.krannich-solar.com/media/99/06/1e/1774693424/1759500_9_1_7_e_917e8eccb043876a0b79d4c8ea2e577f2c891357_det_ivh_hu_sun2000_3_6k_lb0.png.png?width=3000"",""has_quantity_discount"":false,""scraped_at"":""2026-07-04T10:02:27.115Z""}"
Krannich Solar;1759499;1759499;SUN2000 -3K-LB0;1-F hybridní střídač;Střídače;Huawei;10575.43;21;ks;https://shop.krannich-solar.com/cs-cz/SUN2000-3K-LB0/1759499;0 ks na skladě, možné naskladnění: 12.08.2026;"{""categories"":[""Střídače""],""price_raw"":""10 575,43 Kč*"",""price_per_wp_raw"":"""",""price_per_wp_czk_without_vat"":null,""properties"":{""AC jmenovitý výkon (kW)"":""3.00"",""Max. výkon DC generátoru (kWp)"":""4.50"",""Počet nezávislých MPPT (ks)"":""2""},""image_url"":""https://cdn.shop.krannich-solar.com/media/5c/e4/de/1774693423/1759499_c_a_8_1_ca813d7858fa2fd490083fbfad21ab185886522d_det_ivh_hu_sun2000_3k_6k_lb0.png.png?width=3000"",""has_quantity_discount"":false,""scraped_at"":""2026-07-04T10:02:27.115Z""}"
Krannich Solar;1750149;1750149;SUN2000 3 KTL-M1;Hybrid inverter, 2 MPPT, 3-phase;Střídače;Huawei;14943.09;21;ks;https://shop.krannich-solar.com/cs-cz/SUN2000-3-KTL-M1/1750149;0 ks na skladě, možné naskladnění: 12.08.2026;"{""categories"":[""Střídače""],""price_raw"":""14 943,09 Kč*"",""price_per_wp_raw"":"""",""price_per_wp_czk_without_vat"":null,""properties"":{""AC jmenovitý výkon (kW)"":""3.00"",""Max. výkon DC generátoru (kWp)"":""4.50"",""Počet nezávislých MPPT (ks)"":""2""},""image_url"":""https://cdn.shop.krannich-solar.com/media/1f/dd/64/1750077600/1750149_a_2_6_3_a263a610ee9fde3d6c825eccaf319c106d14a0ac_det_ivh_hu_sun2000_3_10ktl_m1.jpg.jpg?width=3000"",""has_quantity_discount"":false,""scraped_at"":""2026-07-04T10:02:27.115Z""}"
Krannich Solar;1752866;1752866;SUN2000-100KTL-M2 (AFCI);Třífázový síťový střídač;Střídače;Huawei;85560.8;21;ks;https://shop.krannich-solar.com/cs-cz/SUN2000-100KTL-M2-AFCI/1752866;0 ks na skladě, možné naskladnění: 22.07.2026;"{""categories"":[""Střídače""],""price_raw"":""85 560,80 Kč*"",""price_per_wp_raw"":"""",""price_per_wp_czk_without_vat"":null,""properties"":{""AC jmenovitý výkon (kW)"":""100.00"",""Max. výkon DC generátoru (kWp)"":""110.00"",""Počet nezávislých MPPT (ks)"":""10""},""image_url"":""https://cdn.shop.krannich-solar.com/media/8e/e2/48/1750077257/1752866_a_c_8_8_ac88d7a5ea83c4fc30bbd9da239695baa6d15609_det_iv_hu_sun2000_100ktl_m1.jpg.jpg?width=3000"",""has_quantity_discount"":false,""scraped_at"":""2026-07-04T09:58:13.565Z""}"
Krannich Solar;1757189;1757189;SUN2000-10K-MAP0;Hybridní střídač, 2 MPPT, 3 fáze;Střídače;Huawei;30818.6;21;ks;https://shop.krannich-solar.com/cs-cz/SUN2000-10K-MAP0/1757189;27 ks na skladě, možné naskladnění: 22.07.2026;"{""categories"":[""Střídače""],""price_raw"":""30 818,60 Kč*"",""price_per_wp_raw"":"""",""price_per_wp_czk_without_vat"":null,""properties"":{""AC jmenovitý výkon (kW)"":""10.00"",""Max. výkon DC generátoru (kWp)"":""18.00"",""Počet nezávislých MPPT (ks)"":""2""},""image_url"":""https://cdn.shop.krannich-solar.com/media/58/eb/19/1750077705/1757189_c_f_6_6_cf660c804d1789db0541836a614563ff4614fed2_det_ivh_hu_sun2000_5_12k_map0__002_.png.png?width=3000"",""has_quantity_discount"":false,""scraped_at"":""2026-07-04T09:57:53.159Z""}"
Krannich Solar;1750154;1750154;SUN2000-10KTL-M1 (13,5A);Třífázový hybridní střídač (SVT32006);Střídače;Huawei;21077.37;21;ks;https://shop.krannich-solar.com/cs-cz/SUN2000-10KTL-M1-13-5A/1750154;3 ks na skladě, možné naskladnění: 22.07.2026;"{""categories"":[""Střídače""],""price_raw"":""21 077,37 Kč*"",""price_per_wp_raw"":"""",""price_per_wp_czk_without_vat"":null,""properties"":{""AC jmenovitý výkon (kW)"":""10.00"",""Max. výkon DC generátoru (kWp)"":""15.00"",""Počet nezávislých MPPT (ks)"":""2""},""image_url"":""https://cdn.shop.krannich-solar.com/media/4a/a8/50/1750077605/1750154_a_2_6_3_a263a610ee9fde3d6c825eccaf319c106d14a0ac_det_ivh_hu_sun2000_3_10ktl_m1.jpg.jpg?width=3000"",""has_quantity_discount"":false,""scraped_at"":""2026-07-04T09:58:03.331Z""}"
Krannich Solar;1752842;1752842;SUN2000-115KTL-M2;Třífázový síťový střídač;Střídače;Huawei;85757.22;21;ks;https://shop.krannich-solar.com/cs-cz/SUN2000-115KTL-M2/1752842;0 ks na skladě, možné naskladnění: 29.07.2026;"{""categories"":[""Střídače""],""price_raw"":""85 757,22 Kč*"",""price_per_wp_raw"":"""",""price_per_wp_czk_without_vat"":null,""properties"":{""AC jmenovitý výkon (kW)"":""115.00"",""Max. výkon DC generátoru (kWp)"":""115.00"",""Počet nezávislých MPPT (ks)"":""10""},""image_url"":""https://cdn.shop.krannich-solar.com/media/52/59/1e/1750077253/1752842_9_9_7_5_99752eb2adadb2dbe4b330595fdcd526428ff6cc_det_iv_hu_sun2000_215ktl_h3.jpg.jpg?width=3000"",""has_quantity_discount"":false,""scraped_at"":""2026-07-04T09:58:26.206Z""}"
Krannich Solar;1755258;1755258;SUN2000-12 K-MB0;Hybrid inverter, 2 MPPT, 3-phase;Střídače;Huawei;39357.51;21;ks;https://shop.krannich-solar.com/cs-cz/SUN2000-12-K-MB0/1755258;0 ks na skladě, možné naskladnění: 22.07.2026;"{""categories"":[""Střídače""],""price_raw"":""39 357,51 Kč*"",""price_per_wp_raw"":"""",""price_per_wp_czk_without_vat"":null,""properties"":{""AC jmenovitý výkon (kW)"":""12.00"",""Max. výkon DC generátoru (kWp)"":""18.00"",""Počet nezávislých MPPT (ks)"":""2""},""image_url"":""https://cdn.shop.krannich-solar.com/media/2f/d6/1e/1750077399/1755258_e_8_3_f_e83fcef60d1362a7026c16314f7cd847049d5ff1_det_ivh_hu_sun2000_15_25k_mbo.png.png?width=3000"",""has_quantity_discount"":false,""scraped_at"":""2026-07-04T09:58:18.750Z""}"
Krannich Solar;1757190;1757190;SUN2000-12K-MAP0;Hybrid inverter, 2 MPPT, 3-phase;Střídače;Huawei;33296.71;21;ks;https://shop.krannich-solar.com/cs-cz/SUN2000-12K-MAP0/1757190;1 ks na skladě, možné naskladnění: 22.07.2026;"{""categories"":[""Střídače""],""price_raw"":""33 296,71 Kč*"",""price_per_wp_raw"":"""",""price_per_wp_czk_without_vat"":null,""properties"":{""AC jmenovitý výkon (kW)"":""12.00"",""Max. výkon DC generátoru (kWp)"":""22.00"",""Počet nezávislých MPPT (ks)"":""2""},""image_url"":""https://cdn.shop.krannich-solar.com/media/e0/5d/79/1750077702/1757190_c_f_6_6_cf660c804d1789db0541836a614563ff4614fed2_det_ivh_hu_sun2000_5_12k_map0__002_.png.png?width=3000"",""has_quantity_discount"":false,""scraped_at"":""2026-07-04T09:58:08.549Z""}"
Krannich Solar;1752910;1752910;SUN2000-12KTL-M5;Třífázový síťový střídač;Střídače;Huawei;19816.13;21;ks;https://shop.krannich-solar.com/cs-cz/SUN2000-12KTL-M5/1752910;7 ks na skladě, poslední kusy;"{""categories"":[""Střídače"",""Výprodej""],""price_raw"":""19 816,13 Kč*"",""price_per_wp_raw"":"""",""price_per_wp_czk_without_vat"":null,""properties"":{""AC jmenovitý výkon (kW)"":""12.00"",""Max. výkon DC generátoru (kWp)"":""18.00"",""Počet nezávislých MPPT (ks)"":""2""},""image_url"":""https://cdn.shop.krannich-solar.com/media/46/c7/fe/1750077267/1752910_5_8_5_c_585cc921a6fa26d186cd0767ba32d26dd1bc3f73_krannich_Image_huawei_inverter_smart_pv_controller_sun2000_12ktl_m5.png.png?width=3000"",""has_quantity_discount"":false,""scraped_at"":""2026-07-04T09:57:58.169Z""}"
Krannich Solar;1756811;1756811;SUN2000-150K-MG0, string inverter;PV inverter, 7 MPPT, 3-phase;Střídače;Huawei;114833.7;21;ks;https://shop.krannich-solar.com/cs-cz/SUN2000-150K-MG0-string-inverter/1756811;0 ks na skladě, možné naskladnění: 05.08.2026;"{""categories"":[""Střídače""],""price_raw"":""114 833,70 Kč*"",""price_per_wp_raw"":"""",""price_per_wp_czk_without_vat"":null,""properties"":{""AC jmenovitý výkon (kW)"":""150.00"",""Počet nezávislých MPPT (ks)"":""7""},""image_url"":""https://cdn.shop.krannich-solar.com/media/38/16/5d/1750077519/1756811_b_9_9_f_b99f5f6dc5775f9b6144e8018e5a6790d52ea4fe_krannich_Image_huawei_inverter_smart_pv_controller_sun2000_150k_mg0.png.png?width=3000"",""has_quantity_discount"":false,""scraped_at"":""2026-07-04T10:02:24.601Z""}"
Krannich Solar;1755251;1755251;SUN2000-15K-MB0;Hybrid inverter, 2 MPPT, 3-phase;Střídače;Huawei;44461.17;21;ks;https://shop.krannich-solar.com/cs-cz/SUN2000-15K-MB0/1755251;0 ks na skladě, možné naskladnění: 22.07.2026;"{""categories"":[""Střídače""],""price_raw"":""44 461,17 Kč*"",""price_per_wp_raw"":"""",""price_per_wp_czk_without_vat"":null,""properties"":{""AC jmenovitý výkon (kW)"":""15.00"",""Max. výkon DC generátoru (kWp)"":""22.50"",""Počet nezávislých MPPT (ks)"":""2""},""image_url"":""https://cdn.shop.krannich-solar.com/media/9c/05/61/1750077401/1755251_e_8_3_f_e83fcef60d1362a7026c16314f7cd847049d5ff1_det_ivh_hu_sun2000_15_25k_mbo.png.png?width=3000"",""has_quantity_discount"":false,""scraped_at"":""2026-07-04T09:58:18.750Z""}"
Krannich Solar;1752912;1752912;SUN2000-15KTL-M5;Třífázový síťový střídač;Střídače;Huawei;23920.69;21;ks;https://shop.krannich-solar.com/cs-cz/SUN2000-15KTL-M5/1752912;68 ks na skladě, poslední kusy;"{""categories"":[""Střídače"",""Výprodej""],""price_raw"":""23 920,69 Kč*"",""price_per_wp_raw"":"""",""price_per_wp_czk_without_vat"":null,""properties"":{""AC jmenovitý výkon (kW)"":""15.00"",""Max. výkon DC generátoru (kWp)"":""22.50"",""Počet nezávislých MPPT (ks)"":""2""},""image_url"":""https://cdn.shop.krannich-solar.com/media/06/ba/ec/1750077260/1752912_3_9_7_8_39788738b2b9e9827ad8b9fb58225dfaec855646_krannich_Image_huawei_inverter_smart_pv_controller_sun2000_15ktl_m5.png.png?width=3000"",""has_quantity_discount"":false,""scraped_at"":""2026-07-04T09:57:53.158Z""}"
Krannich Solar;1755255;1755255;SUN2000-17K-MB0;Hybrid inverter, 2 MPPT, 3-phase;Střídače;Huawei;45369.09;21;ks;https://shop.krannich-solar.com/cs-cz/SUN2000-17K-MB0/1755255;0 ks na skladě, možné naskladnění: 12.08.2026;"{""categories"":[""Střídače""],""price_raw"":""45 369,09 Kč*"",""price_per_wp_raw"":"""",""price_per_wp_czk_without_vat"":null,""properties"":{""AC jmenovitý výkon (kW)"":""17.00"",""Max. výkon DC generátoru (kWp)"":""25.50"",""Počet nezávislých MPPT (ks)"":""2""},""image_url"":""https://cdn.shop.krannich-solar.com/media/80/5b/de/1750077368/1755255_e_8_3_f_e83fcef60d1362a7026c16314f7cd847049d5ff1_det_ivh_hu_sun2000_15_25k_mbo.png.png?width=3000"",""has_quantity_discount"":false,""scraped_at"":""2026-07-04T10:02:27.116Z""}"
Krannich Solar;1752913;1752913;SUN2000-17KTL-M5;Třífázový síťový střídač;Střídače;Huawei;24672.44;21;ks;https://shop.krannich-solar.com/cs-cz/SUN2000-17KTL-M5/1752913;18 ks na skladě, poslední kusy;"{""categories"":[""Střídače"",""Výprodej""],""price_raw"":""24 672,44 Kč*"",""price_per_wp_raw"":"""",""price_per_wp_czk_without_vat"":null,""properties"":{""AC jmenovitý výkon (kW)"":""17.00"",""Max. výkon DC generátoru (kWp)"":""25.50"",""Počet nezávislých MPPT (ks)"":""2""},""image_url"":""https://cdn.shop.krannich-solar.com/media/9d/1f/08/1750077261/1752913_a_c_f_7_acf7d57f93c939b89c14d0c3bf779b9bde4c4502_krannich_Image_huawei_inverter_smart_pv_controller_sun2000_17ktl_m5.png.png?width=3000"",""has_quantity_discount"":false,""scraped_at"":""2026-07-04T09:57:55.666Z""}"
Krannich Solar;1755256;1755256;SUN2000-20 K-MB0;Hybrid inverter, 2 MPPT, 3-phase;Střídače;Huawei;47920.91;21;ks;https://shop.krannich-solar.com/cs-cz/SUN2000-20-K-MB0/1755256;3 ks na skladě, možné naskladnění: 12.08.2026;"{""categories"":[""Střídače""],""price_raw"":""47 920,91 Kč*"",""price_per_wp_raw"":"""",""price_per_wp_czk_without_vat"":null,""properties"":{""AC jmenovitý výkon (kW)"":""20.00"",""Max. výkon DC generátoru (kWp)"":""30.00"",""Počet nezávislých MPPT (ks)"":""2""},""image_url"":""https://cdn.shop.krannich-solar.com/media/23/38/5d/1750077367/1755256_e_8_3_f_e83fcef60d1362a7026c16314f7cd847049d5ff1_det_ivh_hu_sun2000_15_25k_mbo.png.png?width=3000"",""has_quantity_discount"":false,""scraped_at"":""2026-07-04T09:58:03.332Z""}"
Krannich Solar;1755257;1755257;SUN2000-25 K-MB0;Hybrid inverter, 2 MPPT, 3-phase;Střídače;Huawei;49049.51;21;ks;https://shop.krannich-solar.com/cs-cz/SUN2000-25-K-MB0/1755257;1 ks na skladě, možné naskladnění: 22.07.2026;"{""categories"":[""Střídače""],""price_raw"":""49 049,51 Kč*"",""price_per_wp_raw"":"""",""price_per_wp_czk_without_vat"":null,""properties"":{""AC jmenovitý výkon (kW)"":""25.00"",""Max. výkon DC generátoru (kWp)"":""37.50"",""Počet nezávislých MPPT (ks)"":""2""},""image_url"":""https://cdn.shop.krannich-solar.com/media/2f/90/15/1750077371/1755257_e_8_3_f_e83fcef60d1362a7026c16314f7cd847049d5ff1_det_ivh_hu_sun2000_15_25k_mbo.png.png?width=3000"",""has_quantity_discount"":false,""scraped_at"":""2026-07-04T09:58:08.549Z""}"
Krannich Solar;1763635;1763635;SUN2000-30K-MC0;Síťový střídač, 4 MPPT, 3-fáze;Střídače;Huawei;44853.77;21;ks;https://shop.krannich-solar.com/cs-cz/SUN2000-30K-MC0/1763635;0 ks na skladě, možné naskladnění: 29.07.2026;"{""categories"":[""Střídače""],""price_raw"":""44 853,77 Kč*"",""price_per_wp_raw"":"""",""price_per_wp_czk_without_vat"":null,""properties"":{""AC jmenovitý výkon (kW)"":""30.00"",""Počet nezávislých MPPT (ks)"":""4""},""image_url"":""https://cdn.shop.krannich-solar.com/media/0b/f5/60/1781869908/1763635_1_8_6_d_186ded0f16a7d5c172190a74ae0f5a2b47bf3818_det_iv_huawei_sun2000_30k_40k_50k_mc0.png.png?width=3000"",""has_quantity_discount"":false,""scraped_at"":""2026-07-04T09:58:23.661Z""}"
Krannich Solar;1752930;1752930;SUN2000-330KTL-H1;Třífázový síťový střídač;Střídače;Huawei;168422.57;21;ks;https://shop.krannich-solar.com/cs-cz/SUN2000-330KTL-H1/1752930;0 ks na skladě, možné naskladnění: 02.09.2026;"{""categories"":[""Střídače""],""price_raw"":""168 422,57 Kč*"",""price_per_wp_raw"":"""",""price_per_wp_czk_without_vat"":null,""properties"":{""AC jmenovitý výkon (kW)"":""300.00"",""Max. výkon DC generátoru (kWp)"":""330.00"",""Počet nezávislých MPPT (ks)"":""6""},""image_url"":""https://cdn.shop.krannich-solar.com/media/c6/21/01/1750077262/1752930_7_7_3_c_773ca628d01cb472d0139242b7626aab38d5ef9d_krannich_Image_huawei_inverter_smart_pv_controller_sun2000_330ktl_m1.png.png?width=3000"",""has_quantity_discount"":false,""scraped_at"":""2026-07-04T10:02:32.035Z""}"
Krannich Solar;1763636;1763636;SUN2000-40K-MC0;Síťový střídač, 4 MPPT, 3-fáze;Střídače;Huawei;48583.42;21;ks;https://shop.krannich-solar.com/cs-cz/SUN2000-40K-MC0/1763636;0 ks na skladě, možné naskladnění: 29.07.2026;"{""categories"":[""Střídače""],""price_raw"":""48 583,42 Kč*"",""price_per_wp_raw"":"""",""price_per_wp_czk_without_vat"":null,""properties"":{""AC jmenovitý výkon (kW)"":""40.00"",""Počet nezávislých MPPT (ks)"":""4""},""image_url"":""https://cdn.shop.krannich-solar.com/media/3a/07/db/1781869908/1763636_2_a_3_5_2a35a7180fbb897d62b0aea82f7694f5dbc1ce01_det_iv_huawei_sun2000_30k_40k_50k_mc0.png.png?width=3000"",""has_quantity_discount"":false,""scraped_at"":""2026-07-04T09:58:23.660Z""}"
Krannich Solar;1763637;1763637;SUN2000-50K-MC0;Síťový střídač, 4 MPPT, 3-fáze;Střídače;Huawei;54153.41;21;ks;https://shop.krannich-solar.com/cs-cz/SUN2000-50K-MC0/1763637;3 ks na skladě, možné naskladnění: 22.07.2026;"{""categories"":[""Střídače""],""price_raw"":""54 153,41 Kč*"",""price_per_wp_raw"":"""",""price_per_wp_czk_without_vat"":null,""properties"":{""AC jmenovitý výkon (kW)"":""50.00"",""Počet nezávislých MPPT (ks)"":""4""},""image_url"":""https://cdn.shop.krannich-solar.com/media/be/10/f1/1776265371/1763637_a_8_0_d_a80d24b59bafc0b3a9c57d3c0f2501024ea0c932_det_iv_huawei_sun2000_30k_40k_50k_mc0.png.png?width=3000"",""has_quantity_discount"":false,""scraped_at"":""2026-07-04T09:58:00.765Z""}"
Krannich Solar;1757183;1757183;SUN2000-5K-MAP0;Hybrid inverter, 2 MPPT, 3-phase;Střídače;Huawei;20684.77;21;ks;https://shop.krannich-solar.com/cs-cz/SUN2000-5K-MAP0/1757183;0 ks na skladě, možné naskladnění: 14.07.2026;"{""categories"":[""Střídače""],""price_raw"":""20 684,77 Kč*"",""price_per_wp_raw"":"""",""price_per_wp_czk_without_vat"":null,""properties"":{""AC jmenovitý výkon (kW)"":""5.00"",""Max. výkon DC generátoru (kWp)"":""9.00"",""Počet nezávislých MPPT (ks)"":""2""},""image_url"":""https://cdn.shop.krannich-solar.com/media/0b/b8/76/1750077697/1757183_c_f_6_6_cf660c804d1789db0541836a614563ff4614fed2_det_ivh_hu_sun2000_5_12k_map0__002_.png.png?width=3000"",""has_quantity_discount"":false,""scraped_at"":""2026-07-04T09:58:11.001Z""}"
Krannich Solar;1733225;1733225;SUN2000-5KTL-L1;Hybridní střídač 2 MPPT, AFCI, w/o display;Střídače;Huawei;13716.04;21;ks;https://shop.krannich-solar.com/cs-cz/SUN2000-5KTL-L1/1733225;0 ks na skladě, možné naskladnění: 12.08.2026;"{""categories"":[""Střídače""],""price_raw"":""13 716,04 Kč*"",""price_per_wp_raw"":"""",""price_per_wp_czk_without_vat"":null,""properties"":{""AC jmenovitý výkon (kW)"":""5.00"",""Max. výkon DC generátoru (kWp)"":""7.50"",""Počet nezávislých MPPT (ks)"":""2""},""image_url"":""https://cdn.shop.krannich-solar.com/media/91/1c/ab/1761034020/1733225_7_f_e_7_7fe774a0431a948daaee42736b1c61b82bbc698b_krannich_Image_huawei_inverter_smart_pv_controller_sun2000_5ktl_l1.png.png?width=3000"",""has_quantity_discount"":false,""scraped_at"":""2026-07-04T10:02:27.115Z""}"
Krannich Solar;1750151;1750151;SUN2000-5KTL-M1 (13,5A);Třífázový hybridní střídač (SVT32014);Střídače;Huawei;15924.49;21;ks;https://shop.krannich-solar.com/cs-cz/SUN2000-5KTL-M1-13-5A/1750151;2 ks na skladě, možné naskladnění: 05.08.2026;"{""categories"":[""Střídače""],""price_raw"":""15 924,49 Kč*"",""price_per_wp_raw"":"""",""price_per_wp_czk_without_vat"":null,""properties"":{""AC jmenovitý výkon (kW)"":""5.00"",""Max. výkon DC generátoru (kWp)"":""7.50"",""Počet nezávislých MPPT (ks)"":""2""},""image_url"":""https://cdn.shop.krannich-solar.com/media/97/55/fa/1750077572/1750151_a_2_6_3_a263a610ee9fde3d6c825eccaf319c106d14a0ac_det_ivh_hu_sun2000_3_10ktl_m1.jpg.jpg?width=3000"",""has_quantity_discount"":false,""scraped_at"":""2026-07-04T09:58:05.987Z""}"
Krannich Solar;1757187;1757187;SUN2000-6K-MAP0;Hybrid inverter, 2 MPPT, 3-phase;Střídače;Huawei;23138.38;21;ks;https://shop.krannich-solar.com/cs-cz/SUN2000-6K-MAP0/1757187;0 ks na skladě, možné naskladnění: 12.08.2026;"{""categories"":[""Střídače""],""price_raw"":""23 138,38 Kč*"",""price_per_wp_raw"":"""",""price_per_wp_czk_without_vat"":null,""properties"":{""AC jmenovitý výkon (kW)"":""6.00"",""Max. výkon DC generátoru (kWp)"":""11.00"",""Počet nezávislých MPPT (ks)"":""2""},""image_url"":""https://cdn.shop.krannich-solar.com/media/df/db/7f/1750077704/1757187_c_f_6_6_cf660c804d1789db0541836a614563ff4614fed2_det_ivh_hu_sun2000_5_12k_map0__002_.png.png?width=3000"",""has_quantity_discount"":false,""scraped_at"":""2026-07-04T10:02:27.115Z""}"
Krannich Solar;1750152;1750152;SUN2000-6KTL-M1 (13,5A);Třífázový hybridní střídač (SVT32013);Střídače;Huawei;17642.12;21;ks;https://shop.krannich-solar.com/cs-cz/SUN2000-6KTL-M1-13-5A/1750152;0 ks na skladě, možné naskladnění: 12.08.2026;"{""categories"":[""Střídače""],""price_raw"":""17 642,12 Kč*"",""price_per_wp_raw"":"""",""price_per_wp_czk_without_vat"":null,""properties"":{""AC jmenovitý výkon (kW)"":""6.00"",""Max. výkon DC generátoru (kWp)"":""9.00"",""Počet nezávislých MPPT (ks)"":""2""},""image_url"":""https://cdn.shop.krannich-solar.com/media/d4/38/40/1750077600/1750152_a_2_6_3_a263a610ee9fde3d6c825eccaf319c106d14a0ac_det_ivh_hu_sun2000_3_10ktl_m1.jpg.jpg?width=3000"",""has_quantity_discount"":false,""scraped_at"":""2026-07-04T10:02:27.116Z""}"
Krannich Solar;1757188;1757188;SUN2000-8K-MAP0;Hybrid inverter, 2 MPPT, 3-phase;Střídače;Huawei;27432.33;21;ks;https://shop.krannich-solar.com/cs-cz/SUN2000-8K-MAP0/1757188;1 ks na skladě, možné naskladnění: 05.08.2026;"{""categories"":[""Střídače""],""price_raw"":""27 432,33 Kč*"",""price_per_wp_raw"":"""",""price_per_wp_czk_without_vat"":null,""properties"":{""AC jmenovitý výkon (kW)"":""8.00"",""Max. výkon DC generátoru (kWp)"":""14.60"",""Počet nezávislých MPPT (ks)"":""2""},""image_url"":""https://cdn.shop.krannich-solar.com/media/ae/db/08/1750077707/1757188_c_f_6_6_cf660c804d1789db0541836a614563ff4614fed2_det_ivh_hu_sun2000_5_12k_map0__002_.png.png?width=3000"",""has_quantity_discount"":false,""scraped_at"":""2026-07-04T09:58:08.549Z""}"
Krannich Solar;1750153;1750153;SUN2000-8KTL-M1 (13,5A);Třífázový hybridní střídač (SVT32012);Střídače;Huawei;17887.53;21;ks;https://shop.krannich-solar.com/cs-cz/SUN2000-8KTL-M1-13-5A/1750153;0 ks na skladě, možné naskladnění: 22.07.2026;"{""categories"":[""Střídače""],""price_raw"":""17 887,53 Kč*"",""price_per_wp_raw"":"""",""price_per_wp_czk_without_vat"":null,""properties"":{""AC jmenovitý výkon (kW)"":""8.00"",""Max. výkon DC generátoru (kWp)"":""12.00"",""Počet nezávislých MPPT (ks)"":""2""},""image_url"":""https://cdn.shop.krannich-solar.com/media/77/97/d2/1750077597/1750153_a_2_6_3_a263a610ee9fde3d6c825eccaf319c106d14a0ac_det_ivh_hu_sun2000_3_10ktl_m1.jpg.jpg?width=3000"",""has_quantity_discount"":false,""scraped_at"":""2026-07-04T09:58:18.750Z""}"
Krannich Solar;1757970;1757970;SUN5000-12K-MAP0 (only fully optimized);Hybrid inverter, 2 MPPT, 3-phase;Střídače;Huawei;30818.6;21;ks;https://shop.krannich-solar.com/cs-cz/SUN5000-12K-MAP0-only-fully-optimized/1757970;0 ks na skladě, možné naskladnění: 22.07.2026;"{""categories"":[""Střídače""],""price_raw"":""30 818,60 Kč*"",""price_per_wp_raw"":"""",""price_per_wp_czk_without_vat"":null,""properties"":{""AC jmenovitý výkon (kW)"":""12.00"",""Max. výkon DC generátoru (kWp)"":""22.00"",""Počet nezávislých MPPT (ks)"":""2""},""image_url"":""https://cdn.shop.krannich-solar.com/media/e5/55/7d/1750077757/1757970_d_3_c_4_d3c4d8fa0ff87df6c33350a0a347668748743d9b_det_ivh_hu_sun5000_8_12k_mp0.png.png?width=3000"",""has_quantity_discount"":false,""scraped_at"":""2026-07-04T09:58:16.170Z""}"
Krannich Solar;1759578;1759578;SUN5000-150K-MG0;Třífázový síťový střídač;Střídače;Huawei;114833.7;21;ks;https://shop.krannich-solar.com/cs-cz/SUN5000-150K-MG0/1759578;0 ks na skladě, možné naskladnění: 04.11.2026;"{""categories"":[""Střídače""],""price_raw"":""114 833,70 Kč*"",""price_per_wp_raw"":"""",""price_per_wp_czk_without_vat"":null,""properties"":{""AC jmenovitý výkon (kW)"":""150.00"",""Počet nezávislých MPPT (ks)"":""7""},""image_url"":""https://cdn.shop.krannich-solar.com/media/g0/a0/cb/1776265380/1759578_c_7_d_4_c7d4ccb3ea0646a4cdbadcd6c961985a9341a7d3_det_iv_hi_sun5000_150k_mg0.png.png?width=3000"",""has_quantity_discount"":false,""scraped_at"":""2026-07-04T10:02:32.036Z""}"
Krannich Solar;1757732;1757732;SUN5000-150K-MG0, síťový střídač;PV-WR, 3 fáze, pouze s optimizéry;Střídače;Huawei;114833.7;21;ks;https://shop.krannich-solar.com/cs-cz/SUN5000-150K-MG0-sitovy-stridac/1757732;0 ks na skladě, možné naskladnění: 04.11.2026;"{""categories"":[""Střídače""],""price_raw"":""114 833,70 Kč*"",""price_per_wp_raw"":"""",""price_per_wp_czk_without_vat"":null,""properties"":{""AC jmenovitý výkon (kW)"":""150.00"",""Počet nezávislých MPPT (ks)"":""7""},""image_url"":""https://cdn.shop.krannich-solar.com/media/b1/46/1a/1750077734/1757732_c_7_d_4_c7d4ccb3ea0646a4cdbadcd6c961985a9341a7d3_det_iv_hi_sun5000_150k_mg0.png.png?width=3000"",""has_quantity_discount"":false,""scraped_at"":""2026-07-04T10:02:34.294Z""}"
Krannich Solar;1757971;1757971;SUN5000-17K-MB0;Třífázový hybridní střídač;Střídače;Huawei;44461.17;21;ks;https://shop.krannich-solar.com/cs-cz/SUN5000-17K-MB0/1757971;0 ks na skladě, možné naskladnění: 04.11.2026;"{""categories"":[""Střídače""],""price_raw"":""44 461,17 Kč*"",""price_per_wp_raw"":"""",""price_per_wp_czk_without_vat"":null,""properties"":{""AC jmenovitý výkon (kW)"":""17.00"",""Max. výkon DC generátoru (kWp)"":""25.50"",""Počet nezávislých MPPT (ks)"":""2""},""image_url"":""https://cdn.shop.krannich-solar.com/media/1f/44/56/1776265376/1757971_2_f_4_0_2f407f8aeeba30bdcc7849013ea2fa46b85a457a_det_ivh_hu_sun5000_17_25k_mb0.png.png?width=3000"",""has_quantity_discount"":false,""scraped_at"":""2026-07-04T10:02:34.293Z""}"
Krannich Solar;1757972;1757972;SUN5000-25K-MB0;Třífázový hybridní střídač;Střídače;Huawei;47920.91;21;ks;https://shop.krannich-solar.com/cs-cz/SUN5000-25K-MB0/1757972;0 ks na skladě, možné naskladnění: 04.11.2026;"{""categories"":[""Střídače""],""price_raw"":""47 920,91 Kč*"",""price_per_wp_raw"":"""",""price_per_wp_czk_without_vat"":null,""properties"":{""AC jmenovitý výkon (kW)"":""25.00"",""Max. výkon DC generátoru (kWp)"":""37.50"",""Počet nezávislých MPPT (ks)"":""2""},""image_url"":""https://cdn.shop.krannich-solar.com/media/bf/82/41/1776265377/1757972_a_6_f_f_a6ff4018a935b47e8658bc524ef68ce79e9755ae_det_ivh_hu_sun5000_17_25k_mb0.png.png?width=3000"",""has_quantity_discount"":false,""scraped_at"":""2026-07-04T10:02:34.293Z""}"
Krannich Solar;1757969;1757969;SUN5000-8K-MAP0;Hybrid-IV, 3-phase, 2 MPPT, AFCI,;Střídače;Huawei;23138.38;21;ks;https://shop.krannich-solar.com/cs-cz/SUN5000-8K-MAP0/1757969;0 ks na skladě, možné naskladnění: 22.07.2026;"{""categories"":[""Střídače""],""price_raw"":""23 138,38 Kč*"",""price_per_wp_raw"":"""",""price_per_wp_czk_without_vat"":null,""properties"":{""AC jmenovitý výkon (kW)"":""8.00"",""Max. výkon DC generátoru (kWp)"":""14.60"",""Počet nezávislých MPPT (ks)"":""2""},""image_url"":""https://cdn.shop.krannich-solar.com/media/b0/3d/d9/1750849568/1757969_4_3_7_f_437ff0812965b50b5fc7fc947ab696cd258e50ef_det_ivh_hu_sun5000_8_12k_mp0.png.png?width=3000"",""has_quantity_discount"":false,""scraped_at"":""2026-07-04T09:58:13.565Z""}"
Krannich Solar;1742205;1742205;SI-RS485TC-2T-MB;Snímač slunečního záření s měřením teploty panelu;Střídače;IMT-Technology;12951.2;21;ks;https://shop.krannich-solar.com/cs-cz/SI-RS485TC-2T-MB/1742205;4 ks na skladě, možné naskladnění: 22.07.2026;"{""categories"":[""Střídače"",""Příslušenství""],""price_raw"":""12 951,20 Kč*"",""price_per_wp_raw"":"""",""price_per_wp_czk_without_vat"":null,""properties"":{},""image_url"":""https://cdn.shop.krannich-solar.com/media/e2/5c/5b/1770995322/1742205_c_e_6_c_ce6cc449cf5a699884aab639c32d5805d5703fa4_det_dcs_ing_irradiance_sensor_si_xxx.jpg.jpg?width=3000"",""has_quantity_discount"":false,""scraped_at"":""2026-07-04T09:58:00.764Z""}"
Krannich Solar;1754926;1754926;blueplanet 60.0 NX3 M5;Třífázový síťový střídač;Střídače;KACO new energy;71764.49;21;ks;https://shop.krannich-solar.com/cs-cz/blueplanet-60.0-NX3-M5/1754926;0 ks na skladě, možné naskladnění: 22.07.2026;"{""categories"":[""Střídače""],""price_raw"":""71 764,49 Kč*"",""price_per_wp_raw"":"""",""price_per_wp_czk_without_vat"":null,""properties"":{""AC jmenovitý výkon (kW)"":""60.00"",""Max. výkon DC generátoru (kWp)"":""90.00"",""Počet nezávislých MPPT (ks)"":""5""},""image_url"":""https://cdn.shop.krannich-solar.com/media/39/9a/3c/1770995317/1754926_2_2_e_0_22e061e90b6b97ea3c674dece2c6ca210451e66d_det_iv_ka_blueplanet_50.0_60.0_nx3_m5.png.png?width=3000"",""has_quantity_discount"":false,""scraped_at"":""2026-07-04T09:58:13.565Z""}"
Krannich Solar;1754894;1754894;BLUEPLANET 87.0 TL3 S M1;Třífázový síťový střídač;Střídače;KACO new energy;117177.95;21;ks;https://shop.krannich-solar.com/cs-cz/BLUEPLANET-87.0-TL3-S-M1/1754894;0 ks na skladě, možné naskladnění: 22.07.2026;"{""categories"":[""Střídače""],""price_raw"":""117 177,95 Kč*"",""price_per_wp_raw"":"""",""price_per_wp_czk_without_vat"":null,""properties"":{""AC jmenovitý výkon (kW)"":""87.00"",""Max. výkon DC generátoru (kWp)"":""130.50"",""Počet nezávislých MPPT (ks)"":""1""},""image_url"":""https://cdn.shop.krannich-solar.com/media/9a/58/2b/1779695501/1754894_1_f_7_e_1f7eaf46918f3e8105b39444067ad0cd8c2a6b11_krannich_Image_kaco_inverter_blueplanet_87.0tl3.png.png?width=3000"",""has_quantity_discount"":false,""scraped_at"":""2026-07-04T09:58:13.564Z""}"
Krannich Solar;1729798;1729798;DRT428-DC-V3;3-F elektroměr pro střídače RCT Power, přímé měř.;Střídače;RCT Power;659.6;21;ks;https://shop.krannich-solar.com/cs-cz/DRT428-DC-V3/1729798;2 ks na skladě, možné naskladnění: 22.07.2026;"{""categories"":[""Střídače"",""Výprodej""],""price_raw"":""659,60 Kč*"",""price_per_wp_raw"":"""",""price_per_wp_czk_without_vat"":null,""properties"":{},""image_url"":""https://cdn.shop.krannich-solar.com/media/c9/0a/ff/1750077146/1729798_d_d_2_b_dd2b997e18440f55897d9f6b908b33a8cc9304dd_DRT428.jpg.jpg?width=3000"",""has_quantity_discount"":false,""scraped_at"":""2026-07-04T09:58:03.333Z""}"
Krannich Solar;1729793;1729793;POWER SENSOR 3X50A;Měření spotřeby pro RCT Power Storage systémy;Střídače;RCT Power;2880.9;21;ks;https://shop.krannich-solar.com/cs-cz/POWER-SENSOR-3X50A/1729793;7 ks na skladě, možné naskladnění: 22.07.2026;"{""categories"":[""Střídače"",""Výprodej""],""price_raw"":""2 880,90 Kč*"",""price_per_wp_raw"":"""",""price_per_wp_czk_without_vat"":null,""properties"":{},""image_url"":""https://cdn.shop.krannich-solar.com/media/23/2c/a0/1750077545/1729793_e_d_9_8_ed98ee6e39d6839ec4852cd90162e1821a672a78_RCT_sensor.jpg.jpg?width=3000"",""has_quantity_discount"":false,""scraped_at"":""2026-07-04T09:57:58.169Z""}"
Krannich Solar;1732554;1732554;POWER STORAGE DC 10.0;Třífázový hybridní střídač (SVT31103);Střídače;RCT Power;33178.85;21;ks;https://shop.krannich-solar.com/cs-cz/POWER-STORAGE-DC-10.0/1732554;4 ks na skladě, možné naskladnění: 22.07.2026;"{""categories"":[""Střídače"",""Výprodej""],""price_raw"":""33 178,85 Kč*"",""price_per_wp_raw"":"""",""price_per_wp_czk_without_vat"":null,""properties"":{""AC jmenovitý výkon (kW)"":""9.90"",""Max. výkon DC generátoru (kWp)"":""15.00"",""Počet nezávislých MPPT (ks)"":""2""},""image_url"":""https://cdn.shop.krannich-solar.com/media/70/g0/29/1750077146/1732554_3_d_3_e_3d3e362fb184ee3e9d4cb7ead76f0c42b6b3a204_rct_stor_dc.jpg.jpg?width=3000"",""has_quantity_discount"":false,""scraped_at"":""2026-07-04T09:57:58.170Z""}"
Krannich Solar;1729382;1729382;STP 6.0 TL INT BLUE;Stringový strídac Sunny Tripower 6.0;Střídače;SMA;11213.2;21;ks;https://shop.krannich-solar.com/cs-cz/STP-6.0-TL-INT-BLUE/1729382;19 ks na skladě, poslední kusy;"{""categories"":[""Střídače"",""Výprodej""],""price_raw"":""11 213,20 Kč*"",""price_per_wp_raw"":"""",""price_per_wp_czk_without_vat"":null,""properties"":{""AC jmenovitý výkon (kW)"":""6.00"",""Max. výkon DC generátoru (kWp)"":""9.00"",""Počet nezávislých MPPT (ks)"":""2""},""image_url"":""https://cdn.shop.krannich-solar.com/media/96/75/a3/1750077757/1729382_a_0_6_0_a0602d983a66d787df94b9b55a30c9900198f24a_krannich_Image_sma_inverter_smart_connected_sunny_tripower_6.0_blue.png.png?width=3000"",""has_quantity_discount"":false,""scraped_at"":""2026-07-04T09:57:55.666Z""}"
Krannich Solar;1751395;1751395;STP X 20-50;Třífázový síťový střídač SMA Sunny Tripower;Střídače;SMA;51611.52;21;ks;https://shop.krannich-solar.com/cs-cz/STP-X-20-50/1751395;0 ks na skladě, možné naskladnění: 22.07.2026;"{""categories"":[""Střídače""],""price_raw"":""51 611,52 Kč*"",""price_per_wp_raw"":"""",""price_per_wp_czk_without_vat"":null,""properties"":{""AC jmenovitý výkon (kW)"":""20.00"",""Max. výkon DC generátoru (kWp)"":""30.00"",""Počet nezávislých MPPT (ks)"":""3""},""image_url"":""https://cdn.shop.krannich-solar.com/media/c4/b1/47/1758182785/1751395_1_1_0_b_110b96e970e0afe34d208b06e8fc829cd8176f96_krannich_Image_sma_inverter_sunny_tripower_x20.png.png?width=3000"",""has_quantity_discount"":false,""scraped_at"":""2026-07-04T09:58:13.565Z""}"
Krannich Solar;1756835;1756835;11KTLX-G3;Třífázový síťový střídač;Střídače;SOFAR;14187.95;21;ks;https://shop.krannich-solar.com/cs-cz/11KTLX-G3/1756835;0 ks na skladě, možné naskladnění: 19.08.2026;"{""categories"":[""Střídače""],""price_raw"":""14 187,95 Kč*"",""price_per_wp_raw"":"""",""price_per_wp_czk_without_vat"":null,""properties"":{""AC jmenovitý výkon (kW)"":""10.00"",""Max. výkon DC generátoru (kWp)"":""10.00"",""Počet nezávislých MPPT (ks)"":""2""},""image_url"":""https://cdn.shop.krannich-solar.com/media/23/0d/9a/1750077684/1756835_7_7_2_d_772d7d0e8b8d5c70e88ad4f4e69012dc640f7008_det_ivh_sof_3.3_12ktlx_g3_10ktlx_g3_a.png.png?width=3000"",""has_quantity_discount"":false,""scraped_at"":""2026-07-04T10:02:29.566Z""}"
Krannich Solar;1753341;1753341;125KTLX-G4;Třífázový síťový střídač;Střídače;SOFAR;71983.95;21;ks;https://shop.krannich-solar.com/cs-cz/125KTLX-G4/1753341;0 ks na skladě, možné naskladnění: 19.08.2026;"{""categories"":[""Střídače""],""price_raw"":""71 983,95 Kč*"",""price_per_wp_raw"":"""",""price_per_wp_czk_without_vat"":null,""properties"":{""AC jmenovitý výkon (kW)"":""110.00"",""Počet nezávislých MPPT (ks)"":""10""},""image_url"":""https://cdn.shop.krannich-solar.com/media/e3/b9/ef/1750077285/1753341_6_9_d_7_69d74f5e2cb25c938a86864202c909945d4aca57_krannich_Image_sofar_inverter_sof_125ktlx_g4.png.png?width=3000"",""has_quantity_discount"":false,""scraped_at"":""2026-07-04T10:02:29.567Z""}"
Krannich Solar;1761535;1761535;4.4KTLX-G3;Třífázový síťový střídač;Střídače;SOFAR;12214.73;21;ks;https://shop.krannich-solar.com/cs-cz/4.4KTLX-G3/1761535;0 ks na skladě, možné naskladnění: 19.08.2026;"{""categories"":[""Střídače""],""price_raw"":""12 214,73 Kč*"",""price_per_wp_raw"":"""",""price_per_wp_czk_without_vat"":null,""properties"":{""AC jmenovitý výkon (kW)"":""4.00"",""Počet nezávislých MPPT (ks)"":""2""},""image_url"":""https://cdn.shop.krannich-solar.com/media/48/6e/96/1750928777/1761535_4_c_d_8_4cd86f842e56c470287bdc35c95b0116dabf9629_det_ivh_sof_3.3_12ktlx_g3_10ktlx_g3_a.png.png?width=3000"",""has_quantity_discount"":false,""scraped_at"":""2026-07-04T10:02:29.566Z""}"
Krannich Solar;1756833;1756833;5.5KTLX-G3;Třífázový síťový střídač;Střídače;SOFAR;12940.29;21;ks;https://shop.krannich-solar.com/cs-cz/5.5KTLX-G3/1756833;0 ks na skladě, možné naskladnění: 19.08.2026;"{""categories"":[""Střídače""],""price_raw"":""12 940,29 Kč*"",""price_per_wp_raw"":"""",""price_per_wp_czk_without_vat"":null,""properties"":{""AC jmenovitý výkon (kW)"":""5.00"",""Max. výkon DC generátoru (kWp)"":""5.00"",""Počet nezávislých MPPT (ks)"":""2""},""image_url"":""https://cdn.shop.krannich-solar.com/media/7c/a7/db/1750928776/1756833_b_8_c_b_b8cb946b618be3a022b3fd3ede1ae4ebe85f1e27_det_ivh_sof_3.3_12ktlx_g3_10ktlx_g3_a.png.png?width=3000"",""has_quantity_discount"":false,""scraped_at"":""2026-07-04T10:02:29.566Z""}"
Krannich Solar;1756834;1756834;6.6KTLX-G3;Třífázový síťový střídač;Střídače;SOFAR;13462.39;21;ks;https://shop.krannich-solar.com/cs-cz/6.6KTLX-G3/1756834;0 ks na skladě, možné naskladnění: 19.08.2026;"{""categories"":[""Střídače""],""price_raw"":""13 462,39 Kč*"",""price_per_wp_raw"":"""",""price_per_wp_czk_without_vat"":null,""properties"":{""AC jmenovitý výkon (kW)"":""6.00"",""Max. výkon DC generátoru (kWp)"":""6.00"",""Počet nezávislých MPPT (ks)"":""2""},""image_url"":""https://cdn.shop.krannich-solar.com/media/68/d5/4a/1750077684/1756834_3_1_4_c_314cf809d3d8434b08d6a677c11a73178da35c92_det_ivh_sof_3.3_12ktlx_g3_10ktlx_g3_a.png.png?width=3000"",""has_quantity_discount"":false,""scraped_at"":""2026-07-04T10:02:29.566Z""}"
Krannich Solar;1756932;1756932;8.8KTLX-G3;Třífázový síťový střídač;Střídače;SOFAR;13839.72;21;ks;https://shop.krannich-solar.com/cs-cz/8.8KTLX-G3/1756932;0 ks na skladě, možné naskladnění: 19.08.2026;"{""categories"":[""Střídače""],""price_raw"":""13 839,72 Kč*"",""price_per_wp_raw"":"""",""price_per_wp_czk_without_vat"":null,""properties"":{""AC jmenovitý výkon (kW)"":""8.00"",""Max. výkon DC generátoru (kWp)"":""8.00"",""Počet nezávislých MPPT (ks)"":""2""},""image_url"":""https://cdn.shop.krannich-solar.com/media/b8/9d/ce/1750077683/1756932_d_c_2_e_dc2e92922737db5266cdd65bbd6888c7fa86e525_krannich_Image_sofar_inverter_sof_25ktlx_g3.png.png?width=3000"",""has_quantity_discount"":false,""scraped_at"":""2026-07-04T10:02:29.567Z""}"
Krannich Solar;1753304;1753304;DTSD422-D3-W;3-F elektroměr pro střídače Sofar, nepřímé měření;Střídače;SOFAR;5077.47;21;ks;https://shop.krannich-solar.com/cs-cz/DTSD422-D3-W/1753304;2 ks na skladě, možné naskladnění: 05.08.2026;"{""categories"":[""Střídače""],""price_raw"":""5 077,47 Kč*"",""price_per_wp_raw"":"""",""price_per_wp_czk_without_vat"":null,""properties"":{},""image_url"":""https://cdn.shop.krannich-solar.com/media/13/d8/38/1750077285/1753304_2_e_c_f_2ecf52343dd5b6162b713a8e2c726f593ce6ea92_det_smart_meter_dtsd422_d3_wifi.png.png?width=3000"",""has_quantity_discount"":false,""scraped_at"":""2026-07-04T09:58:05.986Z""}"
Krannich Solar;1753574;1753574;DTSU666;3-F elektroměr pro střídače Sofar, přímé měření;Střídače;SOFAR;1744.06;21;ks;https://shop.krannich-solar.com/cs-cz/DTSU666/1753574;5 ks na skladě, možné naskladnění: 16.07.2026;"{""categories"":[""Střídače""],""price_raw"":""1 744,06 Kč*"",""price_per_wp_raw"":"""",""price_per_wp_czk_without_vat"":null,""properties"":{},""image_url"":""https://cdn.shop.krannich-solar.com/media/17/fc/2a/1750077290/1753574_c_0_e_8_c0e8f829bf32f0ae373c4714c35d4210e5437978_det_iva_sof_smart_meter_dt_ssu666.jpg.jpg?width=3000"",""has_quantity_discount"":false,""scraped_at"":""2026-07-04T09:57:58.170Z""}"
Krannich Solar;1761857;1761857;ESI-10K-T1;Hybridní třífázový střídač;Střídače;SOFAR;27716.54;21;ks;https://shop.krannich-solar.com/cs-cz/ESI-10K-T1/1761857;28 ks na skladě, možné naskladnění: 05.08.2026;"{""categories"":[""Střídače""],""price_raw"":""27 716,54 Kč*"",""price_per_wp_raw"":"""",""price_per_wp_czk_without_vat"":null,""properties"":{""AC jmenovitý výkon (kW)"":""10.00"",""Max. výkon DC generátoru (kWp)"":""20.00"",""Počet nezávislých MPPT (ks)"":""3""},""image_url"":""https://cdn.shop.krannich-solar.com/media/bb/84/b0/1756219006/1761857_3_0_b_0_30b0c5c57d37f7b02eed4a525717eef7f4808d7a_det_ivh_sof_esi_5_12k_t1.png.png?width=3000"",""has_quantity_discount"":false,""scraped_at"":""2026-07-04T09:57:53.159Z""}"
Krannich Solar;1761858;1761858;ESI-12K-T1;Hybridní třífázový střídač;Střídače;SOFAR;31089.96;21;ks;https://shop.krannich-solar.com/cs-cz/ESI-12K-T1/1761858;10 ks na skladě, možné naskladnění: 05.08.2026;"{""categories"":[""Střídače""],""price_raw"":""31 089,96 Kč*"",""price_per_wp_raw"":"""",""price_per_wp_czk_without_vat"":null,""properties"":{""AC jmenovitý výkon (kW)"":""12.00"",""Max. výkon DC generátoru (kWp)"":""24.00"",""Počet nezávislých MPPT (ks)"":""3""},""image_url"":""https://cdn.shop.krannich-solar.com/media/c5/97/6b/1756219007/1761858_4_a_4_2_4a42bc43fc98bd95b1733ed786c6b098152f27a7_det_ivh_sof_esi_5_12k_t1.png.png?width=3000"",""has_quantity_discount"":false,""scraped_at"":""2026-07-04T09:57:55.667Z""}"
Krannich Solar;1761853;1761853;ESI-5K-T1;Hybridní třífázový střídač;Střídače;SOFAR;22329.4;21;ks;https://shop.krannich-solar.com/cs-cz/ESI-5K-T1/1761853;0 ks na skladě, možné naskladnění: 05.08.2026;"{""categories"":[""Střídače""],""price_raw"":""22 329,40 Kč*"",""price_per_wp_raw"":"""",""price_per_wp_czk_without_vat"":null,""properties"":{""AC jmenovitý výkon (kW)"":""5.00"",""Max. výkon DC generátoru (kWp)"":""10.00"",""Počet nezávislých MPPT (ks)"":""3""},""image_url"":""https://cdn.shop.krannich-solar.com/media/32/6b/ce/1756219004/1761853_c_0_9_3_c093c8bfb2f750ad6202b9583df313497071760b_det_ivh_sof_esi_5_12k_t1.png.png?width=3000"",""has_quantity_discount"":false,""scraped_at"":""2026-07-04T10:02:24.599Z""}"
Krannich Solar;1761854;1761854;ESI-6.5K-T1;Hybridní třífázový střídač;Střídače;SOFAR;24217.26;21;ks;https://shop.krannich-solar.com/cs-cz/ESI-6.5K-T1/1761854;0 ks na skladě, možné naskladnění: 05.08.2026;"{""categories"":[""Střídače""],""price_raw"":""24 217,26 Kč*"",""price_per_wp_raw"":"""",""price_per_wp_czk_without_vat"":null,""properties"":{""AC jmenovitý výkon (kW)"":""6.50"",""Max. výkon DC generátoru (kWp)"":""13.00"",""Počet nezávislých MPPT (ks)"":""3""},""image_url"":""https://cdn.shop.krannich-solar.com/media/ff/a0/28/1756219004/1761854_b_d_7_2_bd72fd28072406bc67eadeefb2ca140f88f3ac92_det_ivh_sof_esi_5_12k_t1.png.png?width=3000"",""has_quantity_discount"":false,""scraped_at"":""2026-07-04T10:02:24.599Z""}"
Krannich Solar;1761855;1761855;ESI-8K-T1;Hybridní třífázový střídač;Střídače;SOFAR;27641.12;21;ks;https://shop.krannich-solar.com/cs-cz/ESI-8K-T1/1761855;0 ks na skladě, možné naskladnění: 05.08.2026;"{""categories"":[""Střídače""],""price_raw"":""27 641,12 Kč*"",""price_per_wp_raw"":"""",""price_per_wp_czk_without_vat"":null,""properties"":{""AC jmenovitý výkon (kW)"":""8.00"",""Max. výkon DC generátoru (kWp)"":""16.00"",""Počet nezávislých MPPT (ks)"":""3""},""image_url"":""https://cdn.shop.krannich-solar.com/media/c7/b4/5d/1756219006/1761855_4_0_7_f_407f3400e784e62a13521a97516b4a4ad3f0b136_det_ivh_sof_esi_5_12k_t1.png.png?width=3000"",""has_quantity_discount"":false,""scraped_at"":""2026-07-04T09:58:28.854Z""}"
Krannich Solar;1761856;1761856;ESI-9.9K-T1;Hybridní třífázový střídač;Střídače;SOFAR;28446.71;21;ks;https://shop.krannich-solar.com/cs-cz/ESI-9.9K-T1/1761856;0 ks na skladě, možné naskladnění: 05.08.2026;"{""categories"":[""Střídače""],""price_raw"":""28 446,71 Kč*"",""price_per_wp_raw"":"""",""price_per_wp_czk_without_vat"":null,""properties"":{""AC jmenovitý výkon (kW)"":""9.90"",""Max. výkon DC generátoru (kWp)"":""20.00"",""Počet nezávislých MPPT (ks)"":""3""},""image_url"":""https://cdn.shop.krannich-solar.com/media/14/50/be/1756219007/1761856_8_9_f_3_89f382414d7ba8cb6a6f900ebd6546823409ac4e_det_ivh_sof_esi_5_12k_t1.png.png?width=3000"",""has_quantity_discount"":false,""scraped_at"":""2026-07-04T09:58:28.854Z""}"
Krannich Solar;1753306;1753306;Ethernet Dongle LSE-3;LAN modul pro střídače Sofar;Střídače;SOFAR;986.49;21;ks;https://shop.krannich-solar.com/cs-cz/Ethernet-Dongle-LSE-3/1753306;10 ks na skladě, možné naskladnění: 19.08.2026;"{""categories"":[""Střídače""],""price_raw"":""986,49 Kč*"",""price_per_wp_raw"":"""",""price_per_wp_czk_without_vat"":null,""properties"":{},""image_url"":""https://cdn.shop.krannich-solar.com/media/00/39/13/1750077276/1753306_8_e_d_5_8ed596b2b02b5744dc296eb8cc18514066f74802_dca_sof_ethernet_stick_lse_3__usb_.png.png?width=3000"",""has_quantity_discount"":false,""scraped_at"":""2026-07-04T09:57:58.169Z""}"
Krannich Solar;1761982;1761982;ETHERNET STICK LSE-3 (DB 9);;Střídače;SOFAR;957.39;21;ks;https://shop.krannich-solar.com/cs-cz/ETHERNET-STICK-LSE-3-DB-9/1761982;0 ks na skladě, možné naskladnění: 19.08.2026;"{""categories"":[""Střídače""],""price_raw"":""957,39 Kč*"",""price_per_wp_raw"":"""",""price_per_wp_czk_without_vat"":null,""properties"":{},""image_url"":""https://cdn.shop.krannich-solar.com/media/7f/a9/09/1754633179/1761982_d_c_a_8_dca80af5694e11085071d6388e8e51a9708da12a_det_dci_sof_stick_logger_ethernet_lse_3.png.png?width=3000"",""has_quantity_discount"":false,""scraped_at"":""2026-07-04T10:02:29.566Z""}"
Krannich Solar;1757280;1757280;HYD 10KTL-3PH;Hybridní třífázový střídač (SVT35134);Střídače;SOFAR;26024.86;21;ks;https://shop.krannich-solar.com/cs-cz/HYD-10KTL-3PH/1757280;17 ks na skladě, možné naskladnění: 05.08.2026;"{""categories"":[""Střídače""],""price_raw"":""26 024,86 Kč*"",""price_per_wp_raw"":"""",""price_per_wp_czk_without_vat"":null,""properties"":{""AC jmenovitý výkon (kW)"":""10.00"",""Max. výkon DC generátoru (kWp)"":""15.00"",""Počet nezávislých MPPT (ks)"":""2""},""image_url"":""https://cdn.shop.krannich-solar.com/media/8d/99/b4/1750077710/1757280_7_b_a_1_7ba1959a5491757eba391535c64e5138174d9062_krannich_Image_sofar_inverter_sof_hyd_10ktl_3ph.png.png?width=3000"",""has_quantity_discount"":false,""scraped_at"":""2026-07-04T09:57:55.667Z""}"
Krannich Solar;1757281;1757281;HYD 15KTL-3PH;Hybridní třífázový střídač (SVT30840);Střídače;SOFAR;32726.35;21;ks;https://shop.krannich-solar.com/cs-cz/HYD-15KTL-3PH/1757281;0 ks na skladě, možné naskladnění: 05.08.2026;"{""categories"":[""Střídače""],""price_raw"":""32 726,35 Kč*"",""price_per_wp_raw"":"""",""price_per_wp_czk_without_vat"":null,""properties"":{""AC jmenovitý výkon (kW)"":""15.00"",""Max. výkon DC generátoru (kWp)"":""22.50"",""Počet nezávislých MPPT (ks)"":""2""},""image_url"":""https://cdn.shop.krannich-solar.com/media/2d/87/0a/1750077717/1757281_7_c_1_f_7c1f7e794d2b57501109c17200a33e8c7d79960a_krannich_Image_sofar_inverter_sof_hyd_15ktl_3ph.png.png?width=3000"",""has_quantity_discount"":false,""scraped_at"":""2026-07-04T10:02:24.600Z""}"
Krannich Solar;1757282;1757282;HYD 20KTL-3PH;Hybridní třífázový střídač (SVT35126);Střídače;SOFAR;34689.87;21;ks;https://shop.krannich-solar.com/cs-cz/HYD-20KTL-3PH/1757282;0 ks na skladě, možné naskladnění: 05.08.2026;"{""categories"":[""Střídače""],""price_raw"":""34 689,87 Kč*"",""price_per_wp_raw"":"""",""price_per_wp_czk_without_vat"":null,""properties"":{""AC jmenovitý výkon (kW)"":""20.00"",""Max. výkon DC generátoru (kWp)"":""30.00"",""Počet nezávislých MPPT (ks)"":""2""},""image_url"":""https://cdn.shop.krannich-solar.com/media/f4/71/c1/1750077718/1757282_8_e_3_a_8e3a62eeba46f094d9b449acd6995c74220ee629_krannich_Image_sofar_inverter_sof_hyd_20ktl_3ph.png.png?width=3000"",""has_quantity_discount"":false,""scraped_at"":""2026-07-04T10:02:24.600Z""}"
Krannich Solar;1757274;1757274;HYD 5KTL-3PH;Hybridní třífázový střídač (SVT30831);Střídače;SOFAR;21095.8;21;ks;https://shop.krannich-solar.com/cs-cz/HYD-5KTL-3PH/1757274;0 ks na skladě, možné naskladnění: 05.08.2026;"{""categories"":[""Střídače""],""price_raw"":""21 095,80 Kč*"",""price_per_wp_raw"":"""",""price_per_wp_czk_without_vat"":null,""properties"":{""AC jmenovitý výkon (kW)"":""5.00"",""Max. výkon DC generátoru (kWp)"":""7.50"",""Počet nezávislých MPPT (ks)"":""2""},""image_url"":""https://cdn.shop.krannich-solar.com/media/0c/bc/1a/1750077707/1757274_3_9_4_8_3948b441d098119f19adc0c4e4d59484c747890b_krannich_Image_sofar_inverter_sof_hyd_5ktl_3ph.png.png?width=3000"",""has_quantity_discount"":false,""scraped_at"":""2026-07-04T10:02:24.600Z""}"
Krannich Solar;1757275;1757275;HYD 6KTL-3PH;Hybridní třífázový střídač (SVT30832);Střídače;SOFAR;22883.03;21;ks;https://shop.krannich-solar.com/cs-cz/HYD-6KTL-3PH/1757275;0 ks na skladě, možné naskladnění: 05.08.2026;"{""categories"":[""Střídače""],""price_raw"":""22 883,03 Kč*"",""price_per_wp_raw"":"""",""price_per_wp_czk_without_vat"":null,""properties"":{""AC jmenovitý výkon (kW)"":""6.00"",""Max. výkon DC generátoru (kWp)"":""9.00"",""Počet nezávislých MPPT (ks)"":""2""},""image_url"":""https://cdn.shop.krannich-solar.com/media/93/eb/71/1750077708/1757275_d_5_f_f_d5ff5a42d40337403ac9ee90705a8838594ee0ae_krannich_Image_sofar_inverter_sof_hyd_6ktl_3ph.png.png?width=3000"",""has_quantity_discount"":false,""scraped_at"":""2026-07-04T10:02:24.600Z""}"
Krannich Solar;1757277;1757277;HYD 8KTL-3PH;Hybridní třífázový střídač (SVT30838);Střídače;SOFAR;25954.29;21;ks;https://shop.krannich-solar.com/cs-cz/HYD-8KTL-3PH/1757277;4 ks na skladě, možné naskladnění: 05.08.2026;"{""categories"":[""Střídače""],""price_raw"":""25 954,29 Kč*"",""price_per_wp_raw"":"""",""price_per_wp_czk_without_vat"":null,""properties"":{""AC jmenovitý výkon (kW)"":""8.00"",""Max. výkon DC generátoru (kWp)"":""12.00"",""Počet nezávislých MPPT (ks)"":""2""},""image_url"":""https://cdn.shop.krannich-solar.com/media/c6/d9/15/1750077711/1757277_6_f_5_b_6f5b684e7b891430d84c0314494c6581a2f456d7_krannich_Image_sofar_inverter_sof_hyd_8ktl_3ph.png.png?width=3000"",""has_quantity_discount"":false,""scraped_at"":""2026-07-04T09:58:00.764Z""}"
Krannich Solar;1763916;1763916;HYD-40K-T1;Třífázový hybridní střídač;Střídače;SOFAR;77156.72;21;ks;https://shop.krannich-solar.com/cs-cz/HYD-40K-T1/1763916;0 ks na skladě, možné naskladnění: 02.09.2026;"{""categories"":[""Střídače""],""price_raw"":""77 156,72 Kč*"",""price_per_wp_raw"":"""",""price_per_wp_czk_without_vat"":null,""properties"":{""AC jmenovitý výkon (kW)"":""40.00"",""Max. výkon DC generátoru (kWp)"":""80.00"",""Počet nezávislých MPPT (ks)"":""4""},""image_url"":""https://cdn.shop.krannich-solar.com/media/58/0f/f0/1779448901/1763916_6_0_c_0_60c0fcf1904dcf22fd21aae6f5aef29632ceecbd_det_ivh_sof_hyd_40_60k_t1.png.png?width=3000"",""has_quantity_discount"":false,""scraped_at"":""2026-07-04T10:02:29.567Z""}"
Krannich Solar;1763917;1763917;HYD-50K-T1;Třífázový hybridní střídač;Střídače;SOFAR;79662.23;21;ks;https://shop.krannich-solar.com/cs-cz/HYD-50K-T1/1763917;0 ks na skladě, možné naskladnění: 02.09.2026;"{""categories"":[""Střídače""],""price_raw"":""79 662,23 Kč*"",""price_per_wp_raw"":"""",""price_per_wp_czk_without_vat"":null,""properties"":{""AC jmenovitý výkon (kW)"":""50.00"",""Max. výkon DC generátoru (kWp)"":""100.00"",""Počet nezávislých MPPT (ks)"":""4""},""image_url"":""https://cdn.shop.krannich-solar.com/media/de/cf/94/1779448901/1763917_6_0_c_0_60c0fcf1904dcf22fd21aae6f5aef29632ceecbd_det_ivh_sof_hyd_40_60k_t1.png.png?width=3000"",""has_quantity_discount"":false,""scraped_at"":""2026-07-04T10:02:29.567Z""}"
Krannich Solar;1763918;1763918;HYD-60K-T1;Třífázový hybridní střídač;Střídače;SOFAR;82887.48;21;ks;https://shop.krannich-solar.com/cs-cz/HYD-60K-T1/1763918;0 ks na skladě, možné naskladnění: 02.09.2026;"{""categories"":[""Střídače""],""price_raw"":""82 887,48 Kč*"",""price_per_wp_raw"":"""",""price_per_wp_czk_without_vat"":null,""properties"":{""AC jmenovitý výkon (kW)"":""60.00"",""Max. výkon DC generátoru (kWp)"":""120.00"",""Počet nezávislých MPPT (ks)"":""4""},""image_url"":""https://cdn.shop.krannich-solar.com/media/d4/7e/3c/1779448901/1763918_6_0_c_0_60c0fcf1904dcf22fd21aae6f5aef29632ceecbd_det_ivh_sof_hyd_40_60k_t1.png.png?width=3000"",""has_quantity_discount"":false,""scraped_at"":""2026-07-04T10:02:29.567Z""}"
Krannich Solar;1757387;1757387;LSW-3;;Střídače;SOFAR;754.18;21;ks;https://shop.krannich-solar.com/cs-cz/LSW-3/1757387;2 ks na skladě, možné naskladnění: 19.08.2026;"{""categories"":[""Střídače""],""price_raw"":""754,18 Kč*"",""price_per_wp_raw"":"""",""price_per_wp_czk_without_vat"":null,""properties"":{},""image_url"":""https://cdn.shop.krannich-solar.com/media/96/g0/8e/1781184114/1757387_3_c_f_d_3cfd1e6de2bee66080ab54301dad27f00d3c88d6_det_dca_sofar_stick_logger_lsw_3_2023.png.png?width=3000"",""has_quantity_discount"":false,""scraped_at"":""2026-07-04T09:58:03.332Z""}"
Krannich Solar;1750473;1750473;AC SURGE PROTECTION KIT SE-AC-SPD-I (5 pcs.);Jednotka přepěťové ochrany AC (5 ks);Střídače;SolarEdge;4121.77;21;balení;https://shop.krannich-solar.com/cs-cz/AC-SURGE-PROTECTION-KIT-SE-AC-SPD-I-5-pcs./1750473;0 ks na skladě, možné naskladnění: 16.09.2026;"{""categories"":[""Střídače""],""price_raw"":""4 121,77 Kč*"",""price_per_wp_raw"":"""",""price_per_wp_czk_without_vat"":null,""properties"":{},""image_url"":""https://cdn.shop.krannich-solar.com/media/57/f6/2a/1750077124/1750473_f_3_a_1_f3a1748dbd4f1d3393deb3639681903197d5fd40_det_sp_se_ac_surge_protection_kit_se_ac_spd_i.png.png?width=3000"",""has_quantity_discount"":false,""scraped_at"":""2026-07-04T10:02:32.036Z""}"
Krannich Solar;1725480;1725480;AMBIENT TEMPERATURE SENSOR SE1000-SEN-TAMB-S2;Senzor okolní teploty 0-10V;Střídače;SolarEdge;4602.65;21;ks;https://shop.krannich-solar.com/cs-cz/AMBIENT-TEMPERATURE-SENSOR-SE1000-SEN-TAMB-S2/1725480;0 ks na skladě, možné naskladnění: 22.07.2026;"{""categories"":[""Střídače""],""price_raw"":""4 602,65 Kč*"",""price_per_wp_raw"":"""",""price_per_wp_czk_without_vat"":null,""properties"":{},""image_url"":""https://cdn.shop.krannich-solar.com/media/de/54/77/1750077214/1725480_2_8_8_8_28887ced3cc04b3fc93129515466eede1a2917bd_det_dcs_se_ambient_temperature_sensor.jpg.jpg?width=3000"",""has_quantity_discount"":false,""scraped_at"":""2026-07-04T09:58:16.170Z""}"
Krannich Solar;1756956;1756956;BATTERY INVERTER FOR CSS-OD;Bateriový střídač 50 kW;Střídače;SolarEdge;78388.62;21;ks;https://shop.krannich-solar.com/cs-cz/BATTERY-INVERTER-FOR-CSS-OD/1756956;0 ks na skladě, možné naskladnění: 22.07.2026;"{""categories"":[""Střídače""],""price_raw"":""78 388,62 Kč*"",""price_per_wp_raw"":"""",""price_per_wp_czk_without_vat"":null,""properties"":{""AC jmenovitý výkon (kW)"":""50.00""},""image_url"":""https://cdn.shop.krannich-solar.com/media/2d/f7/38/1752537011/1756956_5_5_b_c_55bc622823691ab1e4e7de76d0352d2ada1d65b0_det_ivac_se_pcs050_battery_inverter.png.png?width=3000"",""has_quantity_discount"":false,""scraped_at"":""2026-07-04T09:58:13.565Z""}"
Krannich Solar;1750599;1750599;CELL-B-R0-GLO-V-S0 (FOR SETAPP INVERTERS);;Střídače;SolarEdge;1672.52;21;ks;https://shop.krannich-solar.com/cs-cz/CELL-B-R0-GLO-V-S0-FOR-SETAPP-INVERTERS/1750599;0 ks na skladě, možné naskladnění: 22.07.2026;"{""categories"":[""Střídače""],""price_raw"":""1 672,52 Kč*"",""price_per_wp_raw"":"""",""price_per_wp_czk_without_vat"":null,""properties"":{},""image_url"":""https://cdn.shop.krannich-solar.com/media/31/f1/32/1770995314/1750599_6_6_2_6_66264f671953bb87e54b402ddb6e9894d02d8179_det_dca_se_cell_b_r0_glo_v_s0.jpg.jpg?width=3000"",""has_quantity_discount"":false,""scraped_at"":""2026-07-04T09:58:13.565Z""}"
Krannich Solar;1750384;1750384;ENET-HBCL-01 (FOR SETAPP INVERTERS) (5 pcs.);;Střídače;SolarEdge;3148.62;21;balení;https://shop.krannich-solar.com/cs-cz/ENET-HBCL-01-FOR-SETAPP-INVERTERS-5-pcs./1750384;0 ks na skladě, možné naskladnění: 22.07.2026;"{""categories"":[""Střídače""],""price_raw"":""3 148,62 Kč*"",""price_per_wp_raw"":"""",""price_per_wp_czk_without_vat"":null,""properties"":{},""image_url"":""https://cdn.shop.krannich-solar.com/media/04/bc/43/1750077131/1750384_d_2_3_a_d23a07dbd8eb5a2244dd11968b6bcc382976f219_det_dca_se_energy_net_plug_in_enet_hbcl_01.png.png?width=3000"",""has_quantity_discount"":false,""scraped_at"":""2026-07-04T09:58:16.171Z""}"
Krannich Solar;1750383;1750383;ENET-HBNP-01 ENERGY NET CONNECTION (5 pcs.);;Střídače;SolarEdge;2612.94;21;balení;https://shop.krannich-solar.com/cs-cz/ENET-HBNP-01-ENERGY-NET-CONNECTION-5-pcs./1750383;0 ks na skladě, možné naskladnění: 22.07.2026;"{""categories"":[""Střídače""],""price_raw"":""2 612,94 Kč*"",""price_per_wp_raw"":"""",""price_per_wp_czk_without_vat"":null,""properties"":{},""image_url"":""https://cdn.shop.krannich-solar.com/media/72/c5/be/1750077123/1750383_7_4_d_9_74d9dff5579148f7bcc1e9a329dc5f7e9b48ddbb_det_dca_se_energy_net_plug_in_enet_hbnp_01_enet_hbrp_01.png.png?width=3000"",""has_quantity_discount"":false,""scraped_at"":""2026-07-04T09:58:18.750Z""}"
Krannich Solar;1753764;1753764;HOME LOAD CONTROLLER;Bezpotenciálový spínací kontakt do 3 kW;Střídače;SolarEdge;1454.03;21;ks;https://shop.krannich-solar.com/cs-cz/HOME-LOAD-CONTROLLER/1753764;0 ks na skladě, možné naskladnění: 22.07.2026;"{""categories"":[""Střídače"",""Příslušenství""],""price_raw"":""1 454,03 Kč*"",""price_per_wp_raw"":"""",""price_per_wp_czk_without_vat"":null,""properties"":{},""image_url"":""https://cdn.shop.krannich-solar.com/media/8b/6a/cf/1750077310/1753764_7_c_0_b_7c0bc1117d56b377a3d32086edcb9b83878d08b8_det_dca_se_home_load_controller.jpg.jpg?width=3000"",""has_quantity_discount"":false,""scraped_at"":""2026-07-04T09:58:21.286Z""}"
Krannich Solar;1743639;1743639;IV SE SE5K SETAPP (FOR SHORT PV-STRINGS);;Střídače;SolarEdge;17776.95;21;ks;https://shop.krannich-solar.com/cs-cz/IV-SE-SE5K-SETAPP-FOR-SHORT-PV-STRINGS/1743639;0 ks na skladě, možné naskladnění: 22.07.2026;"{""categories"":[""Střídače""],""price_raw"":""17 776,95 Kč*"",""price_per_wp_raw"":"""",""price_per_wp_czk_without_vat"":null,""properties"":{""AC jmenovitý výkon (kW)"":""5.00"",""Max. výkon DC generátoru (kWp)"":""6.75""},""image_url"":""https://cdn.shop.krannich-solar.com/media/61/db/45/1750077959/1743639_d_2_8_2_d282b7d744f8f801bcd8709e172821558d357913_krannich_Image_solaredge_inverter_setapp_short_strings_se5k.png.png?width=3000"",""has_quantity_discount"":false,""scraped_at"":""2026-07-04T09:58:16.171Z""}"
Krannich Solar;1748127;1748127;MTR-240-3PC1-D-A-MW;3-F elektroměr pro střídače SolarEdge, přímé měř.;Střídače;SolarEdge;4854.12;21;ks;https://shop.krannich-solar.com/cs-cz/MTR-240-3PC1-D-A-MW/1748127;0 ks na skladě, možné naskladnění: 22.07.2026;"{""categories"":[""Střídače""],""price_raw"":""4 854,12 Kč*"",""price_per_wp_raw"":"""",""price_per_wp_czk_without_vat"":null,""properties"":{},""image_url"":""https://cdn.shop.krannich-solar.com/media/59/69/4b/1775809483/1748127_5_8_7_a_587aa9e6769b14ae6a97277ea92f2932efbe193a_det_dca_se_inline_energy_meter_mtr_240_3pc1_d_a_mw.png.png?width=3000"",""has_quantity_discount"":false,""scraped_at"":""2026-07-04T09:58:16.171Z""}"
Krannich Solar;1756957;1756957;ONE CONTROLLER;Komunikační modul;Střídače;SolarEdge;16371.9;21;ks;https://shop.krannich-solar.com/cs-cz/ONE-CONTROLLER/1756957;0 ks na skladě, možné naskladnění: 22.07.2026;"{""categories"":[""Střídače"",""Baterie""],""price_raw"":""16 371,90 Kč*"",""price_per_wp_raw"":"""",""price_per_wp_czk_without_vat"":null,""properties"":{},""image_url"":""https://cdn.shop.krannich-solar.com/media/a2/2b/d1/1752537012/1756957_7_3_b_2_73b2fac7ba3c3c54e0052c19c03999aeef088532_det_bbpa_se_one_controller.png.png?width=3000"",""has_quantity_discount"":false,""scraped_at"":""2026-07-04T09:58:13.565Z""}"
Krannich Solar;1750082;1750082;RS485 SURGE PROTECTION KIT SE-RS485-SPD3-B-K4;;Střídače;SolarEdge;1071.37;21;ks;https://shop.krannich-solar.com/cs-cz/RS485-SURGE-PROTECTION-KIT-SE-RS485-SPD3-B-K4/1750082;0 ks na skladě, možné naskladnění: 22.07.2026;"{""categories"":[""Střídače""],""price_raw"":""1 071,37 Kč*"",""price_per_wp_raw"":"""",""price_per_wp_czk_without_vat"":null,""properties"":{},""image_url"":""https://cdn.shop.krannich-solar.com/media/fd/9c/g0/1750077593/1750082_4_8_2_d_482dc44f9b5c4abefc804df45037b17630a716f9_det_sp_se_rs485_surge_protection_kit_se_rs485_spd3_b_k4.png.png?width=3000"",""has_quantity_discount"":false,""scraped_at"":""2026-07-04T09:58:16.171Z""}"
Krannich Solar;1748126;1748126;SE-ANT-ENET-HB-01;;Střídače;SolarEdge;404.73;21;ks;https://shop.krannich-solar.com/cs-cz/SE-ANT-ENET-HB-01/1748126;0 ks na skladě, možné naskladnění: 22.07.2026;"{""categories"":[""Střídače""],""price_raw"":""404,73 Kč*"",""price_per_wp_raw"":"""",""price_per_wp_czk_without_vat"":null,""properties"":{},""image_url"":""https://cdn.shop.krannich-solar.com/media/6d/40/39/1750173997/1748126_d_5_9_7_d5974bf413d5b8ead53312b9a4fb5026dcacdde3_det_dca_SE_ANT_ZBWIFI_KIT_SE_ANT_ZB_WIFI_01.jpg.jpg?width=3000"",""has_quantity_discount"":false,""scraped_at"":""2026-07-04T09:58:18.749Z""}"
Krannich Solar;1731787;1731787;SE-MTR-3Y-400V-A;3-F elektroměr pro střídače SolarEdge, nepř. měř.;Střídače;SolarEdge;2580.2;21;ks;https://shop.krannich-solar.com/cs-cz/SE-MTR-3Y-400V-A/1731787;0 ks na skladě, možné naskladnění: 22.07.2026;"{""categories"":[""Střídače""],""price_raw"":""2 580,20 Kč*"",""price_per_wp_raw"":"""",""price_per_wp_czk_without_vat"":null,""properties"":{},""image_url"":""https://cdn.shop.krannich-solar.com/media/95/a5/a6/1750077868/1731787_0_f_5_d_0f5d7bb1781fa71b10dbca2d7b331a1b4b3bc092_det_dca_se_electricity_meter_se_mtr_3y_400v_a.jpg.jpg?width=3000"",""has_quantity_discount"":false,""scraped_at"":""2026-07-04T09:58:16.171Z""}"
Krannich Solar;1729723;1729723;SE1000-CCG-G-S1;komunikacní gateway;Střídače;SolarEdge;4876.19;21;ks;https://shop.krannich-solar.com/cs-cz/SE1000-CCG-G-S1/1729723;0 ks na skladě, možné naskladnění: 22.07.2026;"{""categories"":[""Střídače""],""price_raw"":""4 876,19 Kč*"",""price_per_wp_raw"":"""",""price_per_wp_czk_without_vat"":null,""properties"":{},""image_url"":""https://cdn.shop.krannich-solar.com/media/ab/ed/0e/1750077769/1729723_3_3_c_1_33c1843414bd963870e6034f4a85a58fedd5bd1e_det_dca_se_se1000_ccg_g_s1_communciation_gateway.jpg.jpg?width=3000"",""has_quantity_discount"":false,""scraped_at"":""2026-07-04T09:58:21.286Z""}"
Krannich Solar;1744304;1744304;SE100K (MC4 CONNECTORS/WITHOUT DC-SWITCH);Třífázový střídač bez DC odpínače;Střídače;SolarEdge;103786.13;21;ks;https://shop.krannich-solar.com/cs-cz/SE100K-MC4-CONNECTORS-WITHOUT-DC-SWITCH/1744304;0 ks na skladě, možné naskladnění: 22.07.2026;"{""categories"":[""Střídače""],""price_raw"":""103 786,13 Kč*"",""price_per_wp_raw"":"""",""price_per_wp_czk_without_vat"":null,""properties"":{""AC jmenovitý výkon (kW)"":""100.00"",""Max. výkon DC generátoru (kWp)"":""175.00""},""image_url"":""https://cdn.shop.krannich-solar.com/media/9e/74/4b/1750077983/1744304_5_6_5_6_565669357ea7e541448a0e272b3530b735db0cf4_det_iv_se_se90_120k_without_dc_switch.png.png?width=3000"",""has_quantity_discount"":false,""scraped_at"":""2026-07-04T09:58:21.285Z""}"
Krannich Solar;1747982;1747982;SE10K SETAPP;Strídac pro optimalizaci výkonu modulu;Střídače;SolarEdge;24063.28;21;ks;https://shop.krannich-solar.com/cs-cz/SE10K-SETAPP/1747982;10 ks na skladě, možné naskladnění: 22.07.2026;"{""categories"":[""Střídače""],""price_raw"":""24 063,28 Kč*"",""price_per_wp_raw"":"""",""price_per_wp_czk_without_vat"":null,""properties"":{""AC jmenovitý výkon (kW)"":""10.00"",""Max. výkon DC generátoru (kWp)"":""15.00""},""image_url"":""https://cdn.shop.krannich-solar.com/media/f6/6e/98/1750173979/1747982_a_2_8_e_a28e68bd4384f75ce5314fcc1eaf4513bd9b23c3_krannich_Image_solaredge_inverter_setapp_se10k.png.png?width=3000"",""has_quantity_discount"":false,""scraped_at"":""2026-07-04T09:57:58.168Z""}"
Krannich Solar;1751151;1751151;SE10K-RWB48BFN4 HOME HUB WITH BACKUP;Třífázový hybridní střídač SolarEdge;Střídače;SolarEdge;40069.01;21;ks;https://shop.krannich-solar.com/cs-cz/SE10K-RWB48BFN4-HOME-HUB-WITH-BACKUP/1751151;0 ks na skladě, možné naskladnění: 22.07.2026;"{""categories"":[""Střídače""],""price_raw"":""40 069,01 Kč*"",""price_per_wp_raw"":"""",""price_per_wp_czk_without_vat"":null,""properties"":{""AC jmenovitý výkon (kW)"":""10.00"",""Max. výkon DC generátoru (kWp)"":""20.00""},""image_url"":""https://cdn.shop.krannich-solar.com/media/cb/6b/8b/1750077159/1751151_2_9_9_d_299d34320fd5f154c29cbb72508c764805e9c8f4_krannich_Image_solaredge_inverter_home_hub_se10k_rwb48bfn4.png.png?width=3000"",""has_quantity_discount"":false,""scraped_at"":""2026-07-04T09:58:21.286Z""}"
Krannich Solar;1752531;1752531;SE12.5K SETAPP (ENERGY-NET-READY);;Střídače;SolarEdge;24981.62;21;ks;https://shop.krannich-solar.com/cs-cz/SE12.5K-SETAPP-ENERGY-NET-READY/1752531;0 ks na skladě, možné naskladnění: 22.07.2026;"{""categories"":[""Střídače""],""price_raw"":""24 981,62 Kč*"",""price_per_wp_raw"":"""",""price_per_wp_czk_without_vat"":null,""properties"":{""AC jmenovitý výkon (kW)"":""12.50"",""Max. výkon DC generátoru (kWp)"":""16.85""},""image_url"":""https://cdn.shop.krannich-solar.com/media/1a/f1/a6/1770995315/1752531_8_e_6_5_8e657834838fc8b15e566a04c3d66506cc502940_det_iv_se_se3_27.6k_setapp.jpg.jpg?width=3000"",""has_quantity_discount"":false,""scraped_at"":""2026-07-04T09:58:13.565Z""}"
Krannich Solar;1731304;1731304;SE16K-RW0T0BNN4;3-F Střídač 16 kW;Střídače;SolarEdge;27203.17;21;ks;https://shop.krannich-solar.com/cs-cz/SE16K-RW0T0BNN4/1731304;0 ks na skladě, možné naskladnění: 22.07.2026;"{""categories"":[""Střídače""],""price_raw"":""27 203,17 Kč*"",""price_per_wp_raw"":"""",""price_per_wp_czk_without_vat"":null,""properties"":{""AC jmenovitý výkon (kW)"":""16.00"",""Max. výkon DC generátoru (kWp)"":""21.60""},""image_url"":""https://cdn.shop.krannich-solar.com/media/33/a9/3a/1750077856/1731304_1_3_c_b_13cbc3b85c6c119b00a900b232c7ab109eacd7b2_krannich_Image_solaredge_inverter_setapp_plastic_cover_se16k.png.png?width=3000"",""has_quantity_discount"":false,""scraped_at"":""2026-07-04T09:58:18.749Z""}"
Krannich Solar;1731305;1731305;SE17K SETAPP;strídac SolarEdge s funkcí SetApp;Střídače;SolarEdge;27576.13;21;ks;https://shop.krannich-solar.com/cs-cz/SE17K-SETAPP/1731305;0 ks na skladě, možné naskladnění: 22.07.2026;"{""categories"":[""Střídače""],""price_raw"":""27 576,13 Kč*"",""price_per_wp_raw"":"""",""price_per_wp_czk_without_vat"":null,""properties"":{""AC jmenovitý výkon (kW)"":""17.00"",""Max. výkon DC generátoru (kWp)"":""22.95""},""image_url"":""https://cdn.shop.krannich-solar.com/media/10/a1/c3/1750077855/1731305_e_2_8_9_e2893ac412ef20412e3b7a6b711c50106d84d81e_krannich_Image_solaredge_inverter_setapp_plastic_cover_se17k.png.png?width=3000"",""has_quantity_discount"":false,""scraped_at"":""2026-07-04T09:58:21.286Z""}"
Krannich Solar;1749965;1749965;SE20K SETAPP;Třífázový síťový střídač;Střídače;SolarEdge;30690.8;21;ks;https://shop.krannich-solar.com/cs-cz/SE20K-SETAPP/1749965;0 ks na skladě, možné naskladnění: 22.07.2026;"{""categories"":[""Střídače""],""price_raw"":""30 690,80 Kč*"",""price_per_wp_raw"":"""",""price_per_wp_czk_without_vat"":null,""properties"":{""AC jmenovitý výkon (kW)"":""20.00"",""Max. výkon DC generátoru (kWp)"":""30.00""},""image_url"":""https://cdn.shop.krannich-solar.com/media/79/a9/9b/1750077591/1749965_d_0_5_7_d05703cce93370bfaa3f823e9d4a2982eabec0e0_det_iv_se_se3_27.6k_setapp.jpg.jpg?width=3000"",""has_quantity_discount"":false,""scraped_at"":""2026-07-04T09:58:18.750Z""}"
Krannich Solar;1733319;1733319;SE25K SETAPP;Strídac pro optimální výkon modulu;Střídače;SolarEdge;34286.59;21;ks;https://shop.krannich-solar.com/cs-cz/SE25K-SETAPP/1733319;11 ks na skladě, možné naskladnění: 22.07.2026;"{""categories"":[""Střídače""],""price_raw"":""34 286,59 Kč*"",""price_per_wp_raw"":"""",""price_per_wp_czk_without_vat"":null,""properties"":{""AC jmenovitý výkon (kW)"":""25.00"",""Max. výkon DC generátoru (kWp)"":""33.75""},""image_url"":""https://cdn.shop.krannich-solar.com/media/52/72/ec/1750077922/1733319_e_2_9_2_e2927bb8ded5bbf9b6c95bf24559b0839dff7d44_krannich_Image_solaredge_inverter_setapp_se25k.png.png?width=3000"",""has_quantity_discount"":false,""scraped_at"":""2026-07-04T09:57:55.667Z""}"
Krannich Solar;1732902;1732902;SE30K SETAPP;Strídac pro optimální výkon FV panelu;Střídače;SolarEdge;35849.99;21;ks;https://shop.krannich-solar.com/cs-cz/SE30K-SETAPP/1732902;0 ks na skladě, možné naskladnění: 22.07.2026;"{""categories"":[""Střídače""],""price_raw"":""35 849,99 Kč*"",""price_per_wp_raw"":"""",""price_per_wp_czk_without_vat"":null,""properties"":{""AC jmenovitý výkon (kW)"":""29.90"",""Max. výkon DC generátoru (kWp)"":""45.00""},""image_url"":""https://cdn.shop.krannich-solar.com/media/20/6f/52/1750077904/1732902_7_0_1_d_701d5932e2d1410a9f97999a1a372a6269c8aa4a_krannich_Image_solaredge_inverter_setapp_se30k.png.png?width=3000"",""has_quantity_discount"":false,""scraped_at"":""2026-07-04T09:58:16.171Z""}"
Krannich Solar;1732903;1732903;SE33.3K SETAPP;strídac SolarEdge pro optimální výkon FV panelu;Střídače;SolarEdge;37256.98;21;ks;https://shop.krannich-solar.com/cs-cz/SE33.3K-SETAPP/1732903;0 ks na skladě, možné naskladnění: 22.07.2026;"{""categories"":[""Střídače""],""price_raw"":""37 256,98 Kč*"",""price_per_wp_raw"":"""",""price_per_wp_czk_without_vat"":null,""properties"":{""AC jmenovitý výkon (kW)"":""33.30"",""Max. výkon DC generátoru (kWp)"":""50.00""},""image_url"":""https://cdn.shop.krannich-solar.com/media/77/18/8e/1750077910/1732903_4_2_9_3_4293676ab3588d00d2562006048b88165e5d0e07_krannich_Image_solaredge_inverter_setapp_se33k.png.png?width=3000"",""has_quantity_discount"":false,""scraped_at"":""2026-07-04T09:58:16.170Z""}"
Krannich Solar;1714773;1714773;SE3500H-RW000BNN4;1-F střídač s HD-WAVE (kód SVT 24807);Střídače;SolarEdge;8038.88;21;ks;https://shop.krannich-solar.com/cs-cz/SE3500H-RW000BNN4/1714773;0 ks na skladě, dostupnost na vyžádání, -;"{""categories"":[""Střídače""],""price_raw"":""8 038,88 Kč*"",""price_per_wp_raw"":"""",""price_per_wp_czk_without_vat"":null,""properties"":{""AC jmenovitý výkon (kW)"":""3.50"",""Max. výkon DC generátoru (kWp)"":""5.43""},""image_url"":""https://cdn.shop.krannich-solar.com/media/0a/2b/6f/1750077885/1714773_d_6_1_2_d6123f09910102827b2dc5c3fc9b1d2a5a0c5b46_det_iv_se_se2200_6000h_hd_wave_setapp.jpg.jpg?width=3000"",""has_quantity_discount"":false,""scraped_at"":""2026-07-04T10:02:34.294Z""}"
Krannich Solar;1752181;1752181;SE3680H-RW000BEN4;1-F střídač s HD-WAVE;Střídače;SolarEdge;13283.42;21;ks;https://shop.krannich-solar.com/cs-cz/SE3680H-RW000BEN4/1752181;0 ks na skladě, možné naskladnění: 22.07.2026;"{""categories"":[""Střídače""],""price_raw"":""13 283,42 Kč*"",""price_per_wp_raw"":"""",""price_per_wp_czk_without_vat"":null,""properties"":{""AC jmenovitý výkon (kW)"":""3.68"",""Max. výkon DC generátoru (kWp)"":""5.70""},""image_url"":""https://cdn.shop.krannich-solar.com/media/61/4e/c6/1750077205/1752181_1_9_b_0_19b0e78e24549553c180a7f158a418bafccde6d7_krannich_Image_solaredge_inverter_hd_wave_setapp_se3680h.png.png?width=3000"",""has_quantity_discount"":false,""scraped_at"":""2026-07-04T09:58:16.171Z""}"
Krannich Solar;1734307;1734307;SE3K SETAPP (FOR 8-MODULES SYSTEMS);Strídac pro pripojení 8 modulu;Střídače;SolarEdge;15142.19;21;ks;https://shop.krannich-solar.com/cs-cz/SE3K-SETAPP-FOR-8-MODULES-SYSTEMS/1734307;0 ks na skladě, možné naskladnění: 22.07.2026;"{""categories"":[""Střídače""],""price_raw"":""15 142,19 Kč*"",""price_per_wp_raw"":"""",""price_per_wp_czk_without_vat"":null,""properties"":{""AC jmenovitý výkon (kW)"":""3.00"",""Max. výkon DC generátoru (kWp)"":""4.05""},""image_url"":""https://cdn.shop.krannich-solar.com/media/f2/1b/a6/1750077958/1734307_8_1_c_3_81c352d32416deb23c7fa4061dbb98ff432d2b1c_krannich_Image_solaredge_inverter_setapp_short_strings_se3k.png.png?width=3000"",""has_quantity_discount"":false,""scraped_at"":""2026-07-04T09:58:18.749Z""}"
Krannich Solar;1734308;1734308;SE4K SETAPP (FOR SHORT PV-STRINGS);Střídač pro pripojení krátkých PV-stringů;Střídače;SolarEdge;16224.46;21;ks;https://shop.krannich-solar.com/cs-cz/SE4K-SETAPP-FOR-SHORT-PV-STRINGS/1734308;0 ks na skladě, možné naskladnění: 22.07.2026;"{""categories"":[""Střídače""],""price_raw"":""16 224,46 Kč*"",""price_per_wp_raw"":"""",""price_per_wp_czk_without_vat"":null,""properties"":{""AC jmenovitý výkon (kW)"":""4.00"",""Max. výkon DC generátoru (kWp)"":""5.40""},""image_url"":""https://cdn.shop.krannich-solar.com/media/9d/f7/64/1750077963/1734308_4_9_0_2_490278600c76fe31e02d9c71485ea467c93585f0_krannich_Image_solaredge_inverter_setapp_short_strings_se4k.png.png?width=3000"",""has_quantity_discount"":false,""scraped_at"":""2026-07-04T09:58:21.286Z""}"
Krannich Solar;1752183;1752183;SE5000H-RW000BEN4;1-F střídač s HD-WAVE;Střídače;SolarEdge;14781.35;21;ks;https://shop.krannich-solar.com/cs-cz/SE5000H-RW000BEN4/1752183;0 ks na skladě, možné naskladnění: 22.07.2026;"{""categories"":[""Střídače""],""price_raw"":""14 781,35 Kč*"",""price_per_wp_raw"":"""",""price_per_wp_czk_without_vat"":null,""properties"":{""AC jmenovitý výkon (kW)"":""5.00"",""Max. výkon DC generátoru (kWp)"":""7.75""},""image_url"":""https://cdn.shop.krannich-solar.com/media/61/47/6e/1774693423/1752183_1_7_1_a_171a786dcb7b29d3f068fb3172507712eb093383_krannich_Image_solaredge_inverter_hd_wave_setapp_se5000h.png.png?width=3000"",""has_quantity_discount"":false,""scraped_at"":""2026-07-04T09:58:13.565Z""}"
Krannich Solar;1744301;1744301;SE50K (MC4 CONNECTORS/WITHOUT DC-SWITCH);Trífázový strídac bez DC spínace;Střídače;SolarEdge;65614.69;21;ks;https://shop.krannich-solar.com/cs-cz/SE50K-MC4-CONNECTORS-WITHOUT-DC-SWITCH/1744301;0 ks na skladě, možné naskladnění: 22.07.2026;"{""categories"":[""Střídače""],""price_raw"":""65 614,69 Kč*"",""price_per_wp_raw"":"""",""price_per_wp_czk_without_vat"":null,""properties"":{""AC jmenovitý výkon (kW)"":""50.00"",""Max. výkon DC generátoru (kWp)"":""87.50""},""image_url"":""https://cdn.shop.krannich-solar.com/media/81/45/bd/1750077989/1744301_9_5_2_b_952b2852b766bceb78cbee6d2803c5946a6d7e98_det_iv_se_se50_66.6k_without_dc_switch.png.png?width=3000"",""has_quantity_discount"":false,""scraped_at"":""2026-07-04T09:58:18.749Z""}"
Krannich Solar;1747977;1747977;SE5K SETAPP;Strídac pro optimalizaci výkonu modulu;Střídače;SolarEdge;17776.95;21;ks;https://shop.krannich-solar.com/cs-cz/SE5K-SETAPP/1747977;0 ks na skladě, možné naskladnění: 22.07.2026;"{""categories"":[""Střídače""],""price_raw"":""17 776,95 Kč*"",""price_per_wp_raw"":"""",""price_per_wp_czk_without_vat"":null,""properties"":{""AC jmenovitý výkon (kW)"":""5.00"",""Max. výkon DC generátoru (kWp)"":""7.50""},""image_url"":""https://cdn.shop.krannich-solar.com/media/5d/95/71/1750173985/1747977_b_f_f_0_bff033789be397e607f8759d969deeffe002b462_krannich_Image_solaredge_inverter_setapp_se5k.png.png?width=3000"",""has_quantity_discount"":false,""scraped_at"":""2026-07-04T09:58:18.749Z""}"
Krannich Solar;1751149;1751149;SE5K-RWB48BFN4 HOME HUB WITH BACKUP;Třífázový hybridní střídač SolarEdge;Střídače;SolarEdge;34274.71;21;ks;https://shop.krannich-solar.com/cs-cz/SE5K-RWB48BFN4-HOME-HUB-WITH-BACKUP/1751149;0 ks na skladě, možné naskladnění: 22.07.2026;"{""categories"":[""Střídače""],""price_raw"":""34 274,71 Kč*"",""price_per_wp_raw"":"""",""price_per_wp_czk_without_vat"":null,""properties"":{""AC jmenovitý výkon (kW)"":""5.00"",""Max. výkon DC generátoru (kWp)"":""10.00""},""image_url"":""https://cdn.shop.krannich-solar.com/media/d6/g0/97/1750077155/1751149_2_1_a_8_21a8eba68f56e9b900c87a73e3de5efe56594155_krannich_Image_solaredge_inverter_home_hub_se5k_rwb48bfn4.png.png?width=3000"",""has_quantity_discount"":false,""scraped_at"":""2026-07-04T09:58:16.171Z""}"
Krannich Solar;1744302;1744302;SE66.6K (MC4 CONNECTORS/WITHOUT DC-SWITCH);Trífázový strídac bez DC prepínace;Střídače;SolarEdge;74045.2;21;ks;https://shop.krannich-solar.com/cs-cz/SE66.6K-MC4-CONNECTORS-WITHOUT-DC-SWITCH/1744302;0 ks na skladě, možné naskladnění: 22.07.2026;"{""categories"":[""Střídače""],""price_raw"":""74 045,20 Kč*"",""price_per_wp_raw"":"""",""price_per_wp_czk_without_vat"":null,""properties"":{""AC jmenovitý výkon (kW)"":""66.60"",""Max. výkon DC generátoru (kWp)"":""116.55""},""image_url"":""https://cdn.shop.krannich-solar.com/media/0b/ed/b8/1750077989/1744302_2_6_6_e_266e47f65f59519e482cc51538501e76fcc71c8c_det_iv_se_se50_66.6k_without_dc_switch.png.png?width=3000"",""has_quantity_discount"":false,""scraped_at"":""2026-07-04T09:58:21.286Z""}"
Krannich Solar;1747978;1747978;SE6K SETAPP;;Střídače;SolarEdge;19252.8;21;ks;https://shop.krannich-solar.com/cs-cz/SE6K-SETAPP/1747978;0 ks na skladě, možné naskladnění: 22.07.2026;"{""categories"":[""Střídače""],""price_raw"":""19 252,80 Kč*"",""price_per_wp_raw"":"""",""price_per_wp_czk_without_vat"":null,""properties"":{""AC jmenovitý výkon (kW)"":""6.00"",""Max. výkon DC generátoru (kWp)"":""9.00""},""image_url"":""https://cdn.shop.krannich-solar.com/media/09/77/fe/1750173992/1747978_a_f_8_a_af8a53a788d9b207280ea087e13d736e857133c3_krannich_Image_solaredge_inverter_setapp_se6k.png.png?width=3000"",""has_quantity_discount"":false,""scraped_at"":""2026-07-04T09:58:21.285Z""}"
Krannich Solar;1747979;1747979;SE7K SETAPP;Strídac pro optimalizaci výkonu modulu;Střídače;SolarEdge;20050.87;21;ks;https://shop.krannich-solar.com/cs-cz/SE7K-SETAPP/1747979;0 ks na skladě, možné naskladnění: 22.07.2026;"{""categories"":[""Střídače""],""price_raw"":""20 050,87 Kč*"",""price_per_wp_raw"":"""",""price_per_wp_czk_without_vat"":null,""properties"":{""AC jmenovitý výkon (kW)"":""7.00"",""Max. výkon DC generátoru (kWp)"":""10.50""},""image_url"":""https://cdn.shop.krannich-solar.com/media/9f/11/0a/1750173995/1747979_5_3_e_0_53e01fa1d7306e3286e7f5b89e9ac9cd96fdcfa2_krannich_Image_solaredge_inverter_setapp_se7k.png.png?width=3000"",""has_quantity_discount"":false,""scraped_at"":""2026-07-04T09:58:16.171Z""}"
Krannich Solar;1747980;1747980;SE8K SETAPP;;Střídače;SolarEdge;22292.06;21;ks;https://shop.krannich-solar.com/cs-cz/SE8K-SETAPP/1747980;0 ks na skladě, možné naskladnění: 22.07.2026;"{""categories"":[""Střídače""],""price_raw"":""22 292,06 Kč*"",""price_per_wp_raw"":"""",""price_per_wp_czk_without_vat"":null,""properties"":{""AC jmenovitý výkon (kW)"":""8.00"",""Max. výkon DC generátoru (kWp)"":""12.00""},""image_url"":""https://cdn.shop.krannich-solar.com/media/26/af/25/1750173994/1747980_1_d_b_1_1db1ba551016865921b5e49b68b1c703705321bc_krannich_Image_solaredge_inverter_setapp_se8k.png.png?width=3000"",""has_quantity_discount"":false,""scraped_at"":""2026-07-04T09:58:18.750Z""}"
Krannich Solar;1751150;1751150;SE8K-RWB48BFN4 HOME HUB WITH BACKUP;Třífázový hybridní střídač SolarEdge;Střídače;SolarEdge;38018.91;21;ks;https://shop.krannich-solar.com/cs-cz/SE8K-RWB48BFN4-HOME-HUB-WITH-BACKUP/1751150;0 ks na skladě, možné naskladnění: 22.07.2026;"{""categories"":[""Střídače""],""price_raw"":""38 018,91 Kč*"",""price_per_wp_raw"":"""",""price_per_wp_czk_without_vat"":null,""properties"":{""AC jmenovitý výkon (kW)"":""8.00"",""Max. výkon DC generátoru (kWp)"":""16.00""},""image_url"":""https://cdn.shop.krannich-solar.com/media/29/7e/2f/1750077167/1751150_6_b_f_b_6bfbfc50e05720cb013359678b1d6c0d83d182cb_krannich_Image_solaredge_inverter_home_hub_se8k_rwb48bfn4.png.png?width=3000"",""has_quantity_discount"":false,""scraped_at"":""2026-07-04T09:58:16.171Z""}"
Krannich Solar;1744303;1744303;SE90K (MC4 CONNECTORS/WITHOUT DC-SWITCH);Trífázový strídac bez DC odpojovace;Střídače;SolarEdge;102475.42;21;ks;https://shop.krannich-solar.com/cs-cz/SE90K-MC4-CONNECTORS-WITHOUT-DC-SWITCH/1744303;0 ks na skladě, možné naskladnění: 22.07.2026;"{""categories"":[""Střídače""],""price_raw"":""102 475,42 Kč*"",""price_per_wp_raw"":"""",""price_per_wp_czk_without_vat"":null,""properties"":{""AC jmenovitý výkon (kW)"":""90.00"",""Max. výkon DC generátoru (kWp)"":""157.50""},""image_url"":""https://cdn.shop.krannich-solar.com/media/4e/74/68/1750077984/1744303_7_e_b_f_7ebfcf99ea1be564fb3954c494dffa683404a2f7_det_iv_se_se90_120k_without_dc_switch.png.png?width=3000"",""has_quantity_discount"":false,""scraped_at"":""2026-07-04T09:58:21.285Z""}"
Krannich Solar;1747981;1747981;SE9K SETAPP;Měnič pro optimizér výkonu modulů;Střídače;SolarEdge;23166.75;21;ks;https://shop.krannich-solar.com/cs-cz/SE9K-SETAPP/1747981;0 ks na skladě, možné naskladnění: 22.07.2026;"{""categories"":[""Střídače""],""price_raw"":""23 166,75 Kč*"",""price_per_wp_raw"":"""",""price_per_wp_czk_without_vat"":null,""properties"":{""AC jmenovitý výkon (kW)"":""9.00"",""Max. výkon DC generátoru (kWp)"":""13.50""},""image_url"":""https://cdn.shop.krannich-solar.com/media/e9/75/13/1750173986/1747981_c_5_2_3_c523294ee5b7169a0fc0279e866f9bb84ed93b88_krannich_Image_solaredge_inverter_setapp_se9k.png.png?width=3000"",""has_quantity_discount"":false,""scraped_at"":""2026-07-04T09:58:18.748Z""}"
Krannich Solar;1746354;1746354;SECT-SPL-100A-A;Proudový převodník 100 A;Střídače;SolarEdge;590.25;21;ks;https://shop.krannich-solar.com/cs-cz/SECT-SPL-100A-A/1746354;0 ks na skladě, možné naskladnění: 22.07.2026;"{""categories"":[""Střídače"",""Příslušenství""],""price_raw"":""590,25 Kč*"",""price_per_wp_raw"":"""",""price_per_wp_czk_without_vat"":null,""properties"":{},""image_url"":""https://cdn.shop.krannich-solar.com/media/4e/e6/d1/1750078050/1746354_9_2_1_e_921e63281c65564fbb4b78b95cdfdb0ec22038f0_det_dca_se_sect_spl_100a_a_current_transformer.jpg.jpg?width=3000"",""has_quantity_discount"":false,""scraped_at"":""2026-07-04T09:58:18.749Z""}"
Krannich Solar;1746355;1746355;SECT-SPL-250A-A;Proudový převodník 250 A;Střídače;SolarEdge;612.31;21;ks;https://shop.krannich-solar.com/cs-cz/SECT-SPL-250A-A/1746355;0 ks na skladě, možné naskladnění: 22.07.2026;"{""categories"":[""Střídače"",""Příslušenství""],""price_raw"":""612,31 Kč*"",""price_per_wp_raw"":"""",""price_per_wp_czk_without_vat"":null,""properties"":{},""image_url"":""https://cdn.shop.krannich-solar.com/media/49/07/d7/1750078045/1746355_6_d_2_d_6d2d2a30ebebaefc5d1a223a4d47d21492c1f709_det_dca_se_sect_spl_250a_a_current_transformer.jpg.jpg?width=3000"",""has_quantity_discount"":false,""scraped_at"":""2026-07-04T09:58:21.286Z""}"
Krannich Solar;1751679;1751679;ZIGBEE ANTENNA SE-ANT-ZBWIFI-KIT;;Střídače;SolarEdge;1694.59;21;balení;https://shop.krannich-solar.com/cs-cz/ZIGBEE-ANTENNA-SE-ANT-ZBWIFI-KIT/1751679;0 ks na skladě, možné naskladnění: 22.07.2026;"{""categories"":[""Střídače""],""price_raw"":""1 694,59 Kč*"",""price_per_wp_raw"":"""",""price_per_wp_czk_without_vat"":null,""properties"":{},""image_url"":""https://cdn.shop.krannich-solar.com/media/89/95/f2/1750077187/1751679_b_b_0_6_bb069e24e27f22cc65528e1cdd573ebce1f1c89e_det_dca_se_zigbee_antenna_se_ant_zbwifi_kit.png.png?width=3000"",""has_quantity_discount"":false,""scraped_at"":""2026-07-04T09:58:16.170Z""}"
Krannich Solar;1749828;1749828;ADAPTER BOX;Zařízení pro připojení k tepelnému čerpadlu;Střídače;SolaX Power;561.87;21;ks;https://shop.krannich-solar.com/cs-cz/ADAPTER-BOX/1749828;9 ks na skladě, možné naskladnění: 02.09.2026;"{""categories"":[""Střídače""],""price_raw"":""561,87 Kč*"",""price_per_wp_raw"":"""",""price_per_wp_czk_without_vat"":null,""properties"":{},""image_url"":""https://cdn.shop.krannich-solar.com/media/e2/4b/7d/1750077585/1749828_6_5_2_c_652cee8b527a0374266e363352e618b458c2bb89_Adapter_box.jpg.jpg?width=3000"",""has_quantity_discount"":false,""scraped_at"":""2026-07-04T09:57:58.169Z""}"
Krannich Solar;1755068;1755068;ADAPTER BOX G2;Zařízení pro připojení k tepelnému čerpadlu;Střídače;SolaX Power;1461.06;21;ks;https://shop.krannich-solar.com/cs-cz/ADAPTER-BOX-G2/1755068;0 ks na skladě, možné naskladnění: 14.08.2026;"{""categories"":[""Střídače""],""price_raw"":""1 461,06 Kč*"",""price_per_wp_raw"":"""",""price_per_wp_czk_without_vat"":null,""properties"":{},""image_url"":""https://cdn.shop.krannich-solar.com/media/8f/67/c2/1750077384/1755068_9_8_8_5_98853de168e46283027f30a545a26d1b81b885e4_energy_storage_inverter_adapter_box_1.jpg.jpg?width=3000"",""has_quantity_discount"":false,""scraped_at"":""2026-07-04T10:02:27.116Z""}"
Krannich Solar;1764376;1764376;ADAPTER BOX G3;Zařízení pro připojení k tepelnému čerpadlu;Střídače;SolaX Power;2023.18;21;ks;https://shop.krannich-solar.com/cs-cz/ADAPTER-BOX-G3/1764376;0 ks na skladě, možné naskladnění: 14.08.2026;"{""categories"":[""Střídače""],""price_raw"":""2 023,18 Kč*"",""price_per_wp_raw"":"""",""price_per_wp_czk_without_vat"":null,""properties"":{},""image_url"":""https://cdn.shop.krannich-solar.com/media/03/55/19/1777044087/1764376_a_d_c_0_adc0be15056825574504fd6559ff493818a25f07_det_dcl_solax_adapter_box_g3.png.png?width=3000"",""has_quantity_discount"":false,""scraped_at"":""2026-07-04T10:02:27.116Z""}"
Krannich Solar;1756183;1756183;BASE SUPPORT (FOR X3 IES WALL MOUNTING);Konzole pro montáž systému IES na zeď;Střídače;SolaX Power;1685.86;21;ks;https://shop.krannich-solar.com/cs-cz/BASE-SUPPORT-FOR-X3-IES-WALL-MOUNTING/1756183;0 ks na skladě, možné naskladnění: 09.09.2026;"{""categories"":[""Střídače""],""price_raw"":""1 685,86 Kč*"",""price_per_wp_raw"":"""",""price_per_wp_czk_without_vat"":null,""properties"":{},""image_url"":""https://cdn.shop.krannich-solar.com/media/8d/59/5f/1764232685/1756183_3_9_9_0_39905934bc9e02fea9900dd8022af4093002056a_det_iva_solax_base_support_for_x3_ies_wall_mounting_.png.png?width=3000"",""has_quantity_discount"":false,""scraped_at"":""2026-07-04T10:02:32.035Z""}"
Krannich Solar;1753958;1753958;BAT-IV CONNECTOR DEVALAN FEMALE;Konektor Devalan;Střídače;SolaX Power;56.02;21;ks;https://shop.krannich-solar.com/cs-cz/BAT-IV-CONNECTOR-DEVALAN-FEMALE/1753958;193 ks na skladě, možné naskladnění: 30.09.2026;"{""categories"":[""Střídače"",""Baterie"",""Příslušenství""],""price_raw"":""56,02 Kč*"",""price_per_wp_raw"":"""",""price_per_wp_czk_without_vat"":null,""properties"":{},""image_url"":""https://cdn.shop.krannich-solar.com/media/61/1d/ca/1750077321/1753958_9_1_c_6_91c6f2019eaa435b1b28b93e9ab1f8cce5bce1ab_devalan__.jpeg.jpeg?width=3000"",""has_quantity_discount"":false,""scraped_at"":""2026-07-04T09:57:53.158Z""}"
Krannich Solar;1753046;1753046;BAT-IV CONNECTOR DEVALAN MALE;Konektor Devalan;Střídače;SolaX Power;56.02;21;ks;https://shop.krannich-solar.com/cs-cz/BAT-IV-CONNECTOR-DEVALAN-MALE/1753046;24 ks na skladě, možné naskladnění: 07.09.2026;"{""categories"":[""Střídače"",""Baterie"",""Příslušenství""],""price_raw"":""56,02 Kč*"",""price_per_wp_raw"":"""",""price_per_wp_czk_without_vat"":null,""properties"":{},""image_url"":""https://cdn.shop.krannich-solar.com/media/f2/8f/ed/1750077269/1753046_6_4_7_2_6472637c259c03da0b755d63fb336f755e8c5674_devalan__.jpeg.jpeg?width=3000"",""has_quantity_discount"":false,""scraped_at"":""2026-07-04T09:57:55.666Z""}"
Krannich Solar;1755967;1755967;BMS PARALLEL BOX-II G2 (T30);Pro paralelní připojení dvou bateriových stringů;Střídače;SolaX Power;13257.96;21;ks;https://shop.krannich-solar.com/cs-cz/BMS-PARALLEL-BOX-II-G2-T30/1755967;2 ks na skladě, možné naskladnění: 19.08.2026;"{""categories"":[""Střídače"",""Baterie""],""price_raw"":""13 257,96 Kč*"",""price_per_wp_raw"":"""",""price_per_wp_czk_without_vat"":null,""properties"":{},""image_url"":""https://cdn.shop.krannich-solar.com/media/32/2b/a9/1750077425/1755967_f_c_4_b_fc4b030461693248e2616d005715442fec194879_BMS_parallel_box.png.png?width=3000"",""has_quantity_discount"":false,""scraped_at"":""2026-07-04T09:58:03.333Z""}"
Krannich Solar;1755966;1755966;BMS PARALLEL BOX-II G2 (T58);Pro paralelní připojení dvou bateriových stringů;Střídače;SolaX Power;13257.96;21;ks;https://shop.krannich-solar.com/cs-cz/BMS-PARALLEL-BOX-II-G2-T58/1755966;1 ks na skladě, možné naskladnění: 14.09.2026;"{""categories"":[""Střídače"",""Baterie""],""price_raw"":""13 257,96 Kč*"",""price_per_wp_raw"":"""",""price_per_wp_czk_without_vat"":null,""properties"":{},""image_url"":""https://cdn.shop.krannich-solar.com/media/c8/80/56/1750077420/1755966_f_6_4_f_f64f1680716d1581a96f0010e3e0f979094f2b95_BMS_parallel_box.png.png?width=3000"",""has_quantity_discount"":false,""scraped_at"":""2026-07-04T09:58:08.549Z""}"
Krannich Solar;1759135;1759135;CT - SOLAX X1;Měřící transformátor pro 1fázové střídače SolaX;Střídače;SolaX Power;449.6;21;ks;https://shop.krannich-solar.com/cs-cz/CT-SOLAX-X1/1759135;0 ks na skladě, možné naskladnění: 07.08.2026;"{""categories"":[""Střídače""],""price_raw"":""449,60 Kč*"",""price_per_wp_raw"":"""",""price_per_wp_czk_without_vat"":null,""properties"":{},""image_url"":""https://cdn.shop.krannich-solar.com/media/17/f3/c3/1750077826/1759135_1_d_f_a_1dfa1f132bee10e81bf8595a51229c6367bcd790_CT_X1_.png.png?width=3000"",""has_quantity_discount"":false,""scraped_at"":""2026-07-04T10:02:24.601Z""}"
Krannich Solar;1744921;1744921;CT - SOLAX X3;Měřící transformátor pro 3fázové střídače SolaX;Střídače;SolaX Power;146.47;21;ks;https://shop.krannich-solar.com/cs-cz/CT-SOLAX-X3/1744921;20 ks na skladě, poslední kusy;"{""categories"":[""Střídače"",""Výprodej""],""price_raw"":""146,47 Kč*"",""price_per_wp_raw"":"""",""price_per_wp_czk_without_vat"":null,""properties"":{},""image_url"":""https://cdn.shop.krannich-solar.com/media/39/5f/e1/1750078014/1744921_a_e_f_f_aeff7acaad235147b02699e2c4879004915c95ab_X3_Hybrid_G4_CT.jpg.jpg?width=3000"",""has_quantity_discount"":false,""scraped_at"":""2026-07-04T09:57:55.666Z""}"
Krannich Solar;1752308;1752308;DATAHUB1000;Pro paralelní připojení až 60 střídačů Solax;Střídače;SolaX Power;4636.36;21;ks;https://shop.krannich-solar.com/cs-cz/DATAHUB1000/1752308;0 ks na skladě, možné naskladnění: 02.09.2026;"{""categories"":[""Střídače""],""price_raw"":""4 636,36 Kč*"",""price_per_wp_raw"":"""",""price_per_wp_czk_without_vat"":null,""properties"":{},""image_url"":""https://cdn.shop.krannich-solar.com/media/9b/2c/84/1750077219/1752308_c_8_3_8_c8381865fb65952797390afe0a75c0333534bf24_det_dcl_solax_datahub1000.jpg.jpg?width=3000"",""has_quantity_discount"":false,""scraped_at"":""2026-07-04T10:02:32.035Z""}"
Krannich Solar;1727554;1727554;DDSU666 CHINT;1-F elektroměr pro střídače Solax, přímé měření;Střídače;SolaX Power;1685.86;21;ks;https://shop.krannich-solar.com/cs-cz/DDSU666-CHINT/1727554;0 ks na skladě, možné naskladnění: 03.08.2026;"{""categories"":[""Střídače""],""price_raw"":""1 685,86 Kč*"",""price_per_wp_raw"":"""",""price_per_wp_czk_without_vat"":null,""properties"":{},""image_url"":""https://cdn.shop.krannich-solar.com/media/68/9f/cb/1750077369/1727554_4_b_b_f_4bbfc7b9103e7d725ca9cd16488eecc966c3aca1_det_ivsa_solax_1_phase_meter_ddsu666_chint.jpg.jpg?width=3000"",""has_quantity_discount"":false,""scraped_at"":""2026-07-04T09:58:28.853Z""}"
Krannich Solar;1752530;1752530;DTSU666-CT CHINT + trafa 200/5A;3-F elektroměr pro střídače Solax, nepřímé měření;Střídače;SolaX Power;3034.65;21;ks;https://shop.krannich-solar.com/cs-cz/DTSU666-CT-CHINT-trafa-200-5A/1752530;0 ks na skladě, možné naskladnění: 27.07.2026;"{""categories"":[""Střídače""],""price_raw"":""3 034,65 Kč*"",""price_per_wp_raw"":"""",""price_per_wp_czk_without_vat"":null,""properties"":{},""image_url"":""https://cdn.shop.krannich-solar.com/media/e2/c2/be/1772015833/1752530_0_d_8_6_0d86ff174006d93eb35ab4030e9f20112a191f4a_det_ivsa_solax_3_phase_meter_dtsu666_chint.jpg.jpg?width=3000"",""has_quantity_discount"":false,""scraped_at"":""2026-07-04T09:58:21.286Z""}"
Krannich Solar;1728464;1728464;DTSU666-D CHINT;3-F elektroměr pro střídače Solax, přímé měření;Střídače;SolaX Power;2247.98;21;ks;https://shop.krannich-solar.com/cs-cz/DTSU666-D-CHINT/1728464;62 ks na skladě, možné naskladnění: 07.08.2026;"{""categories"":[""Střídače""],""price_raw"":""2 247,98 Kč*"",""price_per_wp_raw"":"""",""price_per_wp_czk_without_vat"":null,""properties"":{},""image_url"":""https://cdn.shop.krannich-solar.com/media/4b/f6/29/1750077463/1728464_0_d_8_6_0d86ff174006d93eb35ab4030e9f20112a191f4a_det_ivsa_solax_3_phase_meter_dtsu666_chint.jpg.jpg?width=3000"",""has_quantity_discount"":false,""scraped_at"":""2026-07-04T09:57:53.159Z""}"
Krannich Solar;1761872;1761872;EMS1000 PRO BOX-16;;Střídače;SolaX Power;27508.72;21;ks;https://shop.krannich-solar.com/cs-cz/EMS1000-PRO-BOX-16/1761872;0 ks na skladě, možné naskladnění: 27.07.2026;"{""categories"":[""Střídače"",""Baterie""],""price_raw"":""27 508,72 Kč*"",""price_per_wp_raw"":"""",""price_per_wp_czk_without_vat"":null,""properties"":{},""image_url"":""https://cdn.shop.krannich-solar.com/media/db/71/18/1776869572/1761872_c_0_a_c_c0ac307ae2ac44a236f4d26f09d2e2a6b9699042_det_dcl_solax_ems1000_pro_box_16.png.png?width=3000"",""has_quantity_discount"":false,""scraped_at"":""2026-07-04T09:58:21.287Z""}"
Krannich Solar;1758708;1758708;M3-40 + trafa 100A / 40mA;3-F elektroměr pro střídače Solax, nepřímé měření;Střídače;SolaX Power;2753.59;21;ks;https://shop.krannich-solar.com/cs-cz/M3-40-trafa-100A-40mA/1758708;28 ks na skladě, možné naskladnění: 17.08.2026;"{""categories"":[""Střídače""],""price_raw"":""2 753,59 Kč*"",""price_per_wp_raw"":"""",""price_per_wp_czk_without_vat"":null,""properties"":{},""image_url"":""https://cdn.shop.krannich-solar.com/media/14/4d/7e/1750077779/1758708_c_5_d_d_c5dd58a1f769ec8a5e12ccbd19cb49babfea00f0_det_ivsa_solax_m3_40.png.png?width=3000"",""has_quantity_discount"":false,""scraped_at"":""2026-07-04T09:57:53.159Z""}"
Krannich Solar;1764716;1764716;M3-40 bez CT;3-F elektroměr pro střídače Solax, nepřímé měření;Střídače;SolaX Power;2247.98;21;ks;https://shop.krannich-solar.com/cs-cz/M3-40-bez-CT/1764716;8 ks na skladě, možné naskladnění: 29.07.2026;"{""categories"":[""Střídače""],""price_raw"":""2 247,98 Kč*"",""price_per_wp_raw"":"""",""price_per_wp_czk_without_vat"":null,""properties"":{},""image_url"":""https://cdn.shop.krannich-solar.com/media/be/64/97/1780487513/1764716_7_6_c_b_76cb61544a2155d006708856444b4f0560f954ff_2.png.png?width=3000"",""has_quantity_discount"":false,""scraped_at"":""2026-07-04T09:57:58.169Z""}"
Krannich Solar;1758709;1758709;M3-40-DUAL + trafa 100A / 40mA;3-F elektroměr pro střídače Solax, nepřímé měření;Střídače;SolaX Power;3484.24;21;ks;https://shop.krannich-solar.com/cs-cz/M3-40-DUAL-trafa-100A-40mA/1758709;0 ks na skladě, možné naskladnění: 14.09.2026;"{""categories"":[""Střídače""],""price_raw"":""3 484,24 Kč*"",""price_per_wp_raw"":"""",""price_per_wp_czk_without_vat"":null,""properties"":{},""image_url"":""https://cdn.shop.krannich-solar.com/media/c8/06/f9/1780487512/1758709_f_f_f_7_fff79b3e32bab75499593c2bb56eb9070395bbfb_det_ivsa_solax_m3_40_dual.jpg.jpg?width=3000"",""has_quantity_discount"":false,""scraped_at"":""2026-07-04T10:02:32.035Z""}"
Krannich Solar;1758186;1758186;POCKET WIFI + 4G INTERFACE;WiFi + 4G modul pro střídače SolaX;Střídače;SolaX Power;814.8;21;ks;https://shop.krannich-solar.com/cs-cz/POCKET-WIFI-4G-INTERFACE/1758186;3 ks na skladě, možné naskladnění: 02.09.2026;"{""categories"":[""Střídače""],""price_raw"":""814,80 Kč*"",""price_per_wp_raw"":"""",""price_per_wp_czk_without_vat"":null,""properties"":{},""image_url"":""https://cdn.shop.krannich-solar.com/media/6e/15/e3/1750077766/1758186_a_a_e_b_aaeb5ccf6fdeab0066d34e4b95bdaef6e6036148_WIFI_4G..png.png?width=3000"",""has_quantity_discount"":false,""scraped_at"":""2026-07-04T09:58:00.765Z""}"
Krannich Solar;1755826;1755826;POCKET WIFI + LAN INTERFACE;WiFi+ LAN modul pro střídače SolaX;Střídače;SolaX Power;421.47;21;ks;https://shop.krannich-solar.com/cs-cz/POCKET-WIFI-LAN-INTERFACE/1755826;65 ks na skladě, možné naskladnění: 17.08.2026;"{""categories"":[""Střídače""],""price_raw"":""421,47 Kč*"",""price_per_wp_raw"":"""",""price_per_wp_czk_without_vat"":null,""properties"":{},""image_url"":""https://cdn.shop.krannich-solar.com/media/3b/47/5c/1752796825/1755826_2_2_f_3_22f358b864b744562c1d2214021a8a06c19853db_det_dci_solax_pocket_wifi__lan_interface.jpg.jpg?width=3000"",""has_quantity_discount"":false,""scraped_at"":""2026-07-04T09:57:53.158Z""}"
Krannich Solar;1751805;1751805;POCKET WIFI INTERFACE V3.0-P;WiFi modul s externí anténou pro střídače SolaX;Střídače;SolaX Power;421.47;21;ks;https://shop.krannich-solar.com/cs-cz/POCKET-WIFI-INTERFACE-V3.0-P/1751805;11 ks na skladě, možné naskladnění: 02.09.2026;"{""categories"":[""Střídače""],""price_raw"":""421,47 Kč*"",""price_per_wp_raw"":"""",""price_per_wp_czk_without_vat"":null,""properties"":{},""image_url"":""https://cdn.shop.krannich-solar.com/media/c5/56/0a/1750077192/1751805_5_0_f_6_50f6d2e214d0e3c7652baf4bb7c7192c1fda1902_det_dci_solax_pocket_wifi_interface_v3.0_p.jpg.jpg?width=3000"",""has_quantity_discount"":false,""scraped_at"":""2026-07-04T09:57:55.667Z""}"
Krannich Solar;1733439;1733439;POCKET WIFI PLUS INTERFACE 2.0;WiFi modul s externí anténou pro střídače SolaX;Střídače;SolaX Power;29.34;21;ks;https://shop.krannich-solar.com/cs-cz/POCKET-WIFI-PLUS-INTERFACE-2.0/1733439;63 ks na skladě, poslední kusy;"{""categories"":[""Střídače"",""Výprodej""],""price_raw"":""29,34 Kč*"",""price_per_wp_raw"":"""",""price_per_wp_czk_without_vat"":null,""properties"":{},""image_url"":""https://cdn.shop.krannich-solar.com/media/e8/e3/2d/1750077922/1733439_d_8_d_f_d8df941ed6eeb98f55b8a21c0910c7da2c9d8cf9_det_dci_solax_pocket_wifi_plus_interface.jpg.jpg?width=3000"",""has_quantity_discount"":false,""scraped_at"":""2026-07-04T09:57:53.158Z""}"
Krannich Solar;1764667;1764667;Rogowski coil CT 1000A/40mA;Měřící transformátor pro elektroměr SolaX M3-40;Střídače;SolaX Power;4860.91;21;ks;https://shop.krannich-solar.com/cs-cz/Rogowski-coil-CT-1000A-40mA/1764667;1 ks na skladě, možné naskladnění: 02.09.2026;"{""categories"":[""Střídače""],""price_raw"":""4 860,91 Kč*"",""price_per_wp_raw"":"""",""price_per_wp_czk_without_vat"":null,""properties"":{},""image_url"":""https://cdn.shop.krannich-solar.com/media/87/81/61/1780487513/1764667_d_7_7_0_d7701006a5fc50c73c9d1f4e9daff0eede414dca_det_dca_solax_rogowski_coil_ct_1000a_40ma.png.png?width=3000"",""has_quantity_discount"":false,""scraped_at"":""2026-07-04T09:58:05.987Z""}"
Krannich Solar;1764670;1764670;Rogowski coil CT 1500A/40mA;Měřící transformátor pro elektroměr SolaX M3-40;Střídače;SolaX Power;5563.44;21;ks;https://shop.krannich-solar.com/cs-cz/Rogowski-coil-CT-1500A-40mA/1764670;2 ks na skladě, možné naskladnění: 02.09.2026;"{""categories"":[""Střídače""],""price_raw"":""5 563,44 Kč*"",""price_per_wp_raw"":"""",""price_per_wp_czk_without_vat"":null,""properties"":{},""image_url"":""https://cdn.shop.krannich-solar.com/media/05/e6/6b/1780489313/1764670_d_7_7_0_d7701006a5fc50c73c9d1f4e9daff0eede414dca_det_dca_solax_rogowski_coil_ct_1000a_40ma.png.png?width=3000"",""has_quantity_discount"":false,""scraped_at"":""2026-07-04T09:58:03.332Z""}"
Krannich Solar;1759742;1759742;SCT-24 SPLIT CORE 200A(3in1);Měřící transformátor pro elektroměr SolaX M3-40;Střídače;SolaX Power;1011.47;21;ks;https://shop.krannich-solar.com/cs-cz/SCT-24-SPLIT-CORE-200A-3in1/1759742;9 ks na skladě, možné naskladnění: 02.09.2026;"{""categories"":[""Střídače""],""price_raw"":""1 011,47 Kč*"",""price_per_wp_raw"":"""",""price_per_wp_czk_without_vat"":null,""properties"":{},""image_url"":""https://cdn.shop.krannich-solar.com/media/a6/3c/fe/1754469391/1759742_c_e_3_9_ce393316f6d3d3353a900da89e98186b25662f46_det_dca_solax_sct_24_split_core_200a_3in1_.png.png?width=3000"",""has_quantity_discount"":false,""scraped_at"":""2026-07-04T09:57:58.169Z""}"
Krannich Solar;1759743;1759743;SCT-36 SPLIT CORE 400A(3in1);Měřící transformátor pro elektroměr SolaX M3-40;Střídače;SolaX Power;1573.58;21;ks;https://shop.krannich-solar.com/cs-cz/SCT-36-SPLIT-CORE-400A-3in1/1759743;10 ks na skladě, možné naskladnění: 20.07.2026;"{""categories"":[""Střídače""],""price_raw"":""1 573,58 Kč*"",""price_per_wp_raw"":"""",""price_per_wp_czk_without_vat"":null,""properties"":{},""image_url"":""https://cdn.shop.krannich-solar.com/media/1c/85/f9/1754469392/1759743_c_a_f_8_caf8e6d045e0d82c5732637611513ba9b04e9650_det_dca_solax_sct_24_split_core_400a_3in1_.png.png?width=3000"",""has_quantity_discount"":false,""scraped_at"":""2026-07-04T09:57:55.667Z""}"
Krannich Solar;1761844;1761844;SCT-36 SPLIT CORE 600A(3in1);Měřící transformátor pro elektroměr SolaX M3-40;Střídače;SolaX Power;2247.98;21;ks;https://shop.krannich-solar.com/cs-cz/SCT-36-SPLIT-CORE-600A-3in1/1761844;27 ks na skladě, možné naskladnění: 02.09.2026;"{""categories"":[""Střídače""],""price_raw"":""2 247,98 Kč*"",""price_per_wp_raw"":"""",""price_per_wp_czk_without_vat"":null,""properties"":{},""image_url"":""https://cdn.shop.krannich-solar.com/media/92/7c/bc/1754469392/1761844_6_a_2_a_6a2ab43d91f957ce7cd660e867dd66621abbd2f7_det_dca_solax_sct_24_split_core_400a_3in1_.png.png?width=3000"",""has_quantity_discount"":false,""scraped_at"":""2026-07-04T09:57:53.159Z""}"
Krannich Solar;1756693;1756693;SOLAX WIRELESS BRIDGE;Bezdrátový převodník signálu;Střídače;SolaX Power;2107.33;21;ks;https://shop.krannich-solar.com/cs-cz/SOLAX-WIRELESS-BRIDGE/1756693;0 ks na skladě, možné naskladnění: 20.07.2026;"{""categories"":[""Střídače""],""price_raw"":""2 107,33 Kč*"",""price_per_wp_raw"":"""",""price_per_wp_czk_without_vat"":null,""properties"":{},""image_url"":""https://cdn.shop.krannich-solar.com/media/99/f8/82/1750077509/1756693_7_8_2_c_782c339066339f86ef5eb641c0340ff094ab462f_solaxwirelessbridgewhite.jpg.jpg?width=3000"",""has_quantity_discount"":false,""scraped_at"":""2026-07-04T09:58:11.001Z""}"
Krannich Solar;1759613;1759613;X1-IES-3.7K;1-F hybridní střídač;Střídače;SolaX Power;23068.78;21;ks;https://shop.krannich-solar.com/cs-cz/X1-IES-3.7K/1759613;0 ks na skladě, možné naskladnění: 05.08.2026;"{""categories"":[""Střídače""],""price_raw"":""23 068,78 Kč*"",""price_per_wp_raw"":"""",""price_per_wp_czk_without_vat"":null,""properties"":{""AC jmenovitý výkon (kW)"":""3.68"",""Max. výkon DC generátoru (kWp)"":""7.40"",""Počet nezávislých MPPT (ks)"":""2""},""image_url"":""https://cdn.shop.krannich-solar.com/media/f2/ac/3e/1774693425/1759613_5_7_1_1_571185234a437b82efdc1b36ce63d921786f9573_det_ivh_solax_x1_ies_3_8k.png.png?width=3000"",""has_quantity_discount"":false,""scraped_at"":""2026-07-04T09:58:28.853Z""}"
Krannich Solar;1759612;1759612;X1-IES-3K;1-F hybridní střídač;Střídače;SolaX Power;21928.55;21;ks;https://shop.krannich-solar.com/cs-cz/X1-IES-3K/1759612;0 ks na skladě, možné naskladnění: 05.08.2026;"{""categories"":[""Střídače""],""price_raw"":""21 928,55 Kč*"",""price_per_wp_raw"":"""",""price_per_wp_czk_without_vat"":null,""properties"":{""AC jmenovitý výkon (kW)"":""3.00"",""Max. výkon DC generátoru (kWp)"":""6.00"",""Počet nezávislých MPPT (ks)"":""2""},""image_url"":""https://cdn.shop.krannich-solar.com/media/49/61/66/1774693424/1759612_8_7_3_5_8735fcc4a961fec41124eecd319720500fdea0f3_det_ivh_solax_x1_ies_3_8k.png.png?width=3000"",""has_quantity_discount"":false,""scraped_at"":""2026-07-04T09:58:28.853Z""}"
Krannich Solar;1753449;1753449;X1-MINI-2.0K G4;Jednofázový síťový střídač;Střídače;SolaX Power;6297.24;21;ks;https://shop.krannich-solar.com/cs-cz/X1-MINI-2.0K-G4/1753449;0 ks na skladě, možné naskladnění: 28.10.2026;"{""categories"":[""Střídače""],""price_raw"":""6 297,24 Kč*"",""price_per_wp_raw"":"""",""price_per_wp_czk_without_vat"":null,""properties"":{""AC jmenovitý výkon (kW)"":""2.00"",""Max. výkon DC generátoru (kWp)"":""4.00"",""Počet nezávislých MPPT (ks)"":""1""},""image_url"":""https://cdn.shop.krannich-solar.com/media/78/22/c5/1752536999/1753449_1_6_c_0_16c0afa4b7b8b6c187522272f5bbbef70c5343b1_det_iv_solax_x1_mini_g4.jpg.jpg?width=3000"",""has_quantity_discount"":false,""scraped_at"":""2026-07-04T10:02:32.036Z""}"
Krannich Solar;1753450;1753450;X1-MINI-2.5K G4;Jednofázový síťový střídač;Střídače;SolaX Power;6700.76;21;ks;https://shop.krannich-solar.com/cs-cz/X1-MINI-2.5K-G4/1753450;0 ks na skladě, možné naskladnění: 12.08.2026;"{""categories"":[""Střídače""],""price_raw"":""6 700,76 Kč*"",""price_per_wp_raw"":"""",""price_per_wp_czk_without_vat"":null,""properties"":{""AC jmenovitý výkon (kW)"":""2.50"",""Max. výkon DC generátoru (kWp)"":""5.00"",""Počet nezávislých MPPT (ks)"":""1""},""image_url"":""https://cdn.shop.krannich-solar.com/media/9c/bb/11/1750077288/1753450_2_3_a_0_23a05ccdefb5dbeca7c60016267a49d1a2a51bae_krannich_Image_solax_inverter_x1_mini_g4_x1_2.5k_g4.png.png?width=3000"",""has_quantity_discount"":false,""scraped_at"":""2026-07-04T10:02:27.115Z""}"
Krannich Solar;1753451;1753451;X1-MINI-3.0K G4;Jednofázový síťový střídač;Střídače;SolaX Power;7319.86;21;ks;https://shop.krannich-solar.com/cs-cz/X1-MINI-3.0K-G4/1753451;0 ks na skladě, možné naskladnění: 28.10.2026;"{""categories"":[""Střídače""],""price_raw"":""7 319,86 Kč*"",""price_per_wp_raw"":"""",""price_per_wp_czk_without_vat"":null,""properties"":{""AC jmenovitý výkon (kW)"":""3.00"",""Max. výkon DC generátoru (kWp)"":""6.00"",""Počet nezávislých MPPT (ks)"":""1""},""image_url"":""https://cdn.shop.krannich-solar.com/media/8f/ba/a1/1750077288/1753451_1_6_c_0_16c0afa4b7b8b6c187522272f5bbbef70c5343b1_det_iv_solax_x1_mini_g4.jpg.jpg?width=3000"",""has_quantity_discount"":false,""scraped_at"":""2026-07-04T10:02:32.036Z""}"
Krannich Solar;1753452;1753452;X1-MINI-3.3K G4;Jednofázový síťový střídač;Střídače;SolaX Power;7589.04;21;ks;https://shop.krannich-solar.com/cs-cz/X1-MINI-3.3K-G4/1753452;1 ks na skladě, možné naskladnění: 28.10.2026;"{""categories"":[""Střídače""],""price_raw"":""7 589,04 Kč*"",""price_per_wp_raw"":"""",""price_per_wp_czk_without_vat"":null,""properties"":{""AC jmenovitý výkon (kW)"":""3.30"",""Max. výkon DC generátoru (kWp)"":""6.60"",""Počet nezávislých MPPT (ks)"":""1""},""image_url"":""https://cdn.shop.krannich-solar.com/media/71/f3/33/1750077289/1753452_1_6_c_0_16c0afa4b7b8b6c187522272f5bbbef70c5343b1_det_iv_solax_x1_mini_g4.jpg.jpg?width=3000"",""has_quantity_discount"":false,""scraped_at"":""2026-07-04T09:58:08.549Z""}"
Krannich Solar;1711032;1711032;X3 EPS BOX;Backup řešení pro třífázové střídače Solax;Střídače;SolaX Power;6894.03;21;ks;https://shop.krannich-solar.com/cs-cz/X3-EPS-BOX/1711032;0 ks na skladě, možné naskladnění: 03.08.2026;"{""categories"":[""Střídače"",""Příslušenství""],""price_raw"":""6 894,03 Kč*"",""price_per_wp_raw"":"""",""price_per_wp_czk_without_vat"":null,""properties"":{},""image_url"":""https://cdn.shop.krannich-solar.com/media/c6/0b/dc/1750078022/1711032_6_f_4_0_6f400e5b927d680e16e0abdc8408e56f9f2261b6_det_sba_solax_x1_x3_eps_box.jpg.jpg?width=3000"",""has_quantity_discount"":false,""scraped_at"":""2026-07-04T09:58:26.206Z""}"
Krannich Solar;1752259;1752259;X3 HYBRID EASY COVER;Kryt pro X3 hybridní střídač;Střídače;SolaX Power;878.09;21;ks;https://shop.krannich-solar.com/cs-cz/X3-HYBRID-EASY-COVER/1752259;36 ks na skladě, poslední kusy;"{""categories"":[""Střídače"",""Výprodej""],""price_raw"":""878,09 Kč*"",""price_per_wp_raw"":"""",""price_per_wp_czk_without_vat"":null,""properties"":{},""image_url"":""https://cdn.shop.krannich-solar.com/media/56/55/05/1750077212/1752259_b_c_b_4_bcb4fa5e77b1f18f4176d88a5a44c894964798e8_easy_cover_matebox.jpg.jpg?width=3000"",""has_quantity_discount"":false,""scraped_at"":""2026-07-04T09:57:53.159Z""}"
Krannich Solar;1754484;1754484;X3-50K-TL;Třífázový síťový střídač;Střídače;SolaX Power;28033;21;ks;https://shop.krannich-solar.com/cs-cz/X3-50K-TL/1754484;0 ks na skladě, dostupnost na vyžádání, -;"{""categories"":[""Střídače""],""price_raw"":""28 033,00 Kč*"",""price_per_wp_raw"":"""",""price_per_wp_czk_without_vat"":null,""properties"":{""AC jmenovitý výkon (kW)"":""50.00"",""Počet nezávislých MPPT (ks)"":""4""},""image_url"":""https://cdn.shop.krannich-solar.com/media/52/34/3d/1750077347/1754484_3_8_0_4_38041a973ba371e124a75a0fbea5fc7080d43aa8_X3_50K_TL.jpg.jpg?width=3000"",""has_quantity_discount"":false,""scraped_at"":""2026-07-04T10:02:34.294Z""}"
Krannich Solar;1762429;1762429;X3-AELIO-49.9K (DC SWITCH/SPD II);Třífázový hybridní střídač s 5 MPPT;Střídače;SolaX Power;113883.83;21;ks;https://shop.krannich-solar.com/cs-cz/X3-AELIO-49.9K-DC-SWITCH-SPD-II/1762429;1 ks na skladě, možné naskladnění: 11.09.2026;"{""categories"":[""Střídače""],""price_raw"":""113 883,83 Kč*"",""price_per_wp_raw"":"""",""price_per_wp_czk_without_vat"":null,""properties"":{""AC jmenovitý výkon (kW)"":""49.90"",""Max. výkon DC generátoru (kWp)"":""100.00"",""Počet nezávislých MPPT (ks)"":""5""},""image_url"":""https://cdn.shop.krannich-solar.com/media/48/bc/57/1761302164/1762429_7_8_f_f_78ff31d30f05969019cfe2dda48dbabd9958ddcc_det_ivh_solax_x3_aelio_49.9k_61k.png.png?width=3000"",""has_quantity_discount"":false,""scraped_at"":""2026-07-04T09:58:05.987Z""}"
Krannich Solar;1758359;1758359;X3-AELIO-50K (DC SWITCH/SPD II);Třífázový hybridní střídač s 5 MPPT;Střídače;SolaX Power;110200.98;21;ks;https://shop.krannich-solar.com/cs-cz/X3-AELIO-50K-DC-SWITCH-SPD-II/1758359;5 ks na skladě, možné naskladnění: 14.08.2026;"{""categories"":[""Střídače""],""price_raw"":""110 200,98 Kč*"",""price_per_wp_raw"":"""",""price_per_wp_czk_without_vat"":null,""properties"":{""AC jmenovitý výkon (kW)"":""50.00"",""Max. výkon DC generátoru (kWp)"":""100.00"",""Počet nezávislých MPPT (ks)"":""5""},""image_url"":""https://cdn.shop.krannich-solar.com/media/80/51/57/1750077792/1758359_2_b_6_0_2b60a92e124a23f9decbd41d5db8403918988eda_X3_Aelio.png.png?width=3000"",""has_quantity_discount"":false,""scraped_at"":""2026-07-04T09:57:58.170Z""}"
Krannich Solar;1758360;1758360;X3-AELIO-60K (DC SWITCH/SPD II);Třífázový hybridní střídač s 6 MPPT;Střídače;SolaX Power;113544.33;21;ks;https://shop.krannich-solar.com/cs-cz/X3-AELIO-60K-DC-SWITCH-SPD-II/1758360;0 ks na skladě, možné naskladnění: 10.08.2026;"{""categories"":[""Střídače""],""price_raw"":""113 544,33 Kč*"",""price_per_wp_raw"":"""",""price_per_wp_czk_without_vat"":null,""properties"":{""AC jmenovitý výkon (kW)"":""60.00"",""Max. výkon DC generátoru (kWp)"":""120.00"",""Počet nezávislých MPPT (ks)"":""6""},""image_url"":""https://cdn.shop.krannich-solar.com/media/63/8e/00/1750077792/1758360_1_1_b_a_11baf7801a873e6240aa83cfd9a42574d03f8107_X3_Aelio.png.png?width=3000"",""has_quantity_discount"":false,""scraped_at"":""2026-07-04T10:02:27.115Z""}"
Krannich Solar;1752156;1752156;X3-EPS-BOX 150KW G2;Backup řešení pro třífázové střídače Solax;Střídače;SolaX Power;34948.13;21;ks;https://shop.krannich-solar.com/cs-cz/X3-EPS-BOX-150KW-G2/1752156;0 ks na skladě, možné naskladnění: 19.08.2026;"{""categories"":[""Střídače"",""Příslušenství""],""price_raw"":""34 948,13 Kč*"",""price_per_wp_raw"":"""",""price_per_wp_czk_without_vat"":null,""properties"":{},""image_url"":""https://cdn.shop.krannich-solar.com/media/04/10/55/1750077205/1752156_5_5_1_6_5516aa8792358531e427785779a08094f148619e_det_sba_solax_x3_eps_parallel_box_g2_x3_pbox_150kw_g2.jpg.jpg?width=3000"",""has_quantity_discount"":false,""scraped_at"":""2026-07-04T10:02:29.566Z""}"
Krannich Solar;1752154;1752154;X3-EPS-BOX 60KW G2;Backup řešení pro třífázové střídače Solax;Střídače;SolaX Power;28372.02;21;ks;https://shop.krannich-solar.com/cs-cz/X3-EPS-BOX-60KW-G2/1752154;1 ks na skladě, možné naskladnění: 19.08.2026;"{""categories"":[""Střídače"",""Příslušenství""],""price_raw"":""28 372,02 Kč*"",""price_per_wp_raw"":"""",""price_per_wp_czk_without_vat"":null,""properties"":{},""image_url"":""https://cdn.shop.krannich-solar.com/media/e3/67/72/1750077202/1752154_c_f_0_b_cf0b866305974a52b0adb588c0ea6dd63c8e2123_det_sba_solax_x3_eps_parallel_box_g2_x3_pbox_60kw_g2.jpg.jpg?width=3000"",""has_quantity_discount"":false,""scraped_at"":""2026-07-04T09:58:08.550Z""}"
Krannich Solar;1751476;1751476;X3-FTH-100K (AFCI);Třífázový síťový střídač s DC přepínačem;Střídače;SolaX Power;76832.74;21;ks;https://shop.krannich-solar.com/cs-cz/X3-FTH-100K-AFCI/1751476;0 ks na skladě, možné naskladnění: 22.07.2026;"{""categories"":[""Střídače""],""price_raw"":""76 832,74 Kč*"",""price_per_wp_raw"":"""",""price_per_wp_czk_without_vat"":null,""properties"":{""AC jmenovitý výkon (kW)"":""100.00"",""Max. výkon DC generátoru (kWp)"":""150.00"",""Počet nezávislých MPPT (ks)"":""9""},""image_url"":""https://cdn.shop.krannich-solar.com/media/d6/89/f0/1750077176/1751476_8_0_2_9_802951d79d59544b9d604199cae153158e26ade8_krannich_Image_solax_inverter_x3_forth_x3_fth_100k.png.png?width=3000"",""has_quantity_discount"":false,""scraped_at"":""2026-07-04T09:58:18.749Z""}"
Krannich Solar;1753937;1753937;X3-FTH-100K 5 YEARS;Prodloužení záruky (na díly) o 5 let;Střídače;SolaX Power;14137.75;21;ks;https://shop.krannich-solar.com/cs-cz/X3-FTH-100K-5-YEARS/1753937;0 ks na skladě, možné naskladnění: 13.07.2026;"{""categories"":[""Střídače""],""price_raw"":""14 137,75 Kč*"",""price_per_wp_raw"":"""",""price_per_wp_czk_without_vat"":null,""properties"":{},""image_url"":""https://cdn.shop.krannich-solar.com/media/4f/00/db/1750077315/1753937_5_2_d_7_52d7c6e475546a1b0430ca88b1ed3bd5c6daa6e3_Krannich_Icons_Warranty_5.png.png?width=3000"",""has_quantity_discount"":false,""scraped_at"":""2026-07-04T09:58:11.000Z""}"
Krannich Solar;1751477;1751477;X3-FTH-110K (AFCI);Třífázový síťový střídač s DC přepínačem;Střídače;SolaX Power;79093.56;21;ks;https://shop.krannich-solar.com/cs-cz/X3-FTH-110K-AFCI/1751477;0 ks na skladě, možné naskladnění: 04.11.2026;"{""categories"":[""Střídače""],""price_raw"":""79 093,56 Kč*"",""price_per_wp_raw"":"""",""price_per_wp_czk_without_vat"":null,""properties"":{""AC jmenovitý výkon (kW)"":""110.00"",""Max. výkon DC generátoru (kWp)"":""165.00"",""Počet nezávislých MPPT (ks)"":""9""},""image_url"":""https://cdn.shop.krannich-solar.com/media/56/52/5e/1750077178/1751477_a_7_e_3_a7e3a4a50722eae784a9ec4aa4458b7396a8f17a_krannich_Image_solax_inverter_x3_forth_x3_fth_110k.png.png?width=3000"",""has_quantity_discount"":false,""scraped_at"":""2026-07-04T10:02:34.294Z""}"
Krannich Solar;1753938;1753938;X3-FTH-110K 5 YEARS;Prodloužení záruky (na díly) o 5 let;Střídače;SolaX Power;14938;21;ks;https://shop.krannich-solar.com/cs-cz/X3-FTH-110K-5-YEARS/1753938;0 ks na skladě, možné naskladnění: 13.07.2026;"{""categories"":[""Střídače""],""price_raw"":""14 938,00 Kč*"",""price_per_wp_raw"":"""",""price_per_wp_czk_without_vat"":null,""properties"":{},""image_url"":""https://cdn.shop.krannich-solar.com/media/29/7b/aa/1750077316/1753938_9_5_4_8_95487f50f89e27bce5ac375bc6c1ed89ec708c12_Krannich_Icons_Warranty_5.png.png?width=3000"",""has_quantity_discount"":false,""scraped_at"":""2026-07-04T09:58:08.550Z""}"
Krannich Solar;1751478;1751478;X3-FTH-120K (AFCI);Třífázový síťový střídač s DC přepínačem;Střídače;SolaX Power;81354.15;21;ks;https://shop.krannich-solar.com/cs-cz/X3-FTH-120K-AFCI/1751478;0 ks na skladě, možné naskladnění: 22.07.2026;"{""categories"":[""Střídače""],""price_raw"":""81 354,15 Kč*"",""price_per_wp_raw"":"""",""price_per_wp_czk_without_vat"":null,""properties"":{""AC jmenovitý výkon (kW)"":""120.00"",""Max. výkon DC generátoru (kWp)"":""180.00"",""Počet nezávislých MPPT (ks)"":""12""},""image_url"":""https://cdn.shop.krannich-solar.com/media/a3/a3/ae/1750077167/1751478_0_2_9_4_02945765b7aecd1cc31397401214d5a97c5f3af8_krannich_Image_solax_inverter_x3_forth_x3_fth_120k.png.png?width=3000"",""has_quantity_discount"":false,""scraped_at"":""2026-07-04T09:58:16.170Z""}"
Krannich Solar;1753882;1753882;X3-FTH-120K 5 YEARS;Prodloužení záruky (na díly) o 5 let;Střídače;SolaX Power;15738.25;21;ks;https://shop.krannich-solar.com/cs-cz/X3-FTH-120K-5-YEARS/1753882;0 ks na skladě, možné naskladnění: 13.07.2026;"{""categories"":[""Střídače""],""price_raw"":""15 738,25 Kč*"",""price_per_wp_raw"":"""",""price_per_wp_czk_without_vat"":null,""properties"":{},""image_url"":""https://cdn.shop.krannich-solar.com/media/27/66/36/1750077316/1753882_5_e_7_b_5e7bf66a9ad63edb8745704d30e56759518a2d74_Krannich_Icons_Warranty_5.png.png?width=3000"",""has_quantity_discount"":false,""scraped_at"":""2026-07-04T09:58:11.000Z""}"
Krannich Solar;1751479;1751479;X3-FTH-125K (AFCI);Třífázový síťový střídač s DC přepínačem;Střídače;SolaX Power;82457.52;21;ks;https://shop.krannich-solar.com/cs-cz/X3-FTH-125K-AFCI/1751479;0 ks na skladě, možné naskladnění: 27.07.2026;"{""categories"":[""Střídače""],""price_raw"":""82 457,52 Kč*"",""price_per_wp_raw"":"""",""price_per_wp_czk_without_vat"":null,""properties"":{""AC jmenovitý výkon (kW)"":""125.00"",""Max. výkon DC generátoru (kWp)"":""188.00"",""Počet nezávislých MPPT (ks)"":""12""},""image_url"":""https://cdn.shop.krannich-solar.com/media/c1/81/f5/1750077167/1751479_2_4_1_8_2418d8032c2fc7b54e62f247c6ba4381fa4dffd0_krannich_Image_solax_inverter_x3_forth_x3_fth_125k.png.png?width=3000"",""has_quantity_discount"":false,""scraped_at"":""2026-07-04T09:58:23.660Z""}"
Krannich Solar;1753939;1753939;X3-FTH-125K 5 YEARS;Prodloužení záruky (na díly) o 5 let;Střídače;SolaX Power;16538.5;21;ks;https://shop.krannich-solar.com/cs-cz/X3-FTH-125K-5-YEARS/1753939;0 ks na skladě, možné naskladnění: 13.07.2026;"{""categories"":[""Střídače""],""price_raw"":""16 538,50 Kč*"",""price_per_wp_raw"":"""",""price_per_wp_czk_without_vat"":null,""properties"":{},""image_url"":""https://cdn.shop.krannich-solar.com/media/66/63/3b/1750077316/1753939_8_1_1_2_811232ffa5f1a41906c81c6a3a3495b848d45aa2_Krannich_Icons_Warranty_5.png.png?width=3000"",""has_quantity_discount"":false,""scraped_at"":""2026-07-04T09:58:11.000Z""}"
Krannich Solar;1751475;1751475;X3-FTH-80K (AFCI);Třífázový síťový střídač s DC přepínačem;Střídače;SolaX Power;73442.1;21;ks;https://shop.krannich-solar.com/cs-cz/X3-FTH-80K-AFCI/1751475;0 ks na skladě, možné naskladnění: 02.09.2026;"{""categories"":[""Střídače""],""price_raw"":""73 442,10 Kč*"",""price_per_wp_raw"":"""",""price_per_wp_czk_without_vat"":null,""properties"":{""AC jmenovitý výkon (kW)"":""80.00"",""Max. výkon DC generátoru (kWp)"":""120.00"",""Počet nezávislých MPPT (ks)"":""9""},""image_url"":""https://cdn.shop.krannich-solar.com/media/1a/fa/45/1750077173/1751475_b_0_4_5_b0455cad93dadacf6052fe1ef242e0f24ea2110f_krannich_Image_solax_inverter_x3_forth_x3_fth_80k.png.png?width=3000"",""has_quantity_discount"":false,""scraped_at"":""2026-07-04T10:02:32.035Z""}"
Krannich Solar;1753936;1753936;X3-FTH-80K 5 YEARS;Prodloužení záruky (na díly) o 5 let;Střídače;SolaX Power;13337.5;21;ks;https://shop.krannich-solar.com/cs-cz/X3-FTH-80K-5-YEARS/1753936;0 ks na skladě, možné naskladnění: 13.07.2026;"{""categories"":[""Střídače""],""price_raw"":""13 337,50 Kč*"",""price_per_wp_raw"":"""",""price_per_wp_czk_without_vat"":null,""properties"":{},""image_url"":""https://cdn.shop.krannich-solar.com/media/89/c3/3a/1750077313/1753936_0_3_1_3_031388e77bf1f18b6d605bc140f300c4ab294999_Krannich_Icons_Warranty_5.png.png?width=3000"",""has_quantity_discount"":false,""scraped_at"":""2026-07-04T09:58:11.000Z""}"
Krannich Solar;1764275;1764275;X3-HYB-10.0-P;Třífázový hybridní střídač 10 kW s AFCI;Střídače;SolaX Power;32773.64;21;ks;https://shop.krannich-solar.com/cs-cz/X3-HYB-10.0-P/1764275;40 ks na skladě, možné naskladnění: 05.08.2026;"{""categories"":[""Střídače""],""price_raw"":""32 773,64 Kč*"",""price_per_wp_raw"":"""",""price_per_wp_czk_without_vat"":null,""properties"":{""AC jmenovitý výkon (kW)"":""10.00"",""Max. výkon DC generátoru (kWp)"":""20.00"",""Počet nezávislých MPPT (ks)"":""3""},""image_url"":""https://cdn.shop.krannich-solar.com/media/62/df/7e/1777278203/1764275_9_9_3_9_993952da1122b1823037015d91359692f8ac2395_det_ivh_solax_x3_hyb_4.0_15.0_p_g4_pro_.png.png?width=3000"",""has_quantity_discount"":false,""scraped_at"":""2026-07-04T09:57:53.159Z""}"
Krannich Solar;1758958;1758958;X3-HYB-10.0-P;Třífázový hybridní střídač (SVT37550);Střídače;SolaX Power;34241.25;21;ks;https://shop.krannich-solar.com/cs-cz/X3-HYB-10.0-P/1758958;28 ks na skladě, poslední kusy;"{""categories"":[""Střídače""],""price_raw"":""34 241,25 Kč*"",""price_per_wp_raw"":"""",""price_per_wp_czk_without_vat"":null,""properties"":{""AC jmenovitý výkon (kW)"":""10.00"",""Max. výkon DC generátoru (kWp)"":""20.00"",""Počet nezávislých MPPT (ks)"":""3""},""image_url"":""https://cdn.shop.krannich-solar.com/media/90/62/74/1750077811/1758958_1_3_5_0_135090980df0798d23a8e876382226c50c1a5d7f_det_ivh_solax_x3_hyb_4.0_15.0_p_g4_pro.png.png?width=3000"",""has_quantity_discount"":false,""scraped_at"":""2026-07-04T09:57:53.159Z""}"
Krannich Solar;1764277;1764277;X3-HYB-12.0-P;Třífázový hybridní střídač 12 kW s AFCI;Střídače;SolaX Power;36883.53;21;ks;https://shop.krannich-solar.com/cs-cz/X3-HYB-12.0-P/1764277;2 ks na skladě, možné naskladnění: 05.08.2026;"{""categories"":[""Střídače""],""price_raw"":""36 883,53 Kč*"",""price_per_wp_raw"":"""",""price_per_wp_czk_without_vat"":null,""properties"":{""AC jmenovitý výkon (kW)"":""12.00"",""Max. výkon DC generátoru (kWp)"":""24.00"",""Počet nezávislých MPPT (ks)"":""3""},""image_url"":""https://cdn.shop.krannich-solar.com/media/bf/d9/40/1777278204/1764277_9_9_3_9_993952da1122b1823037015d91359692f8ac2395_det_ivh_solax_x3_hyb_4.0_15.0_p_g4_pro_.png.png?width=3000"",""has_quantity_discount"":false,""scraped_at"":""2026-07-04T09:58:03.332Z""}"
Krannich Solar;1764278;1764278;X3-HYB-15.0-P;Třífázový hybridní střídač 15 kW s AFCI;Střídače;SolaX Power;36883.53;21;ks;https://shop.krannich-solar.com/cs-cz/X3-HYB-15.0-P/1764278;0 ks na skladě, možné naskladnění: 20.07.2026;"{""categories"":[""Střídače""],""price_raw"":""36 883,53 Kč*"",""price_per_wp_raw"":"""",""price_per_wp_czk_without_vat"":null,""properties"":{""AC jmenovitý výkon (kW)"":""15.00"",""Max. výkon DC generátoru (kWp)"":""30.00"",""Počet nezávislých MPPT (ks)"":""3""},""image_url"":""https://cdn.shop.krannich-solar.com/media/19/df/48/1777279973/1764278_9_9_3_9_993952da1122b1823037015d91359692f8ac2395_det_ivh_solax_x3_hyb_4.0_15.0_p_g4_pro_.png.png?width=3000"",""has_quantity_discount"":false,""scraped_at"":""2026-07-04T09:58:11.001Z""}"
Krannich Solar;1758955;1758955;X3-HYB-5.0-P;Třífázový hybridní střídač (SVT37547);Střídače;SolaX Power;29485.58;21;ks;https://shop.krannich-solar.com/cs-cz/X3-HYB-5.0-P/1758955;2 ks na skladě, poslední kusy;"{""categories"":[""Střídače""],""price_raw"":""29 485,58 Kč*"",""price_per_wp_raw"":"""",""price_per_wp_czk_without_vat"":null,""properties"":{""AC jmenovitý výkon (kW)"":""5.00"",""Max. výkon DC generátoru (kWp)"":""10.00"",""Počet nezávislých MPPT (ks)"":""2""},""image_url"":""https://cdn.shop.krannich-solar.com/media/67/dc/dc/1750077817/1758955_e_2_b_e_e2be83dc713ddc98c3137d858bbfab684c8b3081_det_ivh_solax_x3_hyb_4.0_15.0_p_g4_pro.png.png?width=3000"",""has_quantity_discount"":false,""scraped_at"":""2026-07-04T09:58:03.334Z""}"
Krannich Solar;1758956;1758956;X3-HYB-6.0-P;Třífázový hybridní střídač (SVT37546);Střídače;SolaX Power;30599.14;21;ks;https://shop.krannich-solar.com/cs-cz/X3-HYB-6.0-P/1758956;2 ks na skladě, poslední kusy;"{""categories"":[""Střídače""],""price_raw"":""30 599,14 Kč*"",""price_per_wp_raw"":"""",""price_per_wp_czk_without_vat"":null,""properties"":{""AC jmenovitý výkon (kW)"":""6.00"",""Max. výkon DC generátoru (kWp)"":""12.00"",""Počet nezávislých MPPT (ks)"":""2""},""image_url"":""https://cdn.shop.krannich-solar.com/media/30/40/7c/1750077820/1758956_2_f_0_d_2f0d7ac562deda77051d2c0790cf1881fcb99a2b_det_ivh_solax_x3_hyb_4.0_15.0_p_g4_pro.png.png?width=3000"",""has_quantity_discount"":false,""scraped_at"":""2026-07-04T09:58:03.333Z""}"
Krannich Solar;1764262;1764262;X3-HYB-6.0-P;Třífázový hybridní střídač 6 kW s AFCI;Střídače;SolaX Power;30599.14;21;ks;https://shop.krannich-solar.com/cs-cz/X3-HYB-6.0-P/1764262;1 ks na skladě, možné naskladnění: 05.08.2026;"{""categories"":[""Střídače""],""price_raw"":""30 599,14 Kč*"",""price_per_wp_raw"":"""",""price_per_wp_czk_without_vat"":null,""properties"":{""AC jmenovitý výkon (kW)"":""6.00"",""Max. výkon DC generátoru (kWp)"":""12.00"",""Počet nezávislých MPPT (ks)"":""2""},""image_url"":""https://cdn.shop.krannich-solar.com/media/8a/ba/0a/1777279972/1764262_9_9_3_9_993952da1122b1823037015d91359692f8ac2395_det_ivh_solax_x3_hyb_4.0_15.0_p_g4_pro_.png.png?width=3000"",""has_quantity_discount"":false,""scraped_at"":""2026-07-04T09:58:05.987Z""}"
Krannich Solar;1764272;1764272;X3-HYB-8.0-P;Třífázový hybridní střídač 8 kW s AFCI;Střídače;SolaX Power;32773.64;21;ks;https://shop.krannich-solar.com/cs-cz/X3-HYB-8.0-P/1764272;1 ks na skladě, možné naskladnění: 05.08.2026;"{""categories"":[""Střídače""],""price_raw"":""32 773,64 Kč*"",""price_per_wp_raw"":"""",""price_per_wp_czk_without_vat"":null,""properties"":{""AC jmenovitý výkon (kW)"":""8.00"",""Max. výkon DC generátoru (kWp)"":""16.00"",""Počet nezávislých MPPT (ks)"":""3""},""image_url"":""https://cdn.shop.krannich-solar.com/media/85/d9/1c/1777279972/1764272_9_9_3_9_993952da1122b1823037015d91359692f8ac2395_det_ivh_solax_x3_hyb_4.0_15.0_p_g4_pro_.png.png?width=3000"",""has_quantity_discount"":false,""scraped_at"":""2026-07-04T09:58:05.987Z""}"
Krannich Solar;1757819;1757819;X3-HYBRID-10.0-D G4.4;Třífázový hybridní střídač (SVT30597);Střídače;SolaX Power;32773.64;21;ks;https://shop.krannich-solar.com/cs-cz/X3-HYBRID-10.0-D-G4.4/1757819;26 ks na skladě, možné naskladnění: 22.07.2026;"{""categories"":[""Střídače""],""price_raw"":""32 773,64 Kč*"",""price_per_wp_raw"":"""",""price_per_wp_czk_without_vat"":null,""properties"":{""AC jmenovitý výkon (kW)"":""10.00"",""Max. výkon DC generátoru (kWp)"":""20.00"",""Počet nezávislých MPPT (ks)"":""2""},""image_url"":""https://cdn.shop.krannich-solar.com/media/1b/5f/38/1750077740/1757819_e_8_d_1_e8d186aaa30f02d881ddd87d24c8676bb932aff9_krannich_Image_solax_inverter_x3_hybrid_g4_x3_10.0_d.png.png?width=3000"",""has_quantity_discount"":false,""scraped_at"":""2026-07-04T09:57:55.666Z""}"
Krannich Solar;1757820;1757820;X3-HYBRID-12.0-D G4.4;Třífázový hybridní střídač (SVT30889);Střídače;SolaX Power;34417.79;21;ks;https://shop.krannich-solar.com/cs-cz/X3-HYBRID-12.0-D-G4.4/1757820;1 ks na skladě, možné naskladnění: 29.07.2026;"{""categories"":[""Střídače""],""price_raw"":""34 417,79 Kč*"",""price_per_wp_raw"":"""",""price_per_wp_czk_without_vat"":null,""properties"":{""AC jmenovitý výkon (kW)"":""12.00"",""Max. výkon DC generátoru (kWp)"":""24.00"",""Počet nezávislých MPPT (ks)"":""2""},""image_url"":""https://cdn.shop.krannich-solar.com/media/65/8a/ea/1750077741/1757820_5_9_5_b_595b17d7a28507991287b7c1f8e0844f41db1221_krannich_Image_solax_inverter_x3_hybrid_g4_x3_12.0_d.png.png?width=3000"",""has_quantity_discount"":false,""scraped_at"":""2026-07-04T09:58:08.549Z""}"
Krannich Solar;1757821;1757821;X3-HYBRID-15.0-D G4.4;Třífázový hybridní střídač (SVT30890);Střídače;SolaX Power;36883.53;21;ks;https://shop.krannich-solar.com/cs-cz/X3-HYBRID-15.0-D-G4.4/1757821;13 ks na skladě, možné naskladnění: 29.07.2026;"{""categories"":[""Střídače""],""price_raw"":""36 883,53 Kč*"",""price_per_wp_raw"":"""",""price_per_wp_czk_without_vat"":null,""properties"":{""AC jmenovitý výkon (kW)"":""15.00"",""Max. výkon DC generátoru (kWp)"":""30.00"",""Počet nezávislých MPPT (ks)"":""2""},""image_url"":""https://cdn.shop.krannich-solar.com/media/43/83/45/1750077742/1757821_7_e_1_1_7e111eb75f22b51231bc3d6057ee3661ad182236_krannich_Image_solax_inverter_x3_hybrid_g4_x3_15.0_d.png.png?width=3000"",""has_quantity_discount"":false,""scraped_at"":""2026-07-04T09:57:55.667Z""}"
Krannich Solar;1757816;1757816;X3-HYBRID-5.0-D G4.4;Třífázový hybridní střídač (SVT30598);Střídače;SolaX Power;26754.54;21;ks;https://shop.krannich-solar.com/cs-cz/X3-HYBRID-5.0-D-G4.4/1757816;3 ks na skladě, možné naskladnění: 22.07.2026;"{""categories"":[""Střídače""],""price_raw"":""26 754,54 Kč*"",""price_per_wp_raw"":"""",""price_per_wp_czk_without_vat"":null,""properties"":{""AC jmenovitý výkon (kW)"":""5.00"",""Max. výkon DC generátoru (kWp)"":""5.00"",""Počet nezávislých MPPT (ks)"":""2""},""image_url"":""https://cdn.shop.krannich-solar.com/media/9b/98/3c/1750077738/1757816_c_d_0_8_cd08c70185d1241137d2a46072684758cd40b4a8_krannich_Image_solax_inverter_x3_hybrid_g4_x3_5.0_d.png.png?width=3000"",""has_quantity_discount"":false,""scraped_at"":""2026-07-04T09:58:00.765Z""}"
Krannich Solar;1757817;1757817;X3-HYBRID-6.0-D G4.4;Třífázový hybridní střídač (SVT30599);Střídače;SolaX Power;27868.1;21;ks;https://shop.krannich-solar.com/cs-cz/X3-HYBRID-6.0-D-G4.4/1757817;1 ks na skladě, možné naskladnění: 22.07.2026;"{""categories"":[""Střídače""],""price_raw"":""27 868,10 Kč*"",""price_per_wp_raw"":"""",""price_per_wp_czk_without_vat"":null,""properties"":{""AC jmenovitý výkon (kW)"":""6.00"",""Max. výkon DC generátoru (kWp)"":""12.00"",""Počet nezávislých MPPT (ks)"":""2""},""image_url"":""https://cdn.shop.krannich-solar.com/media/59/55/0d/1750077738/1757817_0_6_b_5_06b5633a0056f66186eda504e0c657097b33eb91_krannich_Image_solax_inverter_x3_hybrid_g4_x3_6.0_d.png.png?width=3000"",""has_quantity_discount"":false,""scraped_at"":""2026-07-04T09:58:08.549Z""}"
Krannich Solar;1757818;1757818;X3-HYBRID-8.0-D G4.4;Třífázový hybridní střídač (SVT30596);Střídače;SolaX Power;30042.6;21;ks;https://shop.krannich-solar.com/cs-cz/X3-HYBRID-8.0-D-G4.4/1757818;2 ks na skladě, možné naskladnění: 22.07.2026;"{""categories"":[""Střídače""],""price_raw"":""30 042,60 Kč*"",""price_per_wp_raw"":"""",""price_per_wp_czk_without_vat"":null,""properties"":{""AC jmenovitý výkon (kW)"":""8.00"",""Max. výkon DC generátoru (kWp)"":""16.00"",""Počet nezávislých MPPT (ks)"":""2""},""image_url"":""https://cdn.shop.krannich-solar.com/media/fc/1b/43/1750077739/1757818_4_6_2_e_462ef17f10a121214e693bffab29651e4857d324_krannich_Image_solax_inverter_x3_hybrid_g4_x3_8.0_d.png.png?width=3000"",""has_quantity_discount"":false,""scraped_at"":""2026-07-04T09:58:03.333Z""}"
Krannich Solar;1756164;1756164;X3-IES-10K (SPD TYPE II/AFCI);Třífázový hybridní střídač (SVT36686);Střídače;SolaX Power;34152.49;21;ks;https://shop.krannich-solar.com/cs-cz/X3-IES-10K-SPD-TYPE-II-AFCI/1756164;6 ks na skladě, možné naskladnění: 05.08.2026;"{""categories"":[""Střídače""],""price_raw"":""34 152,49 Kč*"",""price_per_wp_raw"":"""",""price_per_wp_czk_without_vat"":null,""properties"":{""AC jmenovitý výkon (kW)"":""10.00"",""Max. výkon DC generátoru (kWp)"":""20.00"",""Počet nezávislých MPPT (ks)"":""2""},""image_url"":""https://cdn.shop.krannich-solar.com/media/f1/g0/48/1770995318/1756164_2_3_c_3_23c33fde69b4a6bc710f749800de308e84232eea_Solax_X3_IES_IVH.jpg.jpg?width=3000"",""has_quantity_discount"":false,""scraped_at"":""2026-07-04T09:57:58.169Z""}"
Krannich Solar;1756159;1756159;X3-IES-15K;Třífázový hybridní střídač;Střídače;SolaX Power;30382.83;21;ks;https://shop.krannich-solar.com/cs-cz/X3-IES-15K/1756159;3 ks na skladě, poslední kusy;"{""categories"":[""Střídače""],""price_raw"":""30 382,83 Kč*"",""price_per_wp_raw"":"""",""price_per_wp_czk_without_vat"":null,""properties"":{""AC jmenovitý výkon (kW)"":""15.00"",""Max. výkon DC generátoru (kWp)"":""30.00"",""Počet nezávislých MPPT (ks)"":""2""},""image_url"":""https://cdn.shop.krannich-solar.com/media/29/bd/5b/1750077439/1756159_2_3_c_3_23c33fde69b4a6bc710f749800de308e84232eea_Solax_X3_IES_IVH.jpg.jpg?width=3000"",""has_quantity_discount"":false,""scraped_at"":""2026-07-04T09:58:03.332Z""}"
Krannich Solar;1756166;1756166;X3-IES-15K (SPD TYPE II/AFCI);Třífázový hybridní střídač (SVT37041);Střídače;SolaX Power;38235.95;21;ks;https://shop.krannich-solar.com/cs-cz/X3-IES-15K-SPD-TYPE-II-AFCI/1756166;8 ks na skladě, možné naskladnění: 05.08.2026;"{""categories"":[""Střídače""],""price_raw"":""38 235,95 Kč*"",""price_per_wp_raw"":"""",""price_per_wp_czk_without_vat"":null,""properties"":{""AC jmenovitý výkon (kW)"":""15.00"",""Max. výkon DC generátoru (kWp)"":""30.00"",""Počet nezávislých MPPT (ks)"":""2""},""image_url"":""https://cdn.shop.krannich-solar.com/media/d1/16/14/1770995318/1756166_2_3_c_3_23c33fde69b4a6bc710f749800de308e84232eea_Solax_X3_IES_IVH.jpg.jpg?width=3000"",""has_quantity_discount"":false,""scraped_at"":""2026-07-04T09:57:58.169Z""}"
Krannich Solar;1752787;1752787;X3-MATEBOX ADVANCED 1.4;Určeno pro střídače SolaX X3 HYBRID G4 D;Střídače;SolaX Power;14212.44;21;ks;https://shop.krannich-solar.com/cs-cz/X3-MATEBOX-ADVANCED-1.4/1752787;0 ks na skladě, možné naskladnění: 26.08.2026;"{""categories"":[""Střídače"",""Příslušenství""],""price_raw"":""14 212,44 Kč*"",""price_per_wp_raw"":"""",""price_per_wp_czk_without_vat"":null,""properties"":{},""image_url"":""https://cdn.shop.krannich-solar.com/media/97/6d/fd/1750077256/1752787_e_3_e_0_e3e0b4b370408631f3e515415cd700fb9d66c9f1_det_sba_solax_x3_matebox_advanced_v1.4.png.png?width=3000"",""has_quantity_discount"":false,""scraped_at"":""2026-07-04T10:02:29.567Z""}"
Krannich Solar;1752669;1752669;X3-MGA-40K-G2 (AFCI);Třífázový síťový střídač;Střídače;SolaX Power;40636.7;21;ks;https://shop.krannich-solar.com/cs-cz/X3-MGA-40K-G2-AFCI/1752669;3 ks na skladě, možné naskladnění: 14.09.2026;"{""categories"":[""Střídače""],""price_raw"":""40 636,70 Kč*"",""price_per_wp_raw"":"""",""price_per_wp_czk_without_vat"":null,""properties"":{""AC jmenovitý výkon (kW)"":""40.00"",""Max. výkon DC generátoru (kWp)"":""60.00"",""Počet nezávislých MPPT (ks)"":""4""},""image_url"":""https://cdn.shop.krannich-solar.com/media/30/fd/06/1750077247/1752669_0_9_e_9_09e972e7ca06c6e8e68d08cdacbc4bb2a082dbb1_X3_MEGA_G2_2.jpg.jpg?width=3000"",""has_quantity_discount"":false,""scraped_at"":""2026-07-04T09:58:00.765Z""}"
Krannich Solar;1759025;1759025;X3-MGA-40K-G2 10 YEARS;Prodloužení záruky (na díly) o 10 let;Střídače;SolaX Power;20006.25;21;ks;https://shop.krannich-solar.com/cs-cz/X3-MGA-40K-G2-10-YEARS/1759025;0 ks na skladě, možné naskladnění: 13.07.2026;"{""categories"":[""Střídače""],""price_raw"":""20 006,25 Kč*"",""price_per_wp_raw"":"""",""price_per_wp_czk_without_vat"":null,""properties"":{},""image_url"":""https://cdn.shop.krannich-solar.com/media/22/f0/8a/1752537010/1759025_0_3_b_e_03be260f2263f76128bed117205cf679a8fca7f4_Krannich_Icon_warranty_10.png.png?width=3000"",""has_quantity_discount"":false,""scraped_at"":""2026-07-04T09:58:08.550Z""}"
Krannich Solar;1755846;1755846;X3-MGA-40K-G2 5 YEARS;Prodloužení záruky (na díly) o 5 let;Střídače;SolaX Power;8002.5;21;ks;https://shop.krannich-solar.com/cs-cz/X3-MGA-40K-G2-5-YEARS/1755846;0 ks na skladě, možné naskladnění: 13.07.2026;"{""categories"":[""Střídače""],""price_raw"":""8 002,50 Kč*"",""price_per_wp_raw"":"""",""price_per_wp_czk_without_vat"":null,""properties"":{},""image_url"":""https://cdn.shop.krannich-solar.com/media/7f/f4/6d/1752167181/1755846_b_0_1_0_b010573cd20ec7cd10117205ee807e49b2290543_Krannich_Icons_Warranty_5.png.png?width=3000"",""has_quantity_discount"":false,""scraped_at"":""2026-07-04T09:58:11.000Z""}"
Krannich Solar;1752250;1752250;X3-MGA-50K-G2 (AFCI);Třífázový síťový střídač;Střídače;SolaX Power;41820.83;21;ks;https://shop.krannich-solar.com/cs-cz/X3-MGA-50K-G2-AFCI/1752250;0 ks na skladě, možné naskladnění: 07.08.2026;"{""categories"":[""Střídače""],""price_raw"":""41 820,83 Kč*"",""price_per_wp_raw"":"""",""price_per_wp_czk_without_vat"":null,""properties"":{""AC jmenovitý výkon (kW)"":""50.00"",""Max. výkon DC generátoru (kWp)"":""75.00"",""Počet nezávislých MPPT (ks)"":""5""},""image_url"":""https://cdn.shop.krannich-solar.com/media/18/e6/cd/1750077208/1752250_6_a_9_6_6a96ac139cae8ebb2646f41f58eee1c6147c6583_X3_MEGA_G2_2.jpg.jpg?width=3000"",""has_quantity_discount"":false,""scraped_at"":""2026-07-04T10:02:27.115Z""}"
Krannich Solar;1753881;1753881;X3-MGA-50K-G2 5 YEARS;Prodloužení záruky (na díly) o 5 let;Střídače;SolaX Power;9336.25;21;ks;https://shop.krannich-solar.com/cs-cz/X3-MGA-50K-G2-5-YEARS/1753881;0 ks na skladě, možné naskladnění: 13.07.2026;"{""categories"":[""Střídače""],""price_raw"":""9 336,25 Kč*"",""price_per_wp_raw"":"""",""price_per_wp_czk_without_vat"":null,""properties"":{},""image_url"":""https://cdn.shop.krannich-solar.com/media/68/2d/67/1750077318/1753881_a_3_3_1_a3312076e4e1404bf98dfbf34e9c207f2da537ea_Krannich_Icons_Warranty_5.png.png?width=3000"",""has_quantity_discount"":false,""scraped_at"":""2026-07-04T09:58:11.000Z""}"
Krannich Solar;1752252;1752252;X3-MGA-60K-G2 (AFCI);Třífázový síťový střídač;Střídače;SolaX Power;45507.55;21;ks;https://shop.krannich-solar.com/cs-cz/X3-MGA-60K-G2-AFCI/1752252;3 ks na skladě, možné naskladnění: 14.09.2026;"{""categories"":[""Střídače""],""price_raw"":""45 507,55 Kč*"",""price_per_wp_raw"":"""",""price_per_wp_czk_without_vat"":null,""properties"":{""AC jmenovitý výkon (kW)"":""60.00"",""Max. výkon DC generátoru (kWp)"":""90.00"",""Počet nezávislých MPPT (ks)"":""6""},""image_url"":""https://cdn.shop.krannich-solar.com/media/52/f7/b2/1750077209/1752252_7_6_d_0_76d0c8b29d6aa91d7e9568d905138a3f145364fd_X3_MEGA_G2_2.jpg.jpg?width=3000"",""has_quantity_discount"":false,""scraped_at"":""2026-07-04T09:58:03.331Z""}"
Krannich Solar;1753928;1753928;X3-MGA-60K-G2 5 YEARS;Prodloužení záruky (na díly) o 5 let;Střídače;SolaX Power;10670;21;ks;https://shop.krannich-solar.com/cs-cz/X3-MGA-60K-G2-5-YEARS/1753928;0 ks na skladě, možné naskladnění: 13.07.2026;"{""categories"":[""Střídače""],""price_raw"":""10 670,00 Kč*"",""price_per_wp_raw"":"""",""price_per_wp_czk_without_vat"":null,""properties"":{},""image_url"":""https://cdn.shop.krannich-solar.com/media/75/26/f1/1750077313/1753928_f_7_3_0_f730418d9a4a73d3d662e1e841dc9e1de7cf59ce_Krannich_Icons_Warranty_5.png.png?width=3000"",""has_quantity_discount"":false,""scraped_at"":""2026-07-04T09:58:11.000Z""}"
Krannich Solar;1751988;1751988;X3-MIC-10K-G2;Třífázový síťový střídač (SVT31778);Střídače;SolaX Power;17223.56;21;ks;https://shop.krannich-solar.com/cs-cz/X3-MIC-10K-G2/1751988;0 ks na skladě, možné naskladnění: 27.07.2026;"{""categories"":[""Střídače""],""price_raw"":""17 223,56 Kč*"",""price_per_wp_raw"":"""",""price_per_wp_czk_without_vat"":null,""properties"":{""AC jmenovitý výkon (kW)"":""10.00"",""Max. výkon DC generátoru (kWp)"":""20.00"",""Počet nezávislých MPPT (ks)"":""2""},""image_url"":""https://cdn.shop.krannich-solar.com/media/cd/19/84/1750077202/1751988_c_2_6_3_c263589784ace2f11ea1a734c7d7750927c64c9d_krannich_Image_solax_inverter_x3_mic_g2_x3_mic_10k_g2.png.png?width=3000"",""has_quantity_discount"":false,""scraped_at"":""2026-07-04T09:58:23.660Z""}"
Krannich Solar;1752802;1752802;X3-MIC-12K-G2;Třífázový síťový střídač (SVT31810);Střídače;SolaX Power;17869.34;21;ks;https://shop.krannich-solar.com/cs-cz/X3-MIC-12K-G2/1752802;0 ks na skladě, možné naskladnění: 29.07.2026;"{""categories"":[""Střídače""],""price_raw"":""17 869,34 Kč*"",""price_per_wp_raw"":"""",""price_per_wp_czk_without_vat"":null,""properties"":{""AC jmenovitý výkon (kW)"":""12.00"",""Max. výkon DC generátoru (kWp)"":""24.00"",""Počet nezávislých MPPT (ks)"":""2""},""image_url"":""https://cdn.shop.krannich-solar.com/media/83/2d/ac/1750077248/1752802_f_6_a_d_f6ade0fe98575903dbca1ec7db2ef22baa2dee02_det_iv_solax_x3_mic_g2.jpg.jpg?width=3000"",""has_quantity_discount"":false,""scraped_at"":""2026-07-04T09:58:26.205Z""}"
Krannich Solar;1752804;1752804;X3-MIC-15K-G2;Třífázový síťový střídač (SVT31811);Střídače;SolaX Power;18595.87;21;ks;https://shop.krannich-solar.com/cs-cz/X3-MIC-15K-G2/1752804;2 ks na skladě, možné naskladnění: 29.07.2026;"{""categories"":[""Střídače""],""price_raw"":""18 595,87 Kč*"",""price_per_wp_raw"":"""",""price_per_wp_czk_without_vat"":null,""properties"":{""AC jmenovitý výkon (kW)"":""15.00"",""Max. výkon DC generátoru (kWp)"":""30.00"",""Počet nezávislých MPPT (ks)"":""2""},""image_url"":""https://cdn.shop.krannich-solar.com/media/5b/eb/f6/1750077253/1752804_f_6_a_d_f6ade0fe98575903dbca1ec7db2ef22baa2dee02_det_iv_solax_x3_mic_g2.jpg.jpg?width=3000"",""has_quantity_discount"":false,""scraped_at"":""2026-07-04T09:58:03.333Z""}"
Krannich Solar;1751985;1751985;X3-MIC-3K-G2;Třífázový síťový střídač (SVT31806);Střídače;SolaX Power;13751.93;21;ks;https://shop.krannich-solar.com/cs-cz/X3-MIC-3K-G2/1751985;1 ks na skladě, možné naskladnění: 12.08.2026;"{""categories"":[""Střídače""],""price_raw"":""13 751,93 Kč*"",""price_per_wp_raw"":"""",""price_per_wp_czk_without_vat"":null,""properties"":{""AC jmenovitý výkon (kW)"":""3.00"",""Max. výkon DC generátoru (kWp)"":""6.00"",""Počet nezávislých MPPT (ks)"":""2""},""image_url"":""https://cdn.shop.krannich-solar.com/media/46/9d/2e/1750077203/1751985_2_b_0_5_2b0558959f6ffc4df69385028ccf014664f697d6_krannich_Image_solax_inverter_x3_mic_g2_x3_mic_3k_g2.png.png?width=3000"",""has_quantity_discount"":false,""scraped_at"":""2026-07-04T09:58:05.988Z""}"
Krannich Solar;1751986;1751986;X3-MIC-4K-G2;Třífázový síťový střídač (SVT31807);Střídače;SolaX Power;13967.27;21;ks;https://shop.krannich-solar.com/cs-cz/X3-MIC-4K-G2/1751986;0 ks na skladě, možné naskladnění: 27.07.2026;"{""categories"":[""Střídače""],""price_raw"":""13 967,27 Kč*"",""price_per_wp_raw"":"""",""price_per_wp_czk_without_vat"":null,""properties"":{""AC jmenovitý výkon (kW)"":""4.00"",""Max. výkon DC generátoru (kWp)"":""8.00"",""Počet nezávislých MPPT (ks)"":""2""},""image_url"":""https://cdn.shop.krannich-solar.com/media/3f/ab/77/1750077201/1751986_1_f_d_8_1fd864982aaace7e6cbd24b5f419a3c8e11e77f6_krannich_Image_solax_inverter_x3_mic_g2_x3_mic_4k_g2.png.png?width=3000"",""has_quantity_discount"":false,""scraped_at"":""2026-07-04T09:58:23.660Z""}"
Krannich Solar;1751770;1751770;X3-MIC-5K-G2;Třífázový síťový střídač (SVT31808);Střídače;SolaX Power;14290.04;21;ks;https://shop.krannich-solar.com/cs-cz/X3-MIC-5K-G2/1751770;4 ks na skladě, možné naskladnění: 05.08.2026;"{""categories"":[""Střídače""],""price_raw"":""14 290,04 Kč*"",""price_per_wp_raw"":"""",""price_per_wp_czk_without_vat"":null,""properties"":{""AC jmenovitý výkon (kW)"":""5.00"",""Max. výkon DC generátoru (kWp)"":""10.00"",""Počet nezávislých MPPT (ks)"":""2""},""image_url"":""https://cdn.shop.krannich-solar.com/media/b3/86/f3/1750077191/1751770_f_d_5_a_fd5a48db2b03667ee1822c2ffac905b736b8242b_krannich_Image_solax_inverter_x3_mic_g2_x3_mic_5k_g2.png.png?width=3000"",""has_quantity_discount"":false,""scraped_at"":""2026-07-04T09:58:00.765Z""}"
Krannich Solar;1751771;1751771;X3-MIC-6K-G2;Třífázový síťový střídač (SVT31809);Střídače;SolaX Power;15016.81;21;ks;https://shop.krannich-solar.com/cs-cz/X3-MIC-6K-G2/1751771;1 ks na skladě, možné naskladnění: 05.08.2026;"{""categories"":[""Střídače""],""price_raw"":""15 016,81 Kč*"",""price_per_wp_raw"":"""",""price_per_wp_czk_without_vat"":null,""properties"":{""AC jmenovitý výkon (kW)"":""6.00"",""Max. výkon DC generátoru (kWp)"":""12.00"",""Počet nezávislých MPPT (ks)"":""2""},""image_url"":""https://cdn.shop.krannich-solar.com/media/fa/8e/5a/1750077192/1751771_8_7_d_a_87da6612d37fc5e33ce9b251399b4bbbf3cee74b_krannich_Image_solax_inverter_x3_mic_g2_x3_mic_6k_g2.png.png?width=3000"",""has_quantity_discount"":false,""scraped_at"":""2026-07-04T09:58:08.550Z""}"
Krannich Solar;1751987;1751987;X3-MIC-8K-G2;Třífázový síťový střídač (SVT31777);Střídače;SolaX Power;16039.44;21;ks;https://shop.krannich-solar.com/cs-cz/X3-MIC-8K-G2/1751987;0 ks na skladě, možné naskladnění: 05.08.2026;"{""categories"":[""Střídače""],""price_raw"":""16 039,44 Kč*"",""price_per_wp_raw"":"""",""price_per_wp_czk_without_vat"":null,""properties"":{""AC jmenovitý výkon (kW)"":""8.00"",""Max. výkon DC generátoru (kWp)"":""16.00"",""Počet nezávislých MPPT (ks)"":""2""},""image_url"":""https://cdn.shop.krannich-solar.com/media/cd/18/97/1750077202/1751987_1_4_c_2_14c28997ec899a273ecdeb8821dbd1d535f53ed9_krannich_Image_solax_inverter_x3_mic_g2_x3_mic_8k_g2.png.png?width=3000"",""has_quantity_discount"":false,""scraped_at"":""2026-07-04T10:02:24.600Z""}"
Krannich Solar;1751773;1751773;X3-PRO-10K-G2;Třífázový síťový střídač (SVT32053);Střídače;SolaX Power;20614.2;21;ks;https://shop.krannich-solar.com/cs-cz/X3-PRO-10K-G2/1751773;0 ks na skladě, možné naskladnění: 05.08.2026;"{""categories"":[""Střídače""],""price_raw"":""20 614,20 Kč*"",""price_per_wp_raw"":"""",""price_per_wp_czk_without_vat"":null,""properties"":{""AC jmenovitý výkon (kW)"":""10.00"",""Max. výkon DC generátoru (kWp)"":""15.00"",""Počet nezávislých MPPT (ks)"":""2""},""image_url"":""https://cdn.shop.krannich-solar.com/media/c8/c7/9b/1750077189/1751773_9_4_9_4_9494d9086a288259ef4bb2c1c45ba18a9d935d55_krannich_Image_solax_inverter_x3_pro_g2_x3_pro_10k_g2.png.png?width=3000"",""has_quantity_discount"":false,""scraped_at"":""2026-07-04T10:02:24.600Z""}"
Krannich Solar;1753929;1753929;X3-PRO-10K-G2 5 YEARS;Prodloužení záruky (na díly) o 5 let;Střídače;SolaX Power;6402;21;ks;https://shop.krannich-solar.com/cs-cz/X3-PRO-10K-G2-5-YEARS/1753929;0 ks na skladě, možné naskladnění: 13.07.2026;"{""categories"":[""Střídače""],""price_raw"":""6 402,00 Kč*"",""price_per_wp_raw"":"""",""price_per_wp_czk_without_vat"":null,""properties"":{},""image_url"":""https://cdn.shop.krannich-solar.com/media/f1/7e/dc/1750077314/1753929_f_a_4_c_fa4cad08371578c99b1cd1c23673bc5473e07b22_Krannich_Icons_Warranty_5.png.png?width=3000"",""has_quantity_discount"":false,""scraped_at"":""2026-07-04T09:58:08.550Z""}"
Krannich Solar;1751774;1751774;X3-PRO-12K-G2;Třífázový síťový střídač (SVT32054);Střídače;SolaX Power;21340.97;21;ks;https://shop.krannich-solar.com/cs-cz/X3-PRO-12K-G2/1751774;0 ks na skladě, možné naskladnění: 05.08.2026;"{""categories"":[""Střídače""],""price_raw"":""21 340,97 Kč*"",""price_per_wp_raw"":"""",""price_per_wp_czk_without_vat"":null,""properties"":{""AC jmenovitý výkon (kW)"":""12.00"",""Max. výkon DC generátoru (kWp)"":""18.00"",""Počet nezávislých MPPT (ks)"":""2""},""image_url"":""https://cdn.shop.krannich-solar.com/media/b4/94/23/1750077189/1751774_a_e_4_c_ae4ca2ded698bc2740bacf02870588ba3093a5d5_krannich_Image_solax_inverter_x3_pro_g2_x3_pro_12k_g2.png.png?width=3000"",""has_quantity_discount"":false,""scraped_at"":""2026-07-04T10:02:24.600Z""}"
Krannich Solar;1753930;1753930;X3-PRO-12K-G2 5 YEARS;Prodloužení záruky (na díly) o 5 let;Střídače;SolaX Power;7202.25;21;ks;https://shop.krannich-solar.com/cs-cz/X3-PRO-12K-G2-5-YEARS/1753930;0 ks na skladě, možné naskladnění: 13.07.2026;"{""categories"":[""Střídače""],""price_raw"":""7 202,25 Kč*"",""price_per_wp_raw"":"""",""price_per_wp_czk_without_vat"":null,""properties"":{},""image_url"":""https://cdn.shop.krannich-solar.com/media/d6/5d/09/1750077314/1753930_9_8_7_1_987175dba53a5f5457a56b29e13ad9378adadddd_Krannich_Icons_Warranty_5.png.png?width=3000"",""has_quantity_discount"":false,""scraped_at"":""2026-07-04T09:58:11.000Z""}"
Krannich Solar;1751775;1751775;X3-PRO-15K-G2;Třífázový síťový střídač (SVT32065);Střídače;SolaX Power;22255.92;21;ks;https://shop.krannich-solar.com/cs-cz/X3-PRO-15K-G2/1751775;2 ks na skladě, možné naskladnění: 05.08.2026;"{""categories"":[""Střídače""],""price_raw"":""22 255,92 Kč*"",""price_per_wp_raw"":"""",""price_per_wp_czk_without_vat"":null,""properties"":{""AC jmenovitý výkon (kW)"":""15.00"",""Max. výkon DC generátoru (kWp)"":""22.50"",""Počet nezávislých MPPT (ks)"":""2""},""image_url"":""https://cdn.shop.krannich-solar.com/media/6f/75/51/1750077183/1751775_2_7_d_a_27daf14605561b3c431bfd79aca5b1ac0fcb97fc_krannich_Image_solax_inverter_x3_pro_g2_x3_pro_15k_g2.png.png?width=3000"",""has_quantity_discount"":false,""scraped_at"":""2026-07-04T09:58:03.333Z""}"
Krannich Solar;1753931;1753931;X3-PRO-15K-G2 5 YEARS;Prodloužení záruky (na díly) o 5 let;Střídače;SolaX Power;7202.25;21;ks;https://shop.krannich-solar.com/cs-cz/X3-PRO-15K-G2-5-YEARS/1753931;0 ks na skladě, možné naskladnění: 13.07.2026;"{""categories"":[""Střídače""],""price_raw"":""7 202,25 Kč*"",""price_per_wp_raw"":"""",""price_per_wp_czk_without_vat"":null,""properties"":{},""image_url"":""https://cdn.shop.krannich-solar.com/media/ed/9a/c6/1750077317/1753931_8_c_e_f_8cef9dddd646b4e7381db60bbb847ebf4f9db93e_Krannich_Icons_Warranty_5.png.png?width=3000"",""has_quantity_discount"":false,""scraped_at"":""2026-07-04T09:58:08.550Z""}"
Krannich Solar;1751776;1751776;X3-PRO-17K-G2;Třífázový síťový střídač (SVT33848);Střídače;SolaX Power;22982.7;21;ks;https://shop.krannich-solar.com/cs-cz/X3-PRO-17K-G2/1751776;2 ks na skladě, možné naskladnění: 05.08.2026;"{""categories"":[""Střídače""],""price_raw"":""22 982,70 Kč*"",""price_per_wp_raw"":"""",""price_per_wp_czk_without_vat"":null,""properties"":{""AC jmenovitý výkon (kW)"":""17.00"",""Max. výkon DC generátoru (kWp)"":""25.50"",""Počet nezávislých MPPT (ks)"":""2""},""image_url"":""https://cdn.shop.krannich-solar.com/media/5d/00/7c/1750077184/1751776_9_c_5_d_9c5d0657a03cf174a6313ad2e477255c76b11b30_krannich_Image_solax_inverter_x3_pro_g2_x3_pro_17k_g2.png.png?width=3000"",""has_quantity_discount"":false,""scraped_at"":""2026-07-04T09:58:05.986Z""}"
Krannich Solar;1753932;1753932;X3-PRO-17K-G2 5 YEARS;Prodloužení záruky (na díly) o 5 let;Střídače;SolaX Power;13337.5;21;ks;https://shop.krannich-solar.com/cs-cz/X3-PRO-17K-G2-5-YEARS/1753932;0 ks na skladě, možné naskladnění: 13.07.2026;"{""categories"":[""Střídače""],""price_raw"":""13 337,50 Kč*"",""price_per_wp_raw"":"""",""price_per_wp_czk_without_vat"":null,""properties"":{},""image_url"":""https://cdn.shop.krannich-solar.com/media/3f/a7/45/1750077317/1753932_4_e_c_e_4ece3f85538a96f93eff06f3d33643dd5eb090a5_Krannich_Icons_Warranty_5.png.png?width=3000"",""has_quantity_discount"":false,""scraped_at"":""2026-07-04T09:58:08.550Z""}"
Krannich Solar;1751777;1751777;X3-PRO-20K-G2;Třífázový síťový střídač (SVT32608);Střídače;SolaX Power;25727.55;21;ks;https://shop.krannich-solar.com/cs-cz/X3-PRO-20K-G2/1751777;0 ks na skladě, možné naskladnění: 05.08.2026;"{""categories"":[""Střídače""],""price_raw"":""25 727,55 Kč*"",""price_per_wp_raw"":"""",""price_per_wp_czk_without_vat"":null,""properties"":{""AC jmenovitý výkon (kW)"":""20.00"",""Max. výkon DC generátoru (kWp)"":""30.00"",""Počet nezávislých MPPT (ks)"":""2""},""image_url"":""https://cdn.shop.krannich-solar.com/media/e5/f9/3d/1750077188/1751777_e_8_d_9_e8d947289628d33b34a46f84c8362c64748345be_krannich_Image_solax_inverter_x3_pro_g2_x3_pro_20k_g2.png.png?width=3000"",""has_quantity_discount"":false,""scraped_at"":""2026-07-04T10:02:24.600Z""}"
Krannich Solar;1753933;1753933;X3-PRO-20K-G2 5 YEARS;Prodloužení záruky (na díly) o 5 let;Střídače;SolaX Power;13337.5;21;ks;https://shop.krannich-solar.com/cs-cz/X3-PRO-20K-G2-5-YEARS/1753933;0 ks na skladě, možné naskladnění: 13.07.2026;"{""categories"":[""Střídače""],""price_raw"":""13 337,50 Kč*"",""price_per_wp_raw"":"""",""price_per_wp_czk_without_vat"":null,""properties"":{},""image_url"":""https://cdn.shop.krannich-solar.com/media/a0/90/b3/1750077317/1753933_0_5_d_8_05d8dc25a1642e00feb923fb5ee68caf4c3a7049_Krannich_Icons_Warranty_5.png.png?width=3000"",""has_quantity_discount"":false,""scraped_at"":""2026-07-04T09:58:11.000Z""}"
Krannich Solar;1751778;1751778;X3-PRO-25K-G2;Třífázový síťový střídač (SVT32609);Střídače;SolaX Power;28284.23;21;ks;https://shop.krannich-solar.com/cs-cz/X3-PRO-25K-G2/1751778;1 ks na skladě, možné naskladnění: 05.08.2026;"{""categories"":[""Střídače""],""price_raw"":""28 284,23 Kč*"",""price_per_wp_raw"":"""",""price_per_wp_czk_without_vat"":null,""properties"":{""AC jmenovitý výkon (kW)"":""25.00"",""Max. výkon DC generátoru (kWp)"":""37.50"",""Počet nezávislých MPPT (ks)"":""3""},""image_url"":""https://cdn.shop.krannich-solar.com/media/9e/83/cd/1750077181/1751778_e_7_3_c_e73c575c5952cdd00a31b1990a0c826ce6e3eb5e_krannich_Image_solax_inverter_x3_pro_g2_x3_pro_25k_g2.png.png?width=3000"",""has_quantity_discount"":false,""scraped_at"":""2026-07-04T09:58:05.988Z""}"
Krannich Solar;1753934;1753934;X3-PRO-25K-G2 5 YEARS;Prodloužení záruky (na díly) o 5 let;Střídače;SolaX Power;14671.25;21;ks;https://shop.krannich-solar.com/cs-cz/X3-PRO-25K-G2-5-YEARS/1753934;0 ks na skladě, možné naskladnění: 13.07.2026;"{""categories"":[""Střídače""],""price_raw"":""14 671,25 Kč*"",""price_per_wp_raw"":"""",""price_per_wp_czk_without_vat"":null,""properties"":{},""image_url"":""https://cdn.shop.krannich-solar.com/media/52/6a/97/1750077318/1753934_4_8_3_8_48381fbeb3b79a0b84c6ebf26c7cf867135f0471_Krannich_Icons_Warranty_5.png.png?width=3000"",""has_quantity_discount"":false,""scraped_at"":""2026-07-04T09:58:11.000Z""}"
Krannich Solar;1751779;1751779;X3-PRO-30K-G2;Třífázový síťový střídač (SVT32610);Střídače;SolaX Power;30141.06;21;ks;https://shop.krannich-solar.com/cs-cz/X3-PRO-30K-G2/1751779;4 ks na skladě, možné naskladnění: 29.07.2026;"{""categories"":[""Střídače""],""price_raw"":""30 141,06 Kč*"",""price_per_wp_raw"":"""",""price_per_wp_czk_without_vat"":null,""properties"":{""AC jmenovitý výkon (kW)"":""30.00"",""Max. výkon DC generátoru (kWp)"":""45.00"",""Počet nezávislých MPPT (ks)"":""3""},""image_url"":""https://cdn.shop.krannich-solar.com/media/70/b8/4f/1750077182/1751779_b_5_6_1_b5611d5d3a302b4a5cac1e285ef456a5c7590940_krannich_Image_solax_inverter_x3_pro_g2_x3_pro_30k_g2.png.png?width=3000"",""has_quantity_discount"":false,""scraped_at"":""2026-07-04T09:58:00.764Z""}"
Krannich Solar;1753935;1753935;X3-PRO-30K-G2 5 YEARS;Prodloužení záruky (na díly) o 5 let;Střídače;SolaX Power;16005;21;ks;https://shop.krannich-solar.com/cs-cz/X3-PRO-30K-G2-5-YEARS/1753935;0 ks na skladě, možné naskladnění: 13.07.2026;"{""categories"":[""Střídače""],""price_raw"":""16 005,00 Kč*"",""price_per_wp_raw"":"""",""price_per_wp_czk_without_vat"":null,""properties"":{},""image_url"":""https://cdn.shop.krannich-solar.com/media/f1/28/c0/1750077313/1753935_e_8_8_4_e8848dd425d34462c4671700e8333d05c609c34a_Krannich_Icons_Warranty_5.png.png?width=3000"",""has_quantity_discount"":false,""scraped_at"":""2026-07-04T09:58:11.000Z""}"
Krannich Solar;1751772;1751772;X3-PRO-8K-G2;Třífázový síťový střídač (SVT32051);Střídače;SolaX Power;19833.83;21;ks;https://shop.krannich-solar.com/cs-cz/X3-PRO-8K-G2/1751772;3 ks na skladě, možné naskladnění: 05.08.2026;"{""categories"":[""Střídače""],""price_raw"":""19 833,83 Kč*"",""price_per_wp_raw"":"""",""price_per_wp_czk_without_vat"":null,""properties"":{""AC jmenovitý výkon (kW)"":""8.00"",""Max. výkon DC generátoru (kWp)"":""12.00"",""Počet nezávislých MPPT (ks)"":""2""},""image_url"":""https://cdn.shop.krannich-solar.com/media/4d/35/6a/1750077185/1751772_6_4_f_a_64fa3a301aa6818eafc6890a1214d3961009cb55_krannich_Image_solax_inverter_x3_pro_g2_x3_pro_8k_g2.png.png?width=3000"",""has_quantity_discount"":false,""scraped_at"":""2026-07-04T09:58:00.765Z""}"
Krannich Solar;1753949;1753949;X3-PRO-8K-G2 5 YEARS;Prodloužení záruky (na díly) o 5 let;Střídače;SolaX Power;6135.25;21;ks;https://shop.krannich-solar.com/cs-cz/X3-PRO-8K-G2-5-YEARS/1753949;0 ks na skladě, možné naskladnění: 13.07.2026;"{""categories"":[""Střídače""],""price_raw"":""6 135,25 Kč*"",""price_per_wp_raw"":"""",""price_per_wp_czk_without_vat"":null,""properties"":{},""image_url"":""https://cdn.shop.krannich-solar.com/media/e2/42/08/1750077315/1753949_1_c_6_3_1c63c9d7f02140c1e9be9dcfe551b3aac33753ae_Krannich_Icons_Warranty_5.png.png?width=3000"",""has_quantity_discount"":false,""scraped_at"":""2026-07-04T09:58:11.000Z""}"
Krannich Solar;1755097;1755097;X3-ULTRA-15K (SPD TYPE II/AFCI/WIFI+LAN);Třífázový hybridní střídač s AFCI (SVT35448);Střídače;SolaX Power;48400.58;21;ks;https://shop.krannich-solar.com/cs-cz/X3-ULTRA-15K-SPD-TYPE-II-AFCI-WIFI-LAN/1755097;3 ks na skladě, možné naskladnění: 30.09.2026;"{""categories"":[""Střídače""],""price_raw"":""48 400,58 Kč*"",""price_per_wp_raw"":"""",""price_per_wp_czk_without_vat"":null,""properties"":{""AC jmenovitý výkon (kW)"":""15.00"",""Max. výkon DC generátoru (kWp)"":""30.00"",""Počet nezávislých MPPT (ks)"":""2""},""image_url"":""https://cdn.shop.krannich-solar.com/media/94/0a/dd/1750077389/1755097_b_5_7_a_b57a75bae327caabbfdbae1e103a009ef06ac620_det_ivh_solax_x3_ultra_15_30k.png.png?width=3000"",""has_quantity_discount"":false,""scraped_at"":""2026-07-04T09:58:03.332Z""}"
Krannich Solar;1759170;1759170;X3-ULTRA-15KP (SPD TYPE II/AFCI/WIFI+LAN);Třífázový hybridní střídač s AFCI (SVT35802);Střídače;SolaX Power;52396.98;21;ks;https://shop.krannich-solar.com/cs-cz/X3-ULTRA-15KP-SPD-TYPE-II-AFCI-WIFI-LAN/1759170;1 ks na skladě, možné naskladnění: 30.09.2026;"{""categories"":[""Střídače""],""price_raw"":""52 396,98 Kč*"",""price_per_wp_raw"":"""",""price_per_wp_czk_without_vat"":null,""properties"":{""AC jmenovitý výkon (kW)"":""15.00"",""Max. výkon DC generátoru (kWp)"":""30.00"",""Počet nezávislých MPPT (ks)"":""3""},""image_url"":""https://cdn.shop.krannich-solar.com/media/c5/2a/1d/1750379191/1759170_b_5_7_a_b57a75bae327caabbfdbae1e103a009ef06ac620_det_ivh_solax_x3_ultra_15_30k.png.png?width=3000"",""has_quantity_discount"":false,""scraped_at"":""2026-07-04T09:58:05.988Z""}"
Krannich Solar;1755099;1755099;X3-ULTRA-20K (SPD TYPE II/AFCI/WIFI+LAN);Třífázový hybridní střídač s AFCI (SVT35449);Střídače;SolaX Power;49785.01;21;ks;https://shop.krannich-solar.com/cs-cz/X3-ULTRA-20K-SPD-TYPE-II-AFCI-WIFI-LAN/1755099;0 ks na skladě, možné naskladnění: 20.07.2026;"{""categories"":[""Střídače""],""price_raw"":""49 785,01 Kč*"",""price_per_wp_raw"":"""",""price_per_wp_czk_without_vat"":null,""properties"":{""AC jmenovitý výkon (kW)"":""20.00"",""Max. výkon DC generátoru (kWp)"":""40.00"",""Počet nezávislých MPPT (ks)"":""2""},""image_url"":""https://cdn.shop.krannich-solar.com/media/e4/7a/4f/1750077393/1755099_7_5_4_4_754402db8cd72a87ee55c3a11332e75ff8bb938f_det_ivh_solax_x3_ultra_15_30k.png.png?width=3000"",""has_quantity_discount"":false,""scraped_at"":""2026-07-04T09:58:13.564Z""}"
Krannich Solar;1759171;1759171;X3-ULTRA-20KP (SPD TYPE II/AFCI/WIFI+LAN);Třífázový hybridní střídač s AFCI (SVT35885);Střídače;SolaX Power;49785.01;21;ks;https://shop.krannich-solar.com/cs-cz/X3-ULTRA-20KP-SPD-TYPE-II-AFCI-WIFI-LAN/1759171;3 ks na skladě, možné naskladnění: 07.09.2026;"{""categories"":[""Střídače""],""price_raw"":""49 785,01 Kč*"",""price_per_wp_raw"":"""",""price_per_wp_czk_without_vat"":null,""properties"":{""AC jmenovitý výkon (kW)"":""20.00"",""Max. výkon DC generátoru (kWp)"":""40.00"",""Počet nezávislých MPPT (ks)"":""3""},""image_url"":""https://cdn.shop.krannich-solar.com/media/ec/27/93/1750379191/1759171_7_5_4_4_754402db8cd72a87ee55c3a11332e75ff8bb938f_det_ivh_solax_x3_ultra_15_30k.png.png?width=3000"",""has_quantity_discount"":false,""scraped_at"":""2026-07-04T09:58:00.765Z""}"
Krannich Solar;1755100;1755100;X3-ULTRA-25K (SPD TYPE II/AFCI/WIFI+LAN);Třífázový hybridní střídač s AFCI (SVT35447);Střídače;SolaX Power;51117.06;21;ks;https://shop.krannich-solar.com/cs-cz/X3-ULTRA-25K-SPD-TYPE-II-AFCI-WIFI-LAN/1755100;13 ks na skladě, možné naskladnění: 27.07.2026;"{""categories"":[""Střídače""],""price_raw"":""51 117,06 Kč*"",""price_per_wp_raw"":"""",""price_per_wp_czk_without_vat"":null,""properties"":{""AC jmenovitý výkon (kW)"":""25.00"",""Max. výkon DC generátoru (kWp)"":""50.00"",""Počet nezávislých MPPT (ks)"":""3""},""image_url"":""https://cdn.shop.krannich-solar.com/media/89/f6/86/1750077386/1755100_5_a_d_1_5ad1b787488e5a49410b05cce4c7a800af858b70_det_ivh_solax_x3_ultra_15_30k.png.png?width=3000"",""has_quantity_discount"":false,""scraped_at"":""2026-07-04T09:57:55.667Z""}"
Krannich Solar;1755101;1755101;X3-ULTRA-30K (SPD TYPE II/AFCI/WIFI+LAN);Třífázový hybridní střídač s AFCI (SVT35450);Střídače;SolaX Power;56497.9;21;ks;https://shop.krannich-solar.com/cs-cz/X3-ULTRA-30K-SPD-TYPE-II-AFCI-WIFI-LAN/1755101;12 ks na skladě, možné naskladnění: 20.07.2026;"{""categories"":[""Střídače""],""price_raw"":""56 497,90 Kč*"",""price_per_wp_raw"":"""",""price_per_wp_czk_without_vat"":null,""properties"":{""AC jmenovitý výkon (kW)"":""30.00"",""Max. výkon DC generátoru (kWp)"":""60.00"",""Počet nezávislých MPPT (ks)"":""3""},""image_url"":""https://cdn.shop.krannich-solar.com/media/44/d9/e0/1750077390/1755101_6_6_9_6_6696326ec52790075a887b58f3849948d720a7da_det_ivh_solax_x3_ultra_15_30k.png.png?width=3000"",""has_quantity_discount"":false,""scraped_at"":""2026-07-04T09:57:55.667Z""}"
Krannich Solar;1763663;1763663;XHub;Komunikační jednotka;Střídače;SolaX Power;6378.48;21;ks;https://shop.krannich-solar.com/cs-cz/XHub/1763663;1 ks na skladě, možné naskladnění: 05.08.2026;"{""categories"":[""Střídače""],""price_raw"":""6 378,48 Kč*"",""price_per_wp_raw"":"""",""price_per_wp_czk_without_vat"":null,""properties"":{},""image_url"":""https://cdn.shop.krannich-solar.com/media/29/77/1d/1779895273/1763663_b_8_1_e_b81e7ad05ee9d761456ce36a84cbbcf9efe8d66c_det_dcl_solax_xhub.png.png?width=3000"",""has_quantity_discount"":false,""scraped_at"":""2026-07-04T09:58:05.987Z""}"
Krannich Solar;1757416;1757416;LAN MODULE;Komunikační modul LAN ke střídačům Solinteg;Střídače;Solinteg;2.67;21;ks;https://shop.krannich-solar.com/cs-cz/LAN-MODULE/1757416;0 ks na skladě, možné naskladnění: 12.08.2026;"{""categories"":[""Střídače""],""price_raw"":""2,67 Kč*"",""price_per_wp_raw"":"""",""price_per_wp_czk_without_vat"":null,""properties"":{},""image_url"":""https://cdn.shop.krannich-solar.com/media/81/55/b5/1750077629/1757416_4_0_9_6_40966d8869ddd35f6831813e786147197ab65493_LAN.4.png.png?width=3000"",""has_quantity_discount"":false,""scraped_at"":""2026-07-04T10:02:27.115Z""}"
Krannich Solar;1754922;1754922;LAN MODULE;Komunikační modul LAN ke střídačům Solinteg;Střídače;Solinteg;460.02;21;ks;https://shop.krannich-solar.com/cs-cz/LAN-MODULE/1754922;0 ks na skladě, možné naskladnění: 12.08.2026;"{""categories"":[""Střídače""],""price_raw"":""460,02 Kč*"",""price_per_wp_raw"":"""",""price_per_wp_czk_without_vat"":null,""properties"":{},""image_url"":""https://cdn.shop.krannich-solar.com/media/95/4d/bd/1750077359/1754922_4_0_9_6_40966d8869ddd35f6831813e786147197ab65493_LAN.4.png.png?width=3000"",""has_quantity_discount"":false,""scraped_at"":""2026-07-04T10:02:27.115Z""}"
Krannich Solar;1764474;1764474;M2HT-25K-150 5 YEARS;Prodloužení záruky o 5 let;Střídače;Solinteg;14404.5;21;ks;https://shop.krannich-solar.com/cs-cz/M2HT-25K-150-5-YEARS/1764474;0 ks na skladě, možné naskladnění: 29.07.2026;"{""categories"":[""Střídače""],""price_raw"":""14 404,50 Kč*"",""price_per_wp_raw"":"""",""price_per_wp_czk_without_vat"":null,""properties"":{},""image_url"":""https://cdn.shop.krannich-solar.com/media/88/aa/9c/1779342708/1764474_6_6_5_4_6654a77da923db7298fcedbce43a5138ad560828_Krannich_Icons_Warranty_5.png.png?width=3000"",""has_quantity_discount"":false,""scraped_at"":""2026-07-04T09:58:23.661Z""}"
Krannich Solar;1763239;1763239;M2HT-29.9K-150;Třífázový hybridní střídač;Střídače;Solinteg;80311.64;21;ks;https://shop.krannich-solar.com/cs-cz/M2HT-29.9K-150/1763239;4 ks na skladě, možné naskladnění: 30.07.2026;"{""categories"":[""Střídače""],""price_raw"":""80 311,64 Kč*"",""price_per_wp_raw"":"""",""price_per_wp_czk_without_vat"":null,""properties"":{""AC jmenovitý výkon (kW)"":""29.90"",""Max. výkon DC generátoru (kWp)"":""60.00"",""Počet nezávislých MPPT (ks)"":""4""},""image_url"":""https://cdn.shop.krannich-solar.com/media/8c/f1/43/1773611506/1763239_2_3_6_6_23662f48b2caa4d827894b41bedc55f7b78f51c0_det_ivh_sog_m2ht_25k_150_50k_150.png.png?width=3000"",""has_quantity_discount"":false,""scraped_at"":""2026-07-04T09:57:58.170Z""}"
Krannich Solar;1764475;1764475;M2HT-29.9K-150 5 YEARS;Prodloužení záruky o 5 let;Střídače;Solinteg;14404.5;21;ks;https://shop.krannich-solar.com/cs-cz/M2HT-29.9K-150-5-YEARS/1764475;0 ks na skladě, možné naskladnění: 29.07.2026;"{""categories"":[""Střídače""],""price_raw"":""14 404,50 Kč*"",""price_per_wp_raw"":"""",""price_per_wp_czk_without_vat"":null,""properties"":{},""image_url"":""https://cdn.shop.krannich-solar.com/media/d9/f9/5e/1779342708/1764475_6_6_5_4_6654a77da923db7298fcedbce43a5138ad560828_Krannich_Icons_Warranty_5.png.png?width=3000"",""has_quantity_discount"":false,""scraped_at"":""2026-07-04T09:58:23.661Z""}"
Krannich Solar;1763240;1763240;M2HT-30K-150;Třífázový hybridní střídač;Střídače;Solinteg;80311.64;21;ks;https://shop.krannich-solar.com/cs-cz/M2HT-30K-150/1763240;0 ks na skladě, možné naskladnění: 05.08.2026;"{""categories"":[""Střídače""],""price_raw"":""80 311,64 Kč*"",""price_per_wp_raw"":"""",""price_per_wp_czk_without_vat"":null,""properties"":{""AC jmenovitý výkon (kW)"":""30.00"",""Max. výkon DC generátoru (kWp)"":""60.00"",""Počet nezávislých MPPT (ks)"":""4""},""image_url"":""https://cdn.shop.krannich-solar.com/media/af/46/7f/1773611506/1763240_2_3_6_6_23662f48b2caa4d827894b41bedc55f7b78f51c0_det_ivh_sog_m2ht_25k_150_50k_150.png.png?width=3000"",""has_quantity_discount"":false,""scraped_at"":""2026-07-04T09:58:28.854Z""}"
Krannich Solar;1764476;1764476;M2HT-30K-150 5 YEARS;Prodloužení záruky o 5 let;Střídače;Solinteg;14404.5;21;ks;https://shop.krannich-solar.com/cs-cz/M2HT-30K-150-5-YEARS/1764476;0 ks na skladě, možné naskladnění: 29.07.2026;"{""categories"":[""Střídače""],""price_raw"":""14 404,50 Kč*"",""price_per_wp_raw"":"""",""price_per_wp_czk_without_vat"":null,""properties"":{},""image_url"":""https://cdn.shop.krannich-solar.com/media/9e/8b/3a/1779342708/1764476_6_6_5_4_6654a77da923db7298fcedbce43a5138ad560828_Krannich_Icons_Warranty_5.png.png?width=3000"",""has_quantity_discount"":false,""scraped_at"":""2026-07-04T09:58:23.661Z""}"
Krannich Solar;1763236;1763236;M2HT-40K-150;Třífázový hybridní střídač;Střídače;Solinteg;81854.67;21;ks;https://shop.krannich-solar.com/cs-cz/M2HT-40K-150/1763236;3 ks na skladě, možné naskladnění: 05.08.2026;"{""categories"":[""Střídače""],""price_raw"":""81 854,67 Kč*"",""price_per_wp_raw"":"""",""price_per_wp_czk_without_vat"":null,""properties"":{""AC jmenovitý výkon (kW)"":""40.00"",""Max. výkon DC generátoru (kWp)"":""80.00"",""Počet nezávislých MPPT (ks)"":""4""},""image_url"":""https://cdn.shop.krannich-solar.com/media/bf/71/43/1773609695/1763236_2_3_6_6_23662f48b2caa4d827894b41bedc55f7b78f51c0_det_ivh_sog_m2ht_25k_150_50k_150.png.png?width=3000"",""has_quantity_discount"":false,""scraped_at"":""2026-07-04T09:58:00.765Z""}"
Krannich Solar;1764477;1764477;M2HT-40K-150 5 YEARS;Prodloužení záruky o 5 let;Střídače;Solinteg;16005;21;ks;https://shop.krannich-solar.com/cs-cz/M2HT-40K-150-5-YEARS/1764477;0 ks na skladě, možné naskladnění: 29.07.2026;"{""categories"":[""Střídače""],""price_raw"":""16 005,00 Kč*"",""price_per_wp_raw"":"""",""price_per_wp_czk_without_vat"":null,""properties"":{},""image_url"":""https://cdn.shop.krannich-solar.com/media/00/70/7c/1779342709/1764477_6_6_5_4_6654a77da923db7298fcedbce43a5138ad560828_Krannich_Icons_Warranty_5.png.png?width=3000"",""has_quantity_discount"":false,""scraped_at"":""2026-07-04T09:58:23.661Z""}"
Krannich Solar;1762028;1762028;M2HT-50K-150;Třífázový hybridní střídač;Střídače;Solinteg;83424.61;21;ks;https://shop.krannich-solar.com/cs-cz/M2HT-50K-150/1762028;0 ks na skladě, možné naskladnění: 24.07.2026;"{""categories"":[""Střídače""],""price_raw"":""83 424,61 Kč*"",""price_per_wp_raw"":"""",""price_per_wp_czk_without_vat"":null,""properties"":{""AC jmenovitý výkon (kW)"":""50.00"",""Max. výkon DC generátoru (kWp)"":""100.00"",""Počet nezávislých MPPT (ks)"":""4""},""image_url"":""https://cdn.shop.krannich-solar.com/media/de/a8/bf/1758182783/1762028_6_1_9_1_619188c694333c89f41dff4c5422dedccdf5aa05_det_ivh_sog_m2ht_25k_150_50k_150.png.png?width=3000"",""has_quantity_discount"":false,""scraped_at"":""2026-07-04T09:58:21.286Z""}"
Krannich Solar;1764478;1764478;M2HT-50K-150 5 YEARS;Prodloužení záruky o 5 let;Střídače;Solinteg;16005;21;ks;https://shop.krannich-solar.com/cs-cz/M2HT-50K-150-5-YEARS/1764478;0 ks na skladě, možné naskladnění: 29.07.2026;"{""categories"":[""Střídače""],""price_raw"":""16 005,00 Kč*"",""price_per_wp_raw"":"""",""price_per_wp_czk_without_vat"":null,""properties"":{},""image_url"":""https://cdn.shop.krannich-solar.com/media/41/c3/81/1779344523/1764478_6_6_5_4_6654a77da923db7298fcedbce43a5138ad560828_Krannich_Icons_Warranty_5.png.png?width=3000"",""has_quantity_discount"":false,""scraped_at"":""2026-07-04T09:58:23.661Z""}"
Krannich Solar;1754550;1754550;MHT-10K-25;Třífázový hybridní střídač (SVT33429);Střídače;Solinteg;22331.34;21;ks;https://shop.krannich-solar.com/cs-cz/MHT-10K-25/1754550;86 ks na skladě, možné naskladnění: 05.08.2026;"{""categories"":[""Střídače""],""price_raw"":""22 331,34 Kč*"",""price_per_wp_raw"":"""",""price_per_wp_czk_without_vat"":null,""properties"":{""AC jmenovitý výkon (kW)"":""10.00"",""Max. výkon DC generátoru (kWp)"":""15.00"",""Počet nezávislých MPPT (ks)"":""2""},""image_url"":""https://cdn.shop.krannich-solar.com/media/73/94/9d/1750077343/1754550_6_7_d_8_67d810d839d1927f896783788c93823aa1b689c5_4_20KW.2.jpg.jpg?width=3000"",""has_quantity_discount"":false,""scraped_at"":""2026-07-04T09:57:53.158Z""}"
Krannich Solar;1762757;1762757;MHT-10K-40;Třífázový hybridní střídač (SVT33443);Střídače;Solinteg;25309;21;ks;https://shop.krannich-solar.com/cs-cz/MHT-10K-40/1762757;0 ks na skladě, možné naskladnění: 05.08.2026;"{""categories"":[""Střídače""],""price_raw"":""25 309,00 Kč*"",""price_per_wp_raw"":"""",""price_per_wp_czk_without_vat"":null,""properties"":{""AC jmenovitý výkon (kW)"":""10.00"",""Max. výkon DC generátoru (kWp)"":""16.00"",""Počet nezávislých MPPT (ks)"":""2""},""image_url"":""https://cdn.shop.krannich-solar.com/media/9c/cb/3e/1762249000/1762757_2_5_4_2_254235f1466874d00cb109452eae82498fe46d33_4_20KW.2.jpg.jpg?width=3000"",""has_quantity_discount"":false,""scraped_at"":""2026-07-04T09:58:28.854Z""}"
Krannich Solar;1755315;1755315;MHT-10K-40 5 YEARS;Prodloužení záruky o 5 let;Střídače;Solinteg;2667.5;21;ks;https://shop.krannich-solar.com/cs-cz/MHT-10K-40-5-YEARS/1755315;0 ks na skladě, možné naskladnění: 22.07.2026;"{""categories"":[""Střídače""],""price_raw"":""2 667,50 Kč*"",""price_per_wp_raw"":"""",""price_per_wp_czk_without_vat"":null,""properties"":{},""image_url"":""https://cdn.shop.krannich-solar.com/media/66/1f/23/1750077373/1755315_a_3_0_5_a305173c9859390ddc8cfeb3961cd9b51d902900_Krannich_Icons_Warranty_5.png.png?width=3000"",""has_quantity_discount"":false,""scraped_at"":""2026-07-04T09:58:16.171Z""}"
Krannich Solar;1754551;1754551;MHT-12K-25;Třífázový hybridní střídač (SVT33431);Střídače;Solinteg;23143.47;21;ks;https://shop.krannich-solar.com/cs-cz/MHT-12K-25/1754551;0 ks na skladě, možné naskladnění: 12.08.2026;"{""categories"":[""Střídače""],""price_raw"":""23 143,47 Kč*"",""price_per_wp_raw"":"""",""price_per_wp_czk_without_vat"":null,""properties"":{""AC jmenovitý výkon (kW)"":""12.00"",""Max. výkon DC generátoru (kWp)"":""18.00"",""Počet nezávislých MPPT (ks)"":""2""},""image_url"":""https://cdn.shop.krannich-solar.com/media/bd/28/22/1750077344/1754551_d_3_f_0_d3f0e4d10ffb46fcfa9105c29cb2dd0e37f6796a_4_20KW.2.jpg.jpg?width=3000"",""has_quantity_discount"":false,""scraped_at"":""2026-07-04T10:02:27.116Z""}"
Krannich Solar;1762758;1762758;MHT-12K-40;Třífázový hybridní střídač (SVT33430);Střídače;Solinteg;26310.28;21;ks;https://shop.krannich-solar.com/cs-cz/MHT-12K-40/1762758;0 ks na skladě, možné naskladnění: 05.08.2026;"{""categories"":[""Střídače""],""price_raw"":""26 310,28 Kč*"",""price_per_wp_raw"":"""",""price_per_wp_czk_without_vat"":null,""properties"":{""AC jmenovitý výkon (kW)"":""12.00"",""Max. výkon DC generátoru (kWp)"":""19.20"",""Počet nezávislých MPPT (ks)"":""2""},""image_url"":""https://cdn.shop.krannich-solar.com/media/5b/4e/13/1762249001/1762758_f_5_2_c_f52c4b8ea38070b00978600ab87809d6ca3b551e_4_20KW.2.jpg.jpg?width=3000"",""has_quantity_discount"":false,""scraped_at"":""2026-07-04T09:58:28.854Z""}"
Krannich Solar;1755316;1755316;MHT-12K-40 5 YEARS;Prodloužení záruky o 5 let;Střídače;Solinteg;2667.5;21;ks;https://shop.krannich-solar.com/cs-cz/MHT-12K-40-5-YEARS/1755316;0 ks na skladě, možné naskladnění: 22.07.2026;"{""categories"":[""Střídače""],""price_raw"":""2 667,50 Kč*"",""price_per_wp_raw"":"""",""price_per_wp_czk_without_vat"":null,""properties"":{},""image_url"":""https://cdn.shop.krannich-solar.com/media/d6/df/c4/1750077372/1755316_a_3_0_5_a305173c9859390ddc8cfeb3961cd9b51d902900_Krannich_Icons_Warranty_5.png.png?width=3000"",""has_quantity_discount"":false,""scraped_at"":""2026-07-04T09:58:16.170Z""}"
Krannich Solar;1762759;1762759;MHT-15K-40;Třífázový hybridní střídač (SVT33432);Střídače;Solinteg;29017.31;21;ks;https://shop.krannich-solar.com/cs-cz/MHT-15K-40/1762759;4 ks na skladě, možné naskladnění: 05.08.2026;"{""categories"":[""Střídače""],""price_raw"":""29 017,31 Kč*"",""price_per_wp_raw"":"""",""price_per_wp_czk_without_vat"":null,""properties"":{""AC jmenovitý výkon (kW)"":""15.00"",""Max. výkon DC generátoru (kWp)"":""24.00"",""Počet nezávislých MPPT (ks)"":""2""},""image_url"":""https://cdn.shop.krannich-solar.com/media/ef/1c/05/1762249001/1762759_f_f_e_f_ffef01fa3d2714cbf84c1d7f641fb62332a55acc_4_20KW.2.jpg.jpg?width=3000"",""has_quantity_discount"":false,""scraped_at"":""2026-07-04T09:58:00.764Z""}"
Krannich Solar;1755317;1755317;MHT-15K-40 5 YEARS;Prodloužení záruky o 5 let;Střídače;Solinteg;2667.5;21;ks;https://shop.krannich-solar.com/cs-cz/MHT-15K-40-5-YEARS/1755317;0 ks na skladě, možné naskladnění: 22.07.2026;"{""categories"":[""Střídače""],""price_raw"":""2 667,50 Kč*"",""price_per_wp_raw"":"""",""price_per_wp_czk_without_vat"":null,""properties"":{},""image_url"":""https://cdn.shop.krannich-solar.com/media/de/2a/d1/1750077372/1755317_a_3_0_5_a305173c9859390ddc8cfeb3961cd9b51d902900_Krannich_Icons_Warranty_5.png.png?width=3000"",""has_quantity_discount"":false,""scraped_at"":""2026-07-04T09:58:18.749Z""}"
Krannich Solar;1762760;1762760;MHT-20K-40;Třífázový hybridní střídač (SVT33433);Střídače;Solinteg;31507.79;21;ks;https://shop.krannich-solar.com/cs-cz/MHT-20K-40/1762760;5 ks na skladě, možné naskladnění: 20.07.2026;"{""categories"":[""Střídače""],""price_raw"":""31 507,79 Kč*"",""price_per_wp_raw"":"""",""price_per_wp_czk_without_vat"":null,""properties"":{""AC jmenovitý výkon (kW)"":""20.00"",""Max. výkon DC generátoru (kWp)"":""32.00"",""Počet nezávislých MPPT (ks)"":""2""},""image_url"":""https://cdn.shop.krannich-solar.com/media/87/ba/0d/1762249001/1762760_c_c_a_e_ccae3e487e193770b35a367f914aa7b534b3b951_4_20KW.2.jpg.jpg?width=3000"",""has_quantity_discount"":false,""scraped_at"":""2026-07-04T09:57:58.169Z""}"
Krannich Solar;1755318;1755318;MHT-20K-40 5 YEARS;Prodloužení záruky o 5 let;Střídače;Solinteg;2667.5;21;ks;https://shop.krannich-solar.com/cs-cz/MHT-20K-40-5-YEARS/1755318;1 ks na skladě, možné naskladnění: 09.07.2026;"{""categories"":[""Střídače""],""price_raw"":""2 667,50 Kč*"",""price_per_wp_raw"":"""",""price_per_wp_czk_without_vat"":null,""properties"":{},""image_url"":""https://cdn.shop.krannich-solar.com/media/b5/9a/16/1750077366/1755318_a_3_0_5_a305173c9859390ddc8cfeb3961cd9b51d902900_Krannich_Icons_Warranty_5.png.png?width=3000"",""has_quantity_discount"":false,""scraped_at"":""2026-07-04T09:58:05.988Z""}"
Krannich Solar;1754556;1754556;MHT-25K-100;Třífázový hybridní střídač (SVT34919);Střídače;Solinteg;64964.06;21;ks;https://shop.krannich-solar.com/cs-cz/MHT-25K-100/1754556;13 ks na skladě, možné naskladnění: 05.08.2026;"{""categories"":[""Střídače""],""price_raw"":""64 964,06 Kč*"",""price_per_wp_raw"":"""",""price_per_wp_czk_without_vat"":null,""properties"":{""AC jmenovitý výkon (kW)"":""25.00"",""Max. výkon DC generátoru (kWp)"":""37.50"",""Počet nezávislých MPPT (ks)"":""4""},""image_url"":""https://cdn.shop.krannich-solar.com/media/9f/9c/6f/1750077347/1754556_4_c_7_a_4c7a87b6b7cec4988178e2fcdd9b3f0378c81ba6_25_50kW_3.jpg.jpg?width=3000"",""has_quantity_discount"":false,""scraped_at"":""2026-07-04T09:57:55.667Z""}"
Krannich Solar;1755319;1755319;MHT-25K-100 5 YEARS;Prodloužení záruky o 5 let;Střídače;Solinteg;12804;21;ks;https://shop.krannich-solar.com/cs-cz/MHT-25K-100-5-YEARS/1755319;0 ks na skladě, možné naskladnění: 22.07.2026;"{""categories"":[""Střídače""],""price_raw"":""12 804,00 Kč*"",""price_per_wp_raw"":"""",""price_per_wp_czk_without_vat"":null,""properties"":{},""image_url"":""https://cdn.shop.krannich-solar.com/media/34/b1/75/1750077367/1755319_a_3_0_5_a305173c9859390ddc8cfeb3961cd9b51d902900_Krannich_Icons_Warranty_5.png.png?width=3000"",""has_quantity_discount"":false,""scraped_at"":""2026-07-04T09:58:18.749Z""}"
Krannich Solar;1754557;1754557;MHT-30K-100;Třífázový hybridní střídač (SVT34923);Střídače;Solinteg;67670.84;21;ks;https://shop.krannich-solar.com/cs-cz/MHT-30K-100/1754557;0 ks na skladě, možné naskladnění: 24.07.2026;"{""categories"":[""Střídače""],""price_raw"":""67 670,84 Kč*"",""price_per_wp_raw"":"""",""price_per_wp_czk_without_vat"":null,""properties"":{""AC jmenovitý výkon (kW)"":""30.00"",""Max. výkon DC generátoru (kWp)"":""45.00"",""Počet nezávislých MPPT (ks)"":""4""},""image_url"":""https://cdn.shop.krannich-solar.com/media/1b/16/68/1750077347/1754557_1_a_7_c_1a7c20e878322b67f49e9005edba8713abbba25d_25_50kW_3.jpg.jpg?width=3000"",""has_quantity_discount"":false,""scraped_at"":""2026-07-04T09:58:21.286Z""}"
Krannich Solar;1755320;1755320;MHT-30K-100 5 YEARS;Prodloužení záruky o 5 let;Střídače;Solinteg;12804;21;ks;https://shop.krannich-solar.com/cs-cz/MHT-30K-100-5-YEARS/1755320;0 ks na skladě, možné naskladnění: 22.07.2026;"{""categories"":[""Střídače""],""price_raw"":""12 804,00 Kč*"",""price_per_wp_raw"":"""",""price_per_wp_czk_without_vat"":null,""properties"":{},""image_url"":""https://cdn.shop.krannich-solar.com/media/b2/d7/dd/1750077370/1755320_a_3_0_5_a305173c9859390ddc8cfeb3961cd9b51d902900_Krannich_Icons_Warranty_5.png.png?width=3000"",""has_quantity_discount"":false,""scraped_at"":""2026-07-04T09:58:21.286Z""}"
Krannich Solar;1754559;1754559;MHT-40K-100;Třífázový hybridní střídač (SVT34920);Střídače;Solinteg;71731.02;21;ks;https://shop.krannich-solar.com/cs-cz/MHT-40K-100/1754559;3 ks na skladě, možné naskladnění: 31.07.2026;"{""categories"":[""Střídače""],""price_raw"":""71 731,02 Kč*"",""price_per_wp_raw"":"""",""price_per_wp_czk_without_vat"":null,""properties"":{""AC jmenovitý výkon (kW)"":""40.00"",""Max. výkon DC generátoru (kWp)"":""60.00"",""Počet nezávislých MPPT (ks)"":""4""},""image_url"":""https://cdn.shop.krannich-solar.com/media/7b/ba/27/1750077348/1754559_2_0_d_c_20dc69f47a53c36af62270786fda1d36fc507690_25_50kW_3.jpg.jpg?width=3000"",""has_quantity_discount"":false,""scraped_at"":""2026-07-04T09:58:00.765Z""}"
Krannich Solar;1755322;1755322;MHT-40K-100 5 YEARS;Prodloužení záruky o 5 let;Střídače;Solinteg;14137.75;21;ks;https://shop.krannich-solar.com/cs-cz/MHT-40K-100-5-YEARS/1755322;0 ks na skladě, možné naskladnění: 22.07.2026;"{""categories"":[""Střídače""],""price_raw"":""14 137,75 Kč*"",""price_per_wp_raw"":"""",""price_per_wp_czk_without_vat"":null,""properties"":{},""image_url"":""https://cdn.shop.krannich-solar.com/media/0a/7e/3a/1750077371/1755322_a_3_0_5_a305173c9859390ddc8cfeb3961cd9b51d902900_Krannich_Icons_Warranty_5.png.png?width=3000"",""has_quantity_discount"":false,""scraped_at"":""2026-07-04T09:58:18.750Z""}"
Krannich Solar;1756124;1756124;MHT-4K-25;Třífázový hybridní střídač (SVT33424);Střídače;Solinteg;20057.66;21;ks;https://shop.krannich-solar.com/cs-cz/MHT-4K-25/1756124;0 ks na skladě, možné naskladnění: 16.09.2026;"{""categories"":[""Střídače""],""price_raw"":""20 057,66 Kč*"",""price_per_wp_raw"":"""",""price_per_wp_czk_without_vat"":null,""properties"":{""AC jmenovitý výkon (kW)"":""4.00"",""Max. výkon DC generátoru (kWp)"":""6.00"",""Počet nezávislých MPPT (ks)"":""2""},""image_url"":""https://cdn.shop.krannich-solar.com/media/43/23/38/1750077435/1756124_6_7_d_8_67d810d839d1927f896783788c93823aa1b689c5_4_20KW.2.jpg.jpg?width=3000"",""has_quantity_discount"":false,""scraped_at"":""2026-07-04T10:02:32.036Z""}"
Krannich Solar;1754560;1754560;MHT-50K-100;Třífázový hybridní střídač (SVT34921);Střídače;Solinteg;73084.41;21;ks;https://shop.krannich-solar.com/cs-cz/MHT-50K-100/1754560;14 ks na skladě, možné naskladnění: 31.07.2026;"{""categories"":[""Střídače""],""price_raw"":""73 084,41 Kč*"",""price_per_wp_raw"":"""",""price_per_wp_czk_without_vat"":null,""properties"":{""AC jmenovitý výkon (kW)"":""50.00"",""Max. výkon DC generátoru (kWp)"":""75.00"",""Počet nezávislých MPPT (ks)"":""4""},""image_url"":""https://cdn.shop.krannich-solar.com/media/01/ea/ba/1750077350/1754560_7_9_5_6_7956d7030c7571e2c8145d89aebe2919ffd24280_25_50kW_3.jpg.jpg?width=3000"",""has_quantity_discount"":false,""scraped_at"":""2026-07-04T09:57:55.667Z""}"
Krannich Solar;1755323;1755323;MHT-50K-100 5 YEARS;Prodloužení záruky o 5 let;Střídače;Solinteg;14137.75;21;ks;https://shop.krannich-solar.com/cs-cz/MHT-50K-100-5-YEARS/1755323;0 ks na skladě, možné naskladnění: 22.07.2026;"{""categories"":[""Střídače""],""price_raw"":""14 137,75 Kč*"",""price_per_wp_raw"":"""",""price_per_wp_czk_without_vat"":null,""properties"":{},""image_url"":""https://cdn.shop.krannich-solar.com/media/14/b7/f2/1750077371/1755323_a_3_0_5_a305173c9859390ddc8cfeb3961cd9b51d902900_Krannich_Icons_Warranty_5.png.png?width=3000"",""has_quantity_discount"":false,""scraped_at"":""2026-07-04T09:58:16.171Z""}"
Krannich Solar;1756125;1756125;MHT-5K-25;Třífázový hybridní střídač (SVT33425);Střídače;Solinteg;20680.16;21;ks;https://shop.krannich-solar.com/cs-cz/MHT-5K-25/1756125;0 ks na skladě, možné naskladnění: 16.09.2026;"{""categories"":[""Střídače""],""price_raw"":""20 680,16 Kč*"",""price_per_wp_raw"":"""",""price_per_wp_czk_without_vat"":null,""properties"":{""AC jmenovitý výkon (kW)"":""5.00"",""Max. výkon DC generátoru (kWp)"":""7.50"",""Počet nezávislých MPPT (ks)"":""2""},""image_url"":""https://cdn.shop.krannich-solar.com/media/72/a0/a3/1750077435/1756125_6_7_d_8_67d810d839d1927f896783788c93823aa1b689c5_4_20KW.2.jpg.jpg?width=3000"",""has_quantity_discount"":false,""scraped_at"":""2026-07-04T10:02:32.036Z""}"
Krannich Solar;1756126;1756126;MHT-6K-25;Třífázový hybridní střídač (SVT33426);Střídače;Solinteg;21411.05;21;ks;https://shop.krannich-solar.com/cs-cz/MHT-6K-25/1756126;0 ks na skladě, možné naskladnění: 16.09.2026;"{""categories"":[""Střídače""],""price_raw"":""21 411,05 Kč*"",""price_per_wp_raw"":"""",""price_per_wp_czk_without_vat"":null,""properties"":{""AC jmenovitý výkon (kW)"":""6.00"",""Max. výkon DC generátoru (kWp)"":""9.00"",""Počet nezávislých MPPT (ks)"":""2""},""image_url"":""https://cdn.shop.krannich-solar.com/media/e5/d6/30/1750077436/1756126_6_7_d_8_67d810d839d1927f896783788c93823aa1b689c5_4_20KW.2.jpg.jpg?width=3000"",""has_quantity_discount"":false,""scraped_at"":""2026-07-04T10:02:32.036Z""}"
Krannich Solar;1756127;1756127;MHT-8K-25;Třífázový hybridní střídač (SVT33428);Střídače;Solinteg;22006.63;21;ks;https://shop.krannich-solar.com/cs-cz/MHT-8K-25/1756127;0 ks na skladě, možné naskladnění: 16.09.2026;"{""categories"":[""Střídače""],""price_raw"":""22 006,63 Kč*"",""price_per_wp_raw"":"""",""price_per_wp_czk_without_vat"":null,""properties"":{""AC jmenovitý výkon (kW)"":""8.00"",""Max. výkon DC generátoru (kWp)"":""12.00"",""Počet nezávislých MPPT (ks)"":""2""},""image_url"":""https://cdn.shop.krannich-solar.com/media/b6/3d/16/1750077436/1756127_6_7_d_8_67d810d839d1927f896783788c93823aa1b689c5_4_20KW.2.jpg.jpg?width=3000"",""has_quantity_discount"":false,""scraped_at"":""2026-07-04T10:02:32.036Z""}"
Krannich Solar;1759812;1759812;OGT-10K;Třífázový síťový střídač;Střídače;Solinteg;13074.15;21;ks;https://shop.krannich-solar.com/cs-cz/OGT-10K/1759812;0 ks na skladě, možné naskladnění: 02.09.2026;"{""categories"":[""Střídače""],""price_raw"":""13 074,15 Kč*"",""price_per_wp_raw"":"""",""price_per_wp_czk_without_vat"":null,""properties"":{""AC jmenovitý výkon (kW)"":""10.00"",""Počet nezávislých MPPT (ks)"":""2""},""image_url"":""https://cdn.shop.krannich-solar.com/media/67/f2/19/1774693425/1759812_1_4_5_c_145ca9673cc4d8c1349fd14e7476409117c697bb_det_iv_sog_ogt5_25k.png.png?width=3000"",""has_quantity_discount"":false,""scraped_at"":""2026-07-04T10:02:29.567Z""}"
Krannich Solar;1764133;1764133;OGT-10K PLUS;Třífázový síťový střídač;Střídače;Solinteg;17973.37;21;ks;https://shop.krannich-solar.com/cs-cz/OGT-10K-PLUS/1764133;0 ks na skladě, možné naskladnění: 05.08.2026;"{""categories"":[""Střídače""],""price_raw"":""17 973,37 Kč*"",""price_per_wp_raw"":"""",""price_per_wp_czk_without_vat"":null,""properties"":{""AC jmenovitý výkon (kW)"":""10.00"",""Počet nezávislých MPPT (ks)"":""2""},""image_url"":""https://cdn.shop.krannich-solar.com/media/7e/g0/26/1776266019/1764133_b_e_a_e_beae8ecf459e47f21a3be14a7df531123fe339a5_det_iv_sog_ogt_5_25k_ogt_8_15k_p.png.png?width=3000"",""has_quantity_discount"":false,""scraped_at"":""2026-07-04T09:58:28.853Z""}"
Krannich Solar;1759818;1759818;OGT-20K;Třífázový síťový střídač;Střídače;Solinteg;20003.34;21;ks;https://shop.krannich-solar.com/cs-cz/OGT-20K/1759818;0 ks na skladě, možné naskladnění: 05.08.2026;"{""categories"":[""Střídače""],""price_raw"":""20 003,34 Kč*"",""price_per_wp_raw"":"""",""price_per_wp_czk_without_vat"":null,""properties"":{""AC jmenovitý výkon (kW)"":""20.00"",""Počet nezávislých MPPT (ks)"":""3""},""image_url"":""https://cdn.shop.krannich-solar.com/media/ab/94/7a/1768378019/1759818_1_4_5_c_145ca9673cc4d8c1349fd14e7476409117c697bb_det_iv_sog_ogt5_25k.png.png?width=3000"",""has_quantity_discount"":false,""scraped_at"":""2026-07-04T09:58:28.854Z""}"
Krannich Solar;1759819;1759819;OGT-25K;Třífázový síťový střídač;Střídače;Solinteg;20409.53;21;ks;https://shop.krannich-solar.com/cs-cz/OGT-25K/1759819;0 ks na skladě, možné naskladnění: 05.08.2026;"{""categories"":[""Střídače""],""price_raw"":""20 409,53 Kč*"",""price_per_wp_raw"":"""",""price_per_wp_czk_without_vat"":null,""properties"":{""AC jmenovitý výkon (kW)"":""25.00"",""Počet nezávislých MPPT (ks)"":""3""},""image_url"":""https://cdn.shop.krannich-solar.com/media/b1/5d/89/1750077867/1759819_1_4_5_c_145ca9673cc4d8c1349fd14e7476409117c697bb_det_iv_sog_ogt5_25k.png.png?width=3000"",""has_quantity_discount"":false,""scraped_at"":""2026-07-04T10:02:24.600Z""}"
Krannich Solar;1763936;1763936;RMK-5A;3-F elektroměr pro střídače Solinteg, nepřímé měř.;Střídače;Solinteg;2328;21;ks;https://shop.krannich-solar.com/cs-cz/RMK-5A/1763936;1 ks na skladě, možné naskladnění: 12.08.2026;"{""categories"":[""Střídače""],""price_raw"":""2 328,00 Kč*"",""price_per_wp_raw"":"""",""price_per_wp_czk_without_vat"":null,""properties"":{},""image_url"":""https://cdn.shop.krannich-solar.com/media/3d/bc/6b/1773822115/1763936_0_5_b_9_05b90fd6d1f7e29c7db909d3c76a3b1edb950582_det_ivsa_sog_smart_meter_rmm_rmk_.png.png?width=3000"",""has_quantity_discount"":false,""scraped_at"":""2026-07-04T09:58:05.987Z""}"
Krannich Solar;1755388;1755388;RMM-120;3-F elektroměr pro střídače Solinteg, nepřímé měř.;Střídače;Solinteg;1948.97;21;ks;https://shop.krannich-solar.com/cs-cz/RMM-120/1755388;17 ks na skladě, možné naskladnění: 12.08.2026;"{""categories"":[""Střídače""],""price_raw"":""1 948,97 Kč*"",""price_per_wp_raw"":"""",""price_per_wp_czk_without_vat"":null,""properties"":{},""image_url"":""https://cdn.shop.krannich-solar.com/media/d5/72/42/1750077378/1755388_6_1_0_d_610d572ae07ef1c37bd6d1432b24d570e7dcecff_det_sog_meter_1228.png.png?width=3000"",""has_quantity_discount"":false,""scraped_at"":""2026-07-04T09:57:55.666Z""}"
Krannich Solar;1763397;1763397;RMM-5A;3-F elektroměr pro střídače Solinteg, nepřímé měř.;Střídače;Solinteg;2084.29;21;ks;https://shop.krannich-solar.com/cs-cz/RMM-5A/1763397;2 ks na skladě, možné naskladnění: 12.08.2026;"{""categories"":[""Střídače""],""price_raw"":""2 084,29 Kč*"",""price_per_wp_raw"":"""",""price_per_wp_czk_without_vat"":null,""properties"":{},""image_url"":""https://cdn.shop.krannich-solar.com/media/5e/db/f5/1769605661/1763397_7_5_6_6_7566abf8ab3d076f1e6fd6b4ded37c155119dfd7_det_ivsa_sog_smart_meter_rmm_rmk.png.png?width=3000"",""has_quantity_discount"":false,""scraped_at"":""2026-07-04T09:58:03.332Z""}"
Krannich Solar;1764132;1764132;WIFI LAN R2MD-DUOCOM;Komunikační modul WIFI + LAN ke střídačům Solinteg;Střídače;Solinteg;730.9;21;ks;https://shop.krannich-solar.com/cs-cz/WIFI-LAN-R2MD-DUOCOM/1764132;1 ks na skladě, možné naskladnění: 12.08.2026;"{""categories"":[""Střídače""],""price_raw"":""730,90 Kč*"",""price_per_wp_raw"":"""",""price_per_wp_czk_without_vat"":null,""properties"":{},""image_url"":""https://cdn.shop.krannich-solar.com/media/19/a9/06/1776266019/1764132_7_f_d_5_7fd524b6a4774832bc3fa674ea7b271030a17971_det_iva_sog_r2md_duocom.png.png?width=3000"",""has_quantity_discount"":false,""scraped_at"":""2026-07-04T09:58:05.987Z""}"
Krannich Solar;1754212;1754212;3-PHASE METER DTSU666-20;Measuring transformer 3 x 100A;Střídače;Sungrow;430.44;21;ks;https://shop.krannich-solar.com/cs-cz/3-PHASE-METER-DTSU666-20/1754212;0 ks na skladě, možné naskladnění: 29.07.2026;"{""categories"":[""Střídače""],""price_raw"":""430,44 Kč*"",""price_per_wp_raw"":"""",""price_per_wp_czk_without_vat"":null,""properties"":{},""image_url"":""https://cdn.shop.krannich-solar.com/media/8c/af/b3/1750077334/1754212_9_b_3_d_9b3d66ba1aa111ad5525abc3e8232c9ea7fb5a15_det_ivsa_sung_ct_set_dtsu666_20.jpg.jpg?width=3000"",""has_quantity_discount"":false,""scraped_at"":""2026-07-04T09:58:23.661Z""}"
Krannich Solar;1742163;1742163;COM100E SMART COMMUNICATION BOX;Datalogger ke střídačům Sungrow;Střídače;Sungrow;12890.57;21;ks;https://shop.krannich-solar.com/cs-cz/COM100E-SMART-COMMUNICATION-BOX/1742163;0 ks na skladě, možné naskladnění: 29.07.2026;"{""categories"":[""Střídače""],""price_raw"":""12 890,57 Kč*"",""price_per_wp_raw"":"""",""price_per_wp_czk_without_vat"":null,""properties"":{},""image_url"":""https://cdn.shop.krannich-solar.com/media/ba/80/27/1750077885/1742163_0_5_f_2_05f252808ed7dc0a17f20e65669d2f9d9f5096c1_det_dcl_sung_com100e_smart_communication_box.jpg.jpg?width=3000"",""has_quantity_discount"":false,""scraped_at"":""2026-07-04T09:58:26.204Z""}"
Krannich Solar;1724213;1724213;CT-SET FOR DTSU666-20 (250A);Measuring transformer 3 x 250A;Střídače;Sungrow;753.45;21;ks;https://shop.krannich-solar.com/cs-cz/CT-SET-FOR-DTSU666-20-250A/1724213;0 ks na skladě, možné naskladnění: 29.07.2026;"{""categories"":[""Střídače""],""price_raw"":""753,45 Kč*"",""price_per_wp_raw"":"""",""price_per_wp_czk_without_vat"":null,""properties"":{},""image_url"":""https://cdn.shop.krannich-solar.com/media/d7/17/14/1750077336/1724213_9_b_3_d_9b3d66ba1aa111ad5525abc3e8232c9ea7fb5a15_det_ivsa_sung_ct_set_dtsu666_20.jpg.jpg?width=3000"",""has_quantity_discount"":false,""scraped_at"":""2026-07-04T09:58:26.205Z""}"
Krannich Solar;1757664;1757664;DDSU666 + trafo 100A / 40mA;1-F elektroměr pro střídače Sungrow, nepřímé měř.;Střídače;Sungrow;1372.55;21;ks;https://shop.krannich-solar.com/cs-cz/DDSU666-trafo-100A-40mA/1757664;0 ks na skladě, možné naskladnění: 29.07.2026;"{""categories"":[""Střídače""],""price_raw"":""1 372,55 Kč*"",""price_per_wp_raw"":"""",""price_per_wp_czk_without_vat"":null,""properties"":{},""image_url"":"""",""has_quantity_discount"":false,""scraped_at"":""2026-07-04T09:58:26.205Z""}"
Krannich Solar;1750242;1750242;DTSD1352-C/1(6)A;3-F elektroměr pro střídače Sungrow, nepřímé měř.;Střídače;Sungrow;2126;21;ks;https://shop.krannich-solar.com/cs-cz/DTSD1352-C-1-6-A/1750242;0 ks na skladě, možné naskladnění: 29.07.2026;"{""categories"":[""Střídače""],""price_raw"":""2 126,00 Kč*"",""price_per_wp_raw"":"""",""price_per_wp_czk_without_vat"":null,""properties"":{},""image_url"":""https://cdn.shop.krannich-solar.com/media/e5/20/03/1750173988/1750242_7_1_8_0_718073c7789b68c20449caf5b73a05b2917497b8_det_ivsa_sung_3_phase_meter_dtsd1352_c_1_6_a.jpg.jpg?width=3000"",""has_quantity_discount"":false,""scraped_at"":""2026-07-04T09:58:26.205Z""}"
Krannich Solar;1743118;1743118;DTSU666;3-F elektroměr pro střídače Sungrow, přímé měření;Střídače;Sungrow;3014.03;21;ks;https://shop.krannich-solar.com/cs-cz/DTSU666/1743118;0 ks na skladě, možné naskladnění: 29.07.2026;"{""categories"":[""Střídače""],""price_raw"":""3 014,03 Kč*"",""price_per_wp_raw"":"""",""price_per_wp_czk_without_vat"":null,""properties"":{},""image_url"":""https://cdn.shop.krannich-solar.com/media/b1/8b/bf/1750077932/1743118_9_7_d_2_97d2c495ff51a22d50ea716cea212600f9cca966_det_ivsa_sung_3_phase_meter_dtsu666.jpg.jpg?width=3000"",""has_quantity_discount"":false,""scraped_at"":""2026-07-04T09:58:26.205Z""}"
Krannich Solar;1754200;1754200;DTSU666-20;3-F elektroměr pro střídače Sungrow, nepřímé měř.;Střídače;Sungrow;1910.66;21;ks;https://shop.krannich-solar.com/cs-cz/DTSU666-20/1754200;0 ks na skladě, možné naskladnění: 29.07.2026;"{""categories"":[""Střídače""],""price_raw"":""1 910,66 Kč*"",""price_per_wp_raw"":"""",""price_per_wp_czk_without_vat"":null,""properties"":{},""image_url"":""https://cdn.shop.krannich-solar.com/media/b1/aa/3e/1750077336/1754200_0_5_0_c_050cb141f39e1f8a2443190890ee1aa4f0f7d8ad_det_ivsa_sung_3_phase_meter_dtsu666_20.jpg.jpg?width=3000"",""has_quantity_discount"":false,""scraped_at"":""2026-07-04T09:58:26.204Z""}"
Krannich Solar;1763956;1763956;EMS300CP;Management energie;Střídače;Sungrow;42049.5;21;ks;https://shop.krannich-solar.com/cs-cz/EMS300CP/1763956;0 ks na skladě, možné naskladnění: 29.07.2026;"{""categories"":[""Střídače"",""Baterie""],""price_raw"":""42 049,50 Kč*"",""price_per_wp_raw"":"""",""price_per_wp_czk_without_vat"":null,""properties"":{},""image_url"":""https://cdn.shop.krannich-solar.com/media/c8/b3/cb/1776266592/1763956_2_6_1_c_261c37d407862f7a97fbae4fad87c3e2fa05d61d_det_dcl_sung_logger4000.png.png?width=3000"",""has_quantity_discount"":false,""scraped_at"":""2026-07-04T09:58:23.661Z""}"
Krannich Solar;1758497;1758497;iHomeManager;Rezidenční managment systém;Střídače;Sungrow;3713.65;21;ks;https://shop.krannich-solar.com/cs-cz/iHomeManager/1758497;0 ks na skladě, možné naskladnění: 29.07.2026;"{""categories"":[""Střídače""],""price_raw"":""3 713,65 Kč*"",""price_per_wp_raw"":"""",""price_per_wp_czk_without_vat"":null,""properties"":{},""image_url"":""https://cdn.shop.krannich-solar.com/media/55/db/f1/1750077803/1758497_b_d_6_b_bd6bb0c3380363a7874a100fe273f371f7f830c5_det_dcl_sungrow_ihomemanager.png.png?width=3000"",""has_quantity_discount"":false,""scraped_at"":""2026-07-04T09:58:23.661Z""}"
Krannich Solar;1754420;1754420;LOGGER 1000B;;Střídače;Sungrow;10979.92;21;ks;https://shop.krannich-solar.com/cs-cz/LOGGER-1000B/1754420;4 ks na skladě, možné naskladnění: 29.07.2026;"{""categories"":[""Střídače""],""price_raw"":""10 979,92 Kč*"",""price_per_wp_raw"":"""",""price_per_wp_czk_without_vat"":null,""properties"":{},""image_url"":""https://cdn.shop.krannich-solar.com/media/7c/b0/b0/1750077342/1754420_0_8_f_2_08f2d0fb57eac7069cbfc5514de9870b4601bafe_det_dcl_sung_logger1000.jpg.jpg?width=3000"",""has_quantity_discount"":false,""scraped_at"":""2026-07-04T09:58:00.765Z""}"
Krannich Solar;1757027;1757027;Logger 4000;;Střídače;Sungrow;19161.62;21;ks;https://shop.krannich-solar.com/cs-cz/Logger-4000/1757027;0 ks na skladě, možné naskladnění: 22.07.2026;"{""categories"":[""Střídače""],""price_raw"":""19 161,62 Kč*"",""price_per_wp_raw"":"""",""price_per_wp_czk_without_vat"":null,""properties"":{},""image_url"":""https://cdn.shop.krannich-solar.com/media/a2/4d/0b/1770995319/1757027_7_7_9_2_7792b62541b1e12c0a9a0ed9452a49bcb3a1c86c_det_dcl_sung_logger4000.png.png?width=3000"",""has_quantity_discount"":false,""scraped_at"":""2026-07-04T09:58:13.565Z""}"
Krannich Solar;1743117;1743117;S100;1-F elektroměr pro střídače Sungrow, nepřímé měř.;Střídače;Sungrow;1130.29;21;ks;https://shop.krannich-solar.com/cs-cz/S100/1743117;0 ks na skladě, možné naskladnění: 29.07.2026;"{""categories"":[""Střídače""],""price_raw"":""1 130,29 Kč*"",""price_per_wp_raw"":"""",""price_per_wp_czk_without_vat"":null,""properties"":{},""image_url"":""https://cdn.shop.krannich-solar.com/media/af/88/f0/1750077928/1743117_c_e_8_0_ce804a4aa0bad66cc00975dbd9105b5aaaedb200_det_ivsa_sung_1_phase_meter_s100.jpg.jpg?width=3000"",""has_quantity_discount"":false,""scraped_at"":""2026-07-04T09:58:26.205Z""}"
Krannich Solar;1758962;1758962;SG125CX-P2 V21;FV střídač, 12 MPPT, 3 fáze;Střídače;Sungrow;78716.72;21;ks;https://shop.krannich-solar.com/cs-cz/SG125CX-P2-V21/1758962;0 ks na skladě, možné naskladnění: 29.07.2026;"{""categories"":[""Střídače""],""price_raw"":""78 716,72 Kč*"",""price_per_wp_raw"":"""",""price_per_wp_czk_without_vat"":null,""properties"":{""AC jmenovitý výkon (kW)"":""125.00"",""Max. výkon DC generátoru (kWp)"":""175.00"",""Počet nezávislých MPPT (ks)"":""12""},""image_url"":""https://cdn.shop.krannich-solar.com/media/4e/48/d1/1750077818/1758962_e_a_5_5_ea554642123fe31e330e6f69c5bffdeebfe01a6d_krannich_Image_sungrow_inverter_sg125cx_p2.png.png?width=3000"",""has_quantity_discount"":false,""scraped_at"":""2026-07-04T09:58:26.205Z""}"
Krannich Solar;1762330;1762330;SG150CX-P2;Třífázový síťový střídač;Střídače;Sungrow;111515.33;21;ks;https://shop.krannich-solar.com/cs-cz/SG150CX-P2/1762330;0 ks na skladě, možné naskladnění: 29.07.2026;"{""categories"":[""Střídače""],""price_raw"":""111 515,33 Kč*"",""price_per_wp_raw"":"""",""price_per_wp_czk_without_vat"":null,""properties"":{""AC jmenovitý výkon (kW)"":""150.00"",""Max. výkon DC generátoru (kWp)"":""210.00"",""Počet nezávislých MPPT (ks)"":""7""},""image_url"":""https://cdn.shop.krannich-solar.com/media/2c/89/df/1761811607/1762330_2_0_8_7_208779f4deb910c11f6926387ba6b4a79cac0e41_det_iv_sung_sg150cx_p2.png.png?width=3000"",""has_quantity_discount"":false,""scraped_at"":""2026-07-04T09:58:23.661Z""}"
Krannich Solar;1763250;1763250;SG33CX-P2 V21 (optimizer ready);Třífázový síťový střídač;Střídače;Sungrow;38972.42;21;ks;https://shop.krannich-solar.com/cs-cz/SG33CX-P2-V21-optimizer-ready/1763250;0 ks na skladě, možné naskladnění: 29.07.2026;"{""categories"":[""Střídače""],""price_raw"":""38 972,42 Kč*"",""price_per_wp_raw"":"""",""price_per_wp_czk_without_vat"":null,""properties"":{""AC jmenovitý výkon (kW)"":""33.00"",""Max. výkon DC generátoru (kWp)"":""46.20"",""Počet nezávislých MPPT (ks)"":""3""},""image_url"":""https://cdn.shop.krannich-solar.com/media/g0/a2/6b/1779699081/1763250_4_f_3_5_4f35969d08986c224e45ca3be00a7b8f060477fe_det_iv_sung_sg33cx_p2.jpg.jpg?width=3000"",""has_quantity_discount"":false,""scraped_at"":""2026-07-04T09:58:23.661Z""}"
Krannich Solar;1758882;1758882;SG350HX-20, 350kW;;Střídače;Sungrow;166136.76;21;ks;https://shop.krannich-solar.com/cs-cz/SG350HX-20-350kW/1758882;0 ks na skladě, možné naskladnění: 05.08.2026;"{""categories"":[""Střídače""],""price_raw"":""166 136,76 Kč*"",""price_per_wp_raw"":"""",""price_per_wp_czk_without_vat"":null,""properties"":{""AC jmenovitý výkon (kW)"":""295.00"",""Počet nezávislých MPPT (ks)"":""6""},""image_url"":""https://cdn.shop.krannich-solar.com/media/90/5f/2e/1770995317/1758882_1_4_1_d_141d82b0b8a624eacfbe26e3bbd0210ba87bc291_det_iv_sung_sg350hx_20.png.png?width=3000"",""has_quantity_discount"":false,""scraped_at"":""2026-07-04T09:58:28.854Z""}"
Krannich Solar;1754839;1754839;SG350HX-V114, 350 kW;PV-WR 3-fáze, 12 MPPT, 800 V AC;Střídače;Sungrow;183554.33;21;ks;https://shop.krannich-solar.com/cs-cz/SG350HX-V114-350-kW/1754839;0 ks na skladě, možné naskladnění: 05.08.2026;"{""categories"":[""Střídače""],""price_raw"":""183 554,33 Kč*"",""price_per_wp_raw"":"""",""price_per_wp_czk_without_vat"":null,""properties"":{""AC jmenovitý výkon (kW)"":""295.00"",""Max. výkon DC generátoru (kWp)"":""528.00"",""Počet nezávislých MPPT (ks)"":""12""},""image_url"":""https://cdn.shop.krannich-solar.com/media/c5/94/f6/1751612768/1754839_0_2_2_c_022c05c8d31a051b2eb41dd4018de47244475c8b_det_iv_sung_sg350hx.jpg.jpg?width=3000"",""has_quantity_discount"":false,""scraped_at"":""2026-07-04T10:02:24.600Z""}"
Krannich Solar;1763312;1763312;SG50CX-P2 V21 (optimizer ready);Třífázový síťový střídač;Střídače;Sungrow;44863.23;21;ks;https://shop.krannich-solar.com/cs-cz/SG50CX-P2-V21-optimizer-ready/1763312;0 ks na skladě, možné naskladnění: 14.07.2026;"{""categories"":[""Střídače""],""price_raw"":""44 863,23 Kč*"",""price_per_wp_raw"":"""",""price_per_wp_czk_without_vat"":null,""properties"":{""AC jmenovitý výkon (kW)"":""50.00"",""Max. výkon DC generátoru (kWp)"":""70.00"",""Počet nezávislých MPPT (ks)"":""4""},""image_url"":""https://cdn.shop.krannich-solar.com/media/g0/25/03/1779193350/1763312_f_b_b_f_fbbfb1ccf725113d109bd85542212f74044f550c_det_iv_sung_sg33cx_p2_sc50cx_p2.png.png?width=3000"",""has_quantity_discount"":false,""scraped_at"":""2026-07-04T09:58:11.001Z""}"
Krannich Solar;1754117;1754117;SH10.0RT-V112;Hybridní střídač, 2 MPPT, 3 fáze;Střídače;Sungrow;20406.38;21;ks;https://shop.krannich-solar.com/cs-cz/SH10.0RT-V112/1754117;0 ks na skladě, možné naskladnění: 29.07.2026;"{""categories"":[""Střídače""],""price_raw"":""20 406,38 Kč*"",""price_per_wp_raw"":"""",""price_per_wp_czk_without_vat"":null,""properties"":{""AC jmenovitý výkon (kW)"":""10.00"",""Max. výkon DC generátoru (kWp)"":""15.00"",""Počet nezávislých MPPT (ks)"":""2""},""image_url"":""https://cdn.shop.krannich-solar.com/media/12/13/b8/1750077328/1754117_b_1_1_f_b11f61014011a7497a53e4a35156c0f10529e03c_det_ivh_sung_shx.xrt.jpg.jpg?width=3000"",""has_quantity_discount"":false,""scraped_at"":""2026-07-04T09:58:26.205Z""}"
Krannich Solar;1757880;1757880;SH10T (AFCI);Hybrid WR, 2 MPPT, 3 phase;Střídače;Sungrow;37597.2;21;ks;https://shop.krannich-solar.com/cs-cz/SH10T-AFCI/1757880;4 ks na skladě, možné naskladnění: 29.07.2026;"{""categories"":[""Střídače""],""price_raw"":""37 597,20 Kč*"",""price_per_wp_raw"":"""",""price_per_wp_czk_without_vat"":null,""properties"":{""AC jmenovitý výkon (kW)"":""10.00"",""Max. výkon DC generátoru (kWp)"":""20.00"",""Počet nezávislých MPPT (ks)"":""2""},""image_url"":""https://cdn.shop.krannich-solar.com/media/b9/05/db/1750677987/1757880_b_0_6_9_b069fb46fd1dd043ea3dc8ff744dbcba3ceac68b_det_ivh_sung_sh15_25t.png.png?width=3000"",""has_quantity_discount"":false,""scraped_at"":""2026-07-04T09:58:00.764Z""}"
Krannich Solar;1755758;1755758;SH15T-V11 (AFCI);Hybrid WR, 3 MPPT, 3 phase;Střídače;Sungrow;50281.41;21;ks;https://shop.krannich-solar.com/cs-cz/SH15T-V11-AFCI/1755758;3 ks na skladě, možné naskladnění: 29.07.2026;"{""categories"":[""Střídače""],""price_raw"":""50 281,41 Kč*"",""price_per_wp_raw"":"""",""price_per_wp_czk_without_vat"":null,""properties"":{""AC jmenovitý výkon (kW)"":""15.00"",""Max. výkon DC generátoru (kWp)"":""30.00"",""Počet nezávislých MPPT (ks)"":""3""},""image_url"":""https://cdn.shop.krannich-solar.com/media/90/97/c3/1750077416/1755758_b_0_6_9_b069fb46fd1dd043ea3dc8ff744dbcba3ceac68b_det_ivh_sung_sh15_25t.png.png?width=3000"",""has_quantity_discount"":false,""scraped_at"":""2026-07-04T09:58:03.332Z""}"
Krannich Solar;1755759;1755759;SH20T-V11 (AFCI);Hybrid WR, 3 MPPT, 3 phase;Střídače;Sungrow;55714.14;21;ks;https://shop.krannich-solar.com/cs-cz/SH20T-V11-AFCI/1755759;0 ks na skladě, možné naskladnění: 29.07.2026;"{""categories"":[""Střídače""],""price_raw"":""55 714,14 Kč*"",""price_per_wp_raw"":"""",""price_per_wp_czk_without_vat"":null,""properties"":{""AC jmenovitý výkon (kW)"":""20.00"",""Max. výkon DC generátoru (kWp)"":""40.00"",""Počet nezávislých MPPT (ks)"":""3""},""image_url"":""https://cdn.shop.krannich-solar.com/media/95/91/f0/1750077419/1755759_a_f_8_3_af8379d1d8b6578e0b83b59f909d449a2e0e877f_det_ivh_sung_sh15_25t.png.png?width=3000"",""has_quantity_discount"":false,""scraped_at"":""2026-07-04T09:58:23.661Z""}"
Krannich Solar;1755760;1755760;SH25T-V11 (AFCI);Hybrid WR, 3 MPPT, 3 phase;Střídače;Sungrow;59997.9;21;ks;https://shop.krannich-solar.com/cs-cz/SH25T-V11-AFCI/1755760;0 ks na skladě, možné naskladnění: 29.07.2026;"{""categories"":[""Střídače""],""price_raw"":""59 997,90 Kč*"",""price_per_wp_raw"":"""",""price_per_wp_czk_without_vat"":null,""properties"":{""AC jmenovitý výkon (kW)"":""25.00"",""Max. výkon DC generátoru (kWp)"":""50.00"",""Počet nezávislých MPPT (ks)"":""3""},""image_url"":""https://cdn.shop.krannich-solar.com/media/97/23/7f/1750077411/1755760_d_4_3_7_d437fffdf5a29908d09b530b6651c8fabd17d6a8_det_ivh_sung_sh15_25t.png.png?width=3000"",""has_quantity_discount"":false,""scraped_at"":""2026-07-04T09:58:26.205Z""}"
Krannich Solar;1756359;1756359;WiNet-S2 communication device;;Střídače;Sungrow;1372.55;21;ks;https://shop.krannich-solar.com/cs-cz/WiNet-S2-communication-device/1756359;0 ks na skladě, možné naskladnění: 29.07.2026;"{""categories"":[""Střídače""],""price_raw"":""1 372,55 Kč*"",""price_per_wp_raw"":"""",""price_per_wp_czk_without_vat"":null,""properties"":{},""image_url"":""https://cdn.shop.krannich-solar.com/media/26/55/e7/1750077457/1756359_c_c_7_3_cc7370f1e6bc4e1958cf01dfa7a3975dc7e63aa5_det_dci_sung_winet_s_communication_device.jpg.jpg?width=3000"",""has_quantity_discount"":false,""scraped_at"":""2026-07-04T09:58:26.205Z""}"
Krannich Solar;1743583;1743583;X PLATE FOR SG110/250HX;AC těsnící deska;Střídače;Sungrow;1507.14;21;ks;https://shop.krannich-solar.com/cs-cz/X-PLATE-FOR-SG110-250HX/1743583;0 ks na skladě, možné naskladnění: 29.07.2026;"{""categories"":[""Střídače""],""price_raw"":""1 507,14 Kč*"",""price_per_wp_raw"":"""",""price_per_wp_czk_without_vat"":null,""properties"":{},""image_url"":""https://cdn.shop.krannich-solar.com/media/bd/0e/6b/1750077952/1743583_1_b_8_7_1b876ecbcced07010c20f27569504128c926aa91_det_iva_sung_x_plate_for_sg110_250hx.jpg.jpg?width=3000"",""has_quantity_discount"":false,""scraped_at"":""2026-07-04T09:58:26.205Z""}"
Krannich Solar;1753853;1753853;X PLATE FOR SG125CX-P2;AC sealing plate;Střídače;Sungrow;457.36;21;ks;https://shop.krannich-solar.com/cs-cz/X-PLATE-FOR-SG125CX-P2/1753853;0 ks na skladě, možné naskladnění: 29.07.2026;"{""categories"":[""Střídače""],""price_raw"":""457,36 Kč*"",""price_per_wp_raw"":"""",""price_per_wp_czk_without_vat"":null,""properties"":{},""image_url"":""https://cdn.shop.krannich-solar.com/media/ea/ee/d3/1750077311/1753853_4_a_e_5_4ae50a2b12b0425470caf094a4799691bd57f4db_det_iva_sund_x_plate_for_sg125cx_p2.JPEG.JPEG?width=3000"",""has_quantity_discount"":false,""scraped_at"":""2026-07-04T09:58:26.205Z""}"
Krannich Solar;1743622;1743622;X RACK FOR SG110CX/SG250HX;;Střídače;Sungrow;4359.67;21;ks;https://shop.krannich-solar.com/cs-cz/X-RACK-FOR-SG110CX-SG250HX/1743622;0 ks na skladě, možné naskladnění: 29.07.2026;"{""categories"":[""Střídače""],""price_raw"":""4 359,67 Kč*"",""price_per_wp_raw"":"""",""price_per_wp_czk_without_vat"":null,""properties"":{},""image_url"":""https://cdn.shop.krannich-solar.com/media/g0/28/3d/1750077950/1743622_e_2_4_8_e248edaa33acbd1ec05f44daa3b77c2fed0ca775_det_iva_sung_x_rack.jpg.jpg?width=3000"",""has_quantity_discount"":false,""scraped_at"":""2026-07-04T09:58:26.205Z""}"
Krannich Solar;1754798;1754798;X RACK FOR SG125CX-P2;for horizontal mounting;Střídače;Sungrow;4332.75;21;ks;https://shop.krannich-solar.com/cs-cz/X-RACK-FOR-SG125CX-P2/1754798;0 ks na skladě, možné naskladnění: 29.07.2026;"{""categories"":[""Střídače""],""price_raw"":""4 332,75 Kč*"",""price_per_wp_raw"":"""",""price_per_wp_czk_without_vat"":null,""properties"":{},""image_url"":""https://cdn.shop.krannich-solar.com/media/5f/96/84/1753401296/1754798_9_0_7_6_90760ba43cf1871dea5799f1401ac605d5dd9d33_det_iva_sung_x_rack.jpg.jpg?width=3000"",""has_quantity_discount"":false,""scraped_at"":""2026-07-04T09:58:23.661Z""}"
Krannich Solar;1746548;1746548;X RACK FOR SG33/40/50CX;;Střídače;Sungrow;4359.67;21;ks;https://shop.krannich-solar.com/cs-cz/X-RACK-FOR-SG33-40-50CX/1746548;0 ks na skladě, možné naskladnění: 29.07.2026;"{""categories"":[""Střídače""],""price_raw"":""4 359,67 Kč*"",""price_per_wp_raw"":"""",""price_per_wp_czk_without_vat"":null,""properties"":{},""image_url"":""https://cdn.shop.krannich-solar.com/media/7d/47/c2/1750078056/1746548_e_2_4_8_e248edaa33acbd1ec05f44daa3b77c2fed0ca775_det_iva_sung_x_rack.jpg.jpg?width=3000"",""has_quantity_discount"":false,""scraped_at"":""2026-07-04T09:58:23.661Z""}"
Krannich Solar;1757045;1757045;X-Plate for SG350HX (VPE 5 Sks.);Kabelová průchodka pro 5 vodičů;Střídače;Sungrow;1990.44;21;ks;https://shop.krannich-solar.com/cs-cz/X-Plate-for-SG350HX-VPE-5-Sks./1757045;0 ks na skladě, možné naskladnění: 05.08.2026;"{""categories"":[""Střídače""],""price_raw"":""1 990,44 Kč*"",""price_per_wp_raw"":"""",""price_per_wp_czk_without_vat"":null,""properties"":{},""image_url"":""https://cdn.shop.krannich-solar.com/media/45/44/2c/1751963774/1757045_9_f_d_3_9fd35f30a51f4512de93afbf1f303954acde3267_det_iva_sung_x_plate_for_sg350hx_s_a.png.png?width=3000"",""has_quantity_discount"":false,""scraped_at"":""2026-07-04T10:02:24.600Z""}"